transaction_id,date,product_id,product_name,category,region,units_sold,unit_price,revenue,cost,profit,marketing_spend,customer_id,customer_segment,churn_risk
TX-10001,2024-09-01,PROD-105,Strategic BI Advisory,Advisory,North,1,12000,11935.0,4500,7435.0,1026.39,CUST-558,At-Risk Midmarket,High
TX-10002,2024-09-01,PROD-105,Strategic BI Advisory,Advisory,West,1,12000,12563.89,4500,8063.89,1632.63,CUST-905,At-Risk Midmarket,High
TX-10003,2024-09-01,PROD-102,AI Analytics Engine Pro,Enterprise AI,North,1,8200,8220.3,2100,6120.3,870.67,CUST-660,High-Value Enterprise,Low
TX-10004,2024-09-01,PROD-102,AI Analytics Engine Pro,Enterprise AI,North,1,8200,7864.3,2100,5764.3,920.93,CUST-975,New Startup,Low
TX-10005,2024-09-01,PROD-101,Stratos Enterprise Suite,Cloud Services,North,1,4500,4304.27,1200,3104.27,589.4,CUST-415,Growth SMB,Low
TX-10006,2024-09-01,PROD-102,AI Analytics Engine Pro,Enterprise AI,South,1,8200,7890.07,2100,5790.07,865.62,CUST-134,High-Value Enterprise,Medium
TX-10007,2024-09-02,PROD-102,AI Analytics Engine Pro,Enterprise AI,West,1,8200,7941.58,2100,5841.58,1097.33,CUST-829,Growth SMB,Low
TX-10008,2024-09-02,PROD-102,AI Analytics Engine Pro,Enterprise AI,APAC,1,8200,7950.71,2100,5850.71,657.63,CUST-395,Growth SMB,Medium
TX-10009,2024-09-02,PROD-105,Strategic BI Advisory,Advisory,South,1,12000,11737.12,4500,7237.12,1321.15,CUST-140,At-Risk Midmarket,High
TX-10010,2024-09-02,PROD-105,Strategic BI Advisory,Advisory,Central,2,12000,22813.25,9000,13813.25,2941.26,CUST-692,High-Value Enterprise,Medium
TX-10011,2024-09-02,PROD-103,Legacy Data Server V1,Hardware,Central,1,3100,2980.92,2200,780.92,392.84,CUST-939,High-Value Enterprise,High
TX-10012,2024-09-02,PROD-101,Stratos Enterprise Suite,Cloud Services,North,2,4500,9348.49,2400,6948.49,1012.75,CUST-712,Growth SMB,Medium
TX-10013,2024-09-03,PROD-101,Stratos Enterprise Suite,Cloud Services,West,1,4500,4594.8,1200,3394.8,398.16,CUST-991,High-Value Enterprise,Low
TX-10014,2024-09-03,PROD-101,Stratos Enterprise Suite,Cloud Services,South,2,4500,9230.0,2400,6830.0,865.11,CUST-259,Growth SMB,Low
TX-10015,2024-09-03,PROD-103,Legacy Data Server V1,Hardware,North,1,3100,3215.15,2200,1015.15,412.25,CUST-655,New Startup,High
TX-10016,2024-09-03,PROD-106,Automated ETL Pipeline,Cloud Services,East,2,2900,5642.2,1400,4242.2,595.97,CUST-727,At-Risk Midmarket,High
TX-10017,2024-09-03,PROD-105,Strategic BI Advisory,Advisory,APAC,1,12000,11900.89,4500,7400.89,1110.67,CUST-918,High-Value Enterprise,Low
TX-10018,2024-09-04,PROD-106,Automated ETL Pipeline,Cloud Services,North,1,2900,2828.64,700,2128.64,268.19,CUST-906,Growth SMB,Low
TX-10019,2024-09-04,PROD-101,Stratos Enterprise Suite,Cloud Services,North,2,4500,8579.75,2400,6179.75,864.02,CUST-484,New Startup,Low
TX-10020,2024-09-04,PROD-102,AI Analytics Engine Pro,Enterprise AI,East,1,8200,7856.3,2100,5756.3,802.75,CUST-500,Growth SMB,Medium
TX-10021,2024-09-04,PROD-105,Strategic BI Advisory,Advisory,West,1,12000,11508.35,4500,7008.35,1497.45,CUST-223,Growth SMB,Low
TX-10022,2024-09-04,PROD-105,Strategic BI Advisory,Advisory,APAC,1,12000,12253.38,4500,7753.38,1575.42,CUST-247,Growth SMB,Low
TX-10023,2024-09-05,PROD-101,Stratos Enterprise Suite,Cloud Services,West,1,4500,4428.48,1200,3228.48,384.43,CUST-250,Growth SMB,Low
TX-10024,2024-09-05,PROD-102,AI Analytics Engine Pro,Enterprise AI,South,2,8200,15976.64,4200,11776.64,1367.38,CUST-751,At-Risk Midmarket,High
TX-10025,2024-09-05,PROD-105,Strategic BI Advisory,Advisory,APAC,1,12000,11819.05,4500,7319.05,1460.33,CUST-230,Growth SMB,Medium
TX-10026,2024-09-05,PROD-106,Automated ETL Pipeline,Cloud Services,Central,1,2900,2801.87,700,2101.87,375.21,CUST-951,Growth SMB,Low
TX-10027,2024-09-05,PROD-106,Automated ETL Pipeline,Cloud Services,EMEA,1,2900,2895.83,700,2195.83,309.58,CUST-780,New Startup,Low
TX-10028,2024-09-05,PROD-104,Smart Edge Gateway,Hardware,South,4,1800,6907.45,3800,3107.45,704.99,CUST-474,Growth SMB,Low
TX-10029,2024-09-06,PROD-103,Legacy Data Server V1,Hardware,APAC,1,3100,3123.84,2200,923.84,342.22,CUST-552,Growth SMB,Low
TX-10030,2024-09-06,PROD-104,Smart Edge Gateway,Hardware,North,1,1800,1879.28,950,929.28,257.9,CUST-472,Growth SMB,Medium
TX-10031,2024-09-06,PROD-104,Smart Edge Gateway,Hardware,North,4,1800,7117.27,3800,3317.27,932.85,CUST-355,New Startup,Low
TX-10032,2024-09-06,PROD-102,AI Analytics Engine Pro,Enterprise AI,West,2,8200,16588.61,4200,12388.61,2312.51,CUST-738,New Startup,Low
TX-10033,2024-09-06,PROD-102,AI Analytics Engine Pro,Enterprise AI,South,1,8200,8371.31,2100,6271.31,947.37,CUST-781,At-Risk Midmarket,High
TX-10034,2024-09-06,PROD-102,AI Analytics Engine Pro,Enterprise AI,Central,2,8200,16889.2,4200,12689.2,2009.78,CUST-611,New Startup,Low
TX-10035,2024-09-06,PROD-106,Automated ETL Pipeline,Cloud Services,APAC,1,2900,2922.7,700,2222.7,240.12,CUST-764,Growth SMB,Low
TX-10036,2024-09-07,PROD-106,Automated ETL Pipeline,Cloud Services,West,1,2900,2993.55,700,2293.55,304.18,CUST-543,High-Value Enterprise,Low
TX-10037,2024-09-07,PROD-105,Strategic BI Advisory,Advisory,South,1,12000,12410.43,4500,7910.43,1137.57,CUST-449,New Startup,Low
TX-10038,2024-09-07,PROD-104,Smart Edge Gateway,Hardware,North,1,1800,1781.79,950,831.79,188.89,CUST-157,New Startup,Low
TX-10039,2024-09-07,PROD-105,Strategic BI Advisory,Advisory,North,1,12000,12226.2,4500,7726.2,1020.79,CUST-733,High-Value Enterprise,Low
TX-10040,2024-09-07,PROD-102,AI Analytics Engine Pro,Enterprise AI,South,1,8200,8556.38,2100,6456.38,1012.19,CUST-288,High-Value Enterprise,Medium
TX-10041,2024-09-07,PROD-105,Strategic BI Advisory,Advisory,West,1,12000,11827.17,4500,7327.17,1483.96,CUST-796,Growth SMB,Low
TX-10042,2024-09-07,PROD-104,Smart Edge Gateway,Hardware,North,3,1800,5395.47,2850,2545.47,584.91,CUST-388,High-Value Enterprise,Low
TX-10043,2024-09-08,PROD-102,AI Analytics Engine Pro,Enterprise AI,West,1,8200,8097.18,2100,5997.18,951.84,CUST-541,Growth SMB,Low
TX-10044,2024-09-08,PROD-105,Strategic BI Advisory,Advisory,West,3,12000,37083.42,13500,23583.42,4473.38,CUST-774,Growth SMB,Low
TX-10045,2024-09-08,PROD-101,Stratos Enterprise Suite,Cloud Services,Central,3,4500,13194.85,3600,9594.85,1225.48,CUST-401,At-Risk Midmarket,High
TX-10046,2024-09-08,PROD-102,AI Analytics Engine Pro,Enterprise AI,North,1,8200,8327.69,2100,6227.69,858.78,CUST-701,Growth SMB,Low
TX-10047,2024-09-08,PROD-103,Legacy Data Server V1,Hardware,South,1,3100,3217.02,2200,1017.02,399.25,CUST-376,High-Value Enterprise,High
TX-10048,2024-09-08,PROD-104,Smart Edge Gateway,Hardware,North,3,1800,5549.26,2850,2699.26,557.41,CUST-289,At-Risk Midmarket,High
TX-10049,2024-09-08,PROD-105,Strategic BI Advisory,Advisory,South,1,12000,11853.27,4500,7353.27,1328.27,CUST-695,At-Risk Midmarket,High
TX-10050,2024-09-09,PROD-106,Automated ETL Pipeline,Cloud Services,South,1,2900,3032.98,700,2332.98,396.8,CUST-364,High-Value Enterprise,Low
TX-10051,2024-09-09,PROD-106,Automated ETL Pipeline,Cloud Services,West,1,2900,2781.59,700,2081.59,323.07,CUST-990,Growth SMB,Low
TX-10052,2024-09-09,PROD-105,Strategic BI Advisory,Advisory,Central,1,12000,11993.3,4500,7493.3,1000.88,CUST-322,At-Risk Midmarket,High
TX-10053,2024-09-10,PROD-105,Strategic BI Advisory,Advisory,West,2,12000,24808.71,9000,15808.71,3275.05,CUST-329,Growth SMB,Low
TX-10054,2024-09-10,PROD-105,Strategic BI Advisory,Advisory,South,1,12000,12015.99,4500,7515.99,1129.43,CUST-747,Growth SMB,Low
TX-10055,2024-09-10,PROD-101,Stratos Enterprise Suite,Cloud Services,APAC,2,4500,9187.36,2400,6787.36,1000.5,CUST-975,High-Value Enterprise,Low
TX-10056,2024-09-10,PROD-103,Legacy Data Server V1,Hardware,South,1,3100,3023.64,2200,823.64,315.4,CUST-737,Growth SMB,Low
TX-10057,2024-09-11,PROD-101,Stratos Enterprise Suite,Cloud Services,West,1,4500,4489.97,1200,3289.97,381.53,CUST-216,At-Risk Midmarket,High
TX-10058,2024-09-11,PROD-106,Automated ETL Pipeline,Cloud Services,Central,2,2900,6046.29,1400,4646.29,817.14,CUST-775,New Startup,Low
TX-10059,2024-09-11,PROD-104,Smart Edge Gateway,Hardware,North,1,1800,1889.25,950,939.25,230.14,CUST-358,High-Value Enterprise,Medium
TX-10060,2024-09-11,PROD-101,Stratos Enterprise Suite,Cloud Services,APAC,1,4500,4452.53,1200,3252.53,384.72,CUST-472,New Startup,Low
TX-10061,2024-09-11,PROD-104,Smart Edge Gateway,Hardware,West,1,1800,1774.86,950,824.86,169.67,CUST-601,Growth SMB,Low
TX-10062,2024-09-11,PROD-101,Stratos Enterprise Suite,Cloud Services,South,1,4500,4684.92,1200,3484.92,606.0,CUST-693,At-Risk Midmarket,High
TX-10063,2024-09-11,PROD-103,Legacy Data Server V1,Hardware,West,1,3100,3234.15,2200,1034.15,426.79,CUST-976,Growth SMB,Low
TX-10064,2024-09-12,PROD-102,AI Analytics Engine Pro,Enterprise AI,EMEA,1,8200,8585.33,2100,6485.33,1120.62,CUST-560,High-Value Enterprise,Low
TX-10065,2024-09-12,PROD-101,Stratos Enterprise Suite,Cloud Services,East,1,4500,4664.13,1200,3464.13,600.62,CUST-962,Growth SMB,Medium
TX-10066,2024-09-12,PROD-103,Legacy Data Server V1,Hardware,West,2,3100,6169.34,4400,1769.34,541.36,CUST-150,At-Risk Midmarket,High
TX-10067,2024-09-13,PROD-105,Strategic BI Advisory,Advisory,North,1,12000,11722.41,4500,7222.41,953.4,CUST-349,New Startup,Low
TX-10068,2024-09-13,PROD-106,Automated ETL Pipeline,Cloud Services,Central,2,2900,5969.25,1400,4569.25,688.84,CUST-866,Growth SMB,Low
TX-10069,2024-09-13,PROD-105,Strategic BI Advisory,Advisory,West,1,12000,11563.65,4500,7063.65,935.18,CUST-905,At-Risk Midmarket,High
TX-10070,2024-09-13,PROD-102,AI Analytics Engine Pro,Enterprise AI,West,2,8200,16422.94,4200,12222.94,2086.03,CUST-641,Growth SMB,Low
TX-10071,2024-09-13,PROD-103,Legacy Data Server V1,Hardware,West,1,3100,3206.05,2200,1006.05,404.4,CUST-951,At-Risk Midmarket,High
TX-10072,2024-09-13,PROD-105,Strategic BI Advisory,Advisory,EMEA,1,12000,12160.08,4500,7660.08,1148.02,CUST-982,Growth SMB,Low
TX-10073,2024-09-13,PROD-103,Legacy Data Server V1,Hardware,North,1,3100,3052.16,2200,852.16,408.4,CUST-294,Growth SMB,High
TX-10074,2024-09-14,PROD-105,Strategic BI Advisory,Advisory,North,1,12000,11734.31,4500,7234.31,1063.37,CUST-504,High-Value Enterprise,Low
TX-10075,2024-09-14,PROD-105,Strategic BI Advisory,Advisory,East,1,12000,12004.1,4500,7504.1,1457.58,CUST-172,High-Value Enterprise,Low
TX-10076,2024-09-14,PROD-101,Stratos Enterprise Suite,Cloud Services,West,1,4500,4444.78,1200,3244.78,356.27,CUST-903,Growth SMB,Medium
TX-10077,2024-09-14,PROD-101,Stratos Enterprise Suite,Cloud Services,West,2,4500,9233.96,2400,6833.96,1033.06,CUST-485,New Startup,Medium
TX-10078,2024-09-15,PROD-103,Legacy Data Server V1,Hardware,West,1,3100,3109.96,2200,909.96,268.79,CUST-605,New Startup,Low
TX-10079,2024-09-15,PROD-101,Stratos Enterprise Suite,Cloud Services,West,2,4500,9031.8,2400,6631.8,848.93,CUST-624,High-Value Enterprise,Low
TX-10080,2024-09-15,PROD-104,Smart Edge Gateway,Hardware,South,3,1800,5446.73,2850,2596.73,620.21,CUST-653,Growth SMB,Low
TX-10081,2024-09-15,PROD-106,Automated ETL Pipeline,Cloud Services,APAC,1,2900,2850.8,700,2150.8,387.77,CUST-536,Growth SMB,Low
TX-10082,2024-09-15,PROD-106,Automated ETL Pipeline,Cloud Services,South,1,2900,2988.7,700,2288.7,249.08,CUST-236,Growth SMB,Low
TX-10083,2024-09-16,PROD-105,Strategic BI Advisory,Advisory,EMEA,1,12000,12563.36,4500,8063.36,1657.49,CUST-745,High-Value Enterprise,Medium
TX-10084,2024-09-16,PROD-106,Automated ETL Pipeline,Cloud Services,North,3,2900,8934.46,2100,6834.46,815.02,CUST-217,At-Risk Midmarket,High
TX-10085,2024-09-16,PROD-104,Smart Edge Gateway,Hardware,East,1,1800,1819.91,950,869.91,177.11,CUST-904,Growth SMB,Low
TX-10086,2024-09-16,PROD-104,Smart Edge Gateway,Hardware,South,1,1800,1808.75,950,858.75,204.27,CUST-997,Growth SMB,Low
TX-10087,2024-09-16,PROD-102,AI Analytics Engine Pro,Enterprise AI,North,1,8200,7885.69,2100,5785.69,854.73,CUST-649,High-Value Enterprise,Low
TX-10088,2024-09-17,PROD-105,Strategic BI Advisory,Advisory,Central,1,12000,12277.04,4500,7777.04,1673.37,CUST-687,New Startup,Low
TX-10089,2024-09-17,PROD-101,Stratos Enterprise Suite,Cloud Services,West,1,4500,4632.87,1200,3432.87,426.68,CUST-897,Growth SMB,Medium
TX-10090,2024-09-17,PROD-105,Strategic BI Advisory,Advisory,Central,1,12000,11830.6,4500,7330.6,1569.12,CUST-188,At-Risk Midmarket,High
TX-10091,2024-09-18,PROD-106,Automated ETL Pipeline,Cloud Services,APAC,3,2900,8605.59,2100,6505.59,963.06,CUST-920,Growth SMB,Medium
TX-10092,2024-09-18,PROD-103,Legacy Data Server V1,Hardware,East,1,3100,3171.47,2200,971.47,385.72,CUST-599,Growth SMB,High
TX-10093,2024-09-18,PROD-105,Strategic BI Advisory,Advisory,East,1,12000,12597.23,4500,8097.23,1576.47,CUST-510,At-Risk Midmarket,High
TX-10094,2024-09-18,PROD-101,Stratos Enterprise Suite,Cloud Services,North,3,4500,12974.35,3600,9374.35,1696.88,CUST-315,Growth SMB,Low
TX-10095,2024-09-19,PROD-105,Strategic BI Advisory,Advisory,East,1,12000,12118.13,4500,7618.13,1380.62,CUST-893,Growth SMB,Low
TX-10096,2024-09-19,PROD-105,Strategic BI Advisory,Advisory,Central,1,12000,11672.82,4500,7172.82,1230.5,CUST-445,New Startup,Medium
TX-10097,2024-09-19,PROD-104,Smart Edge Gateway,Hardware,APAC,1,1800,1756.08,950,806.08,216.99,CUST-782,High-Value Enterprise,Medium
TX-10098,2024-09-19,PROD-104,Smart Edge Gateway,Hardware,APAC,1,1800,1827.25,950,877.25,230.74,CUST-898,At-Risk Midmarket,High
TX-10099,2024-09-19,PROD-102,AI Analytics Engine Pro,Enterprise AI,North,1,8200,8479.16,2100,6379.16,1141.64,CUST-868,High-Value Enterprise,Low
TX-10100,2024-09-19,PROD-105,Strategic BI Advisory,Advisory,North,1,12000,11773.73,4500,7273.73,1102.54,CUST-760,High-Value Enterprise,Low
TX-10101,2024-09-19,PROD-105,Strategic BI Advisory,Advisory,South,1,12000,11800.2,4500,7300.2,1225.92,CUST-636,At-Risk Midmarket,High
TX-10102,2024-09-20,PROD-103,Legacy Data Server V1,Hardware,APAC,1,3100,3229.72,2200,1029.72,372.14,CUST-975,Growth SMB,High
TX-10103,2024-09-20,PROD-106,Automated ETL Pipeline,Cloud Services,North,3,2900,8815.07,2100,6715.07,712.13,CUST-568,Growth SMB,Low
TX-10104,2024-09-20,PROD-101,Stratos Enterprise Suite,Cloud Services,EMEA,1,4500,4723.59,1200,3523.59,520.22,CUST-868,High-Value Enterprise,Low
TX-10105,2024-09-20,PROD-106,Automated ETL Pipeline,Cloud Services,West,2,2900,5531.2,1400,4131.2,599.16,CUST-523,High-Value Enterprise,Low
TX-10106,2024-09-21,PROD-106,Automated ETL Pipeline,Cloud Services,West,2,2900,5953.91,1400,4553.91,513.1,CUST-363,Growth SMB,Medium
TX-10107,2024-09-21,PROD-103,Legacy Data Server V1,Hardware,South,1,3100,2952.87,2200,752.87,263.9,CUST-277,Growth SMB,High
TX-10108,2024-09-21,PROD-101,Stratos Enterprise Suite,Cloud Services,West,1,4500,4502.48,1200,3302.48,520.95,CUST-860,Growth SMB,Medium
TX-10109,2024-09-22,PROD-103,Legacy Data Server V1,Hardware,West,1,3100,3020.38,2200,820.38,372.52,CUST-219,High-Value Enterprise,High
TX-10110,2024-09-22,PROD-104,Smart Edge Gateway,Hardware,EMEA,1,1800,1725.65,950,775.65,203.62,CUST-772,High-Value Enterprise,Low
TX-10111,2024-09-22,PROD-103,Legacy Data Server V1,Hardware,North,1,3100,3227.29,2200,1027.29,379.16,CUST-622,New Startup,Low
TX-10112,2024-09-22,PROD-104,Smart Edge Gateway,Hardware,Central,3,1800,5656.26,2850,2806.26,717.13,CUST-692,Growth SMB,Medium
TX-10113,2024-09-22,PROD-103,Legacy Data Server V1,Hardware,APAC,1,3100,2951.97,2200,751.97,283.75,CUST-651,At-Risk Midmarket,High
TX-10114,2024-09-23,PROD-105,Strategic BI Advisory,Advisory,East,1,12000,11906.04,4500,7406.04,1046.98,CUST-128,High-Value Enterprise,Low
TX-10115,2024-09-23,PROD-105,Strategic BI Advisory,Advisory,North,1,12000,12091.82,4500,7591.82,1166.18,CUST-116,New Startup,Low
TX-10116,2024-09-23,PROD-106,Automated ETL Pipeline,Cloud Services,Central,1,2900,2794.7,700,2094.7,374.49,CUST-745,High-Value Enterprise,Medium
TX-10117,2024-09-23,PROD-102,AI Analytics Engine Pro,Enterprise AI,West,1,8200,8539.82,2100,6439.82,897.76,CUST-575,At-Risk Midmarket,High
TX-10118,2024-09-24,PROD-106,Automated ETL Pipeline,Cloud Services,North,1,2900,2929.91,700,2229.91,277.52,CUST-248,High-Value Enterprise,Medium
TX-10119,2024-09-24,PROD-103,Legacy Data Server V1,Hardware,South,1,3100,3120.59,2200,920.59,338.78,CUST-722,At-Risk Midmarket,High
TX-10120,2024-09-24,PROD-106,Automated ETL Pipeline,Cloud Services,North,2,2900,5998.09,1400,4598.09,784.46,CUST-606,Growth SMB,Low
TX-10121,2024-09-24,PROD-102,AI Analytics Engine Pro,Enterprise AI,West,1,8200,8078.26,2100,5978.26,846.34,CUST-160,Growth SMB,Low
TX-10122,2024-09-25,PROD-101,Stratos Enterprise Suite,Cloud Services,South,2,4500,9081.21,2400,6681.21,923.18,CUST-143,At-Risk Midmarket,High
TX-10123,2024-09-25,PROD-103,Legacy Data Server V1,Hardware,APAC,1,3100,3002.39,2200,802.39,337.81,CUST-315,High-Value Enterprise,High
TX-10124,2024-09-25,PROD-105,Strategic BI Advisory,Advisory,Central,1,12000,12576.69,4500,8076.69,1687.81,CUST-367,At-Risk Midmarket,High
TX-10125,2024-09-25,PROD-103,Legacy Data Server V1,Hardware,EMEA,1,3100,3163.73,2200,963.73,428.73,CUST-893,New Startup,High
TX-10126,2024-09-26,PROD-106,Automated ETL Pipeline,Cloud Services,North,1,2900,2877.31,700,2177.31,367.49,CUST-322,At-Risk Midmarket,High
TX-10127,2024-09-26,PROD-106,Automated ETL Pipeline,Cloud Services,North,3,2900,8752.79,2100,6652.79,952.86,CUST-230,Growth SMB,Low
TX-10128,2024-09-26,PROD-102,AI Analytics Engine Pro,Enterprise AI,West,1,8200,8232.38,2100,6132.38,1049.16,CUST-496,High-Value Enterprise,Low
TX-10129,2024-09-26,PROD-105,Strategic BI Advisory,Advisory,West,1,12000,12444.12,4500,7944.12,1011.41,CUST-858,High-Value Enterprise,Low
TX-10130,2024-09-27,PROD-103,Legacy Data Server V1,Hardware,North,1,3100,2972.45,2200,772.45,244.5,CUST-847,High-Value Enterprise,High
TX-10131,2024-09-27,PROD-104,Smart Edge Gateway,Hardware,EMEA,1,1800,1842.76,950,892.76,173.82,CUST-102,At-Risk Midmarket,High
TX-10132,2024-09-27,PROD-105,Strategic BI Advisory,Advisory,South,1,12000,11680.33,4500,7180.33,963.93,CUST-804,Growth SMB,Medium
TX-10133,2024-09-27,PROD-101,Stratos Enterprise Suite,Cloud Services,North,1,4500,4705.39,1200,3505.39,601.72,CUST-479,Growth SMB,Low
TX-10134,2024-09-28,PROD-106,Automated ETL Pipeline,Cloud Services,West,4,2900,11614.72,2800,8814.72,1089.93,CUST-325,High-Value Enterprise,Low
TX-10135,2024-09-28,PROD-101,Stratos Enterprise Suite,Cloud Services,North,1,4500,4711.1,1200,3511.1,626.7,CUST-198,At-Risk Midmarket,High
TX-10136,2024-09-28,PROD-104,Smart Edge Gateway,Hardware,EMEA,3,1800,5570.55,2850,2720.55,520.66,CUST-219,High-Value Enterprise,Medium
TX-10137,2024-09-28,PROD-101,Stratos Enterprise Suite,Cloud Services,West,1,4500,4669.86,1200,3469.86,448.01,CUST-640,Growth SMB,Medium
TX-10138,2024-09-28,PROD-101,Stratos Enterprise Suite,Cloud Services,APAC,3,4500,13166.08,3600,9566.08,1057.3,CUST-350,High-Value Enterprise,Medium
TX-10139,2024-09-29,PROD-102,AI Analytics Engine Pro,Enterprise AI,North,1,8200,8487.99,2100,6387.99,931.21,CUST-323,High-Value Enterprise,Low
TX-10140,2024-09-29,PROD-103,Legacy Data Server V1,Hardware,Central,1,3100,3027.78,2200,827.78,401.84,CUST-246,Growth SMB,High
TX-10141,2024-09-29,PROD-104,Smart Edge Gateway,Hardware,APAC,4,1800,7381.96,3800,3581.96,660.81,CUST-846,New Startup,Medium
TX-10142,2024-09-29,PROD-101,Stratos Enterprise Suite,Cloud Services,North,1,4500,4425.8,1200,3225.8,551.5,CUST-181,At-Risk Midmarket,High
TX-10143,2024-09-30,PROD-102,AI Analytics Engine Pro,Enterprise AI,Central,1,8200,8025.37,2100,5925.37,939.09,CUST-212,Growth SMB,Low
TX-10144,2024-09-30,PROD-102,AI Analytics Engine Pro,Enterprise AI,West,1,8200,8414.04,2100,6314.04,946.38,CUST-323,Growth SMB,Medium
TX-10145,2024-09-30,PROD-104,Smart Edge Gateway,Hardware,West,1,1800,1878.7,950,928.7,227.84,CUST-341,New Startup,Medium
TX-10146,2024-09-30,PROD-101,Stratos Enterprise Suite,Cloud Services,Central,1,4500,4308.61,1200,3108.61,565.05,CUST-369,At-Risk Midmarket,High
TX-10147,2024-09-30,PROD-105,Strategic BI Advisory,Advisory,East,1,12000,11860.33,4500,7360.33,995.53,CUST-132,Growth SMB,Low
TX-10148,2024-09-30,PROD-103,Legacy Data Server V1,Hardware,South,1,3100,3090.25,2200,890.25,422.31,CUST-198,High-Value Enterprise,High
TX-10149,2024-10-01,PROD-105,Strategic BI Advisory,Advisory,South,1,12000,11557.6,4500,7057.6,1526.57,CUST-481,At-Risk Midmarket,High
TX-10150,2024-10-01,PROD-104,Smart Edge Gateway,Hardware,North,5,1800,8838.67,4750,4088.67,1091.27,CUST-261,At-Risk Midmarket,High
TX-10151,2024-10-01,PROD-105,Strategic BI Advisory,Advisory,North,1,12000,11965.84,4500,7465.84,1347.28,CUST-159,New Startup,Low
TX-10152,2024-10-01,PROD-101,Stratos Enterprise Suite,Cloud Services,North,2,4500,9267.12,2400,6867.12,904.93,CUST-635,High-Value Enterprise,Medium
TX-10153,2024-10-01,PROD-103,Legacy Data Server V1,Hardware,North,1,3100,3130.48,2200,930.48,364.51,CUST-951,Growth SMB,High
TX-10154,2024-10-01,PROD-106,Automated ETL Pipeline,Cloud Services,South,2,2900,5761.28,1400,4361.28,801.17,CUST-820,High-Value Enterprise,Low
TX-10155,2024-10-01,PROD-102,AI Analytics Engine Pro,Enterprise AI,West,3,8200,25713.52,6300,19413.52,3457.67,CUST-878,Growth SMB,Low
TX-10156,2024-10-02,PROD-101,Stratos Enterprise Suite,Cloud Services,North,1,4500,4492.06,1200,3292.06,416.06,CUST-772,Growth SMB,Low
TX-10157,2024-10-02,PROD-102,AI Analytics Engine Pro,Enterprise AI,South,1,8200,8077.51,2100,5977.51,662.29,CUST-215,Growth SMB,Low
TX-10158,2024-10-02,PROD-102,AI Analytics Engine Pro,Enterprise AI,EMEA,2,8200,16679.43,4200,12479.43,2286.63,CUST-416,High-Value Enterprise,Medium
TX-10159,2024-10-03,PROD-106,Automated ETL Pipeline,Cloud Services,West,4,2900,11730.22,2800,8930.22,1279.34,CUST-558,Growth SMB,Medium
TX-10160,2024-10-03,PROD-104,Smart Edge Gateway,Hardware,West,1,1800,1739.52,950,789.52,184.94,CUST-111,At-Risk Midmarket,High
TX-10161,2024-10-03,PROD-104,Smart Edge Gateway,Hardware,North,2,1800,3485.56,1900,1585.56,444.0,CUST-794,New Startup,Low
TX-10162,2024-10-04,PROD-102,AI Analytics Engine Pro,Enterprise AI,North,1,8200,8234.83,2100,6134.83,902.51,CUST-813,At-Risk Midmarket,High
TX-10163,2024-10-04,PROD-103,Legacy Data Server V1,Hardware,West,1,3100,3024.88,2200,824.88,325.95,CUST-961,High-Value Enterprise,High
TX-10164,2024-10-04,PROD-102,AI Analytics Engine Pro,Enterprise AI,West,1,8200,8094.25,2100,5994.25,1127.2,CUST-251,Growth SMB,Low
TX-10165,2024-10-04,PROD-103,Legacy Data Server V1,Hardware,West,1,3100,3215.76,2200,1015.76,431.05,CUST-873,Growth SMB,High
TX-10166,2024-10-04,PROD-103,Legacy Data Server V1,Hardware,West,1,3100,3138.12,2200,938.12,369.96,CUST-836,New Startup,Medium
TX-10167,2024-10-04,PROD-106,Automated ETL Pipeline,Cloud Services,North,3,2900,8480.09,2100,6380.09,1121.45,CUST-722,High-Value Enterprise,Low
TX-10168,2024-10-05,PROD-104,Smart Edge Gateway,Hardware,West,2,1800,3656.43,1900,1756.43,363.86,CUST-523,High-Value Enterprise,Low
TX-10169,2024-10-05,PROD-104,Smart Edge Gateway,Hardware,EMEA,1,1800,1740.56,950,790.56,193.53,CUST-877,Growth SMB,Low
TX-10170,2024-10-05,PROD-101,Stratos Enterprise Suite,Cloud Services,East,2,4500,8700.86,2400,6300.86,715.21,CUST-786,High-Value Enterprise,Low
TX-10171,2024-10-06,PROD-101,Stratos Enterprise Suite,Cloud Services,Central,2,4500,8650.73,2400,6250.73,832.07,CUST-741,At-Risk Midmarket,High
TX-10172,2024-10-06,PROD-101,Stratos Enterprise Suite,Cloud Services,East,1,4500,4329.95,1200,3129.95,463.88,CUST-856,New Startup,Low
TX-10173,2024-10-06,PROD-101,Stratos Enterprise Suite,Cloud Services,East,1,4500,4718.98,1200,3518.98,650.78,CUST-910,High-Value Enterprise,Low
TX-10174,2024-10-06,PROD-101,Stratos Enterprise Suite,Cloud Services,West,2,4500,9150.18,2400,6750.18,808.68,CUST-483,New Startup,Low
TX-10175,2024-10-06,PROD-104,Smart Edge Gateway,Hardware,West,2,1800,3662.14,1900,1762.14,390.48,CUST-616,High-Value Enterprise,Medium
TX-10176,2024-10-06,PROD-102,AI Analytics Engine Pro,Enterprise AI,West,1,8200,7990.2,2100,5890.2,1037.55,CUST-402,New Startup,Low
TX-10177,2024-10-06,PROD-104,Smart Edge Gateway,Hardware,North,5,1800,8863.72,4750,4113.72,793.81,CUST-803,At-Risk Midmarket,High
TX-10178,2024-10-07,PROD-101,Stratos Enterprise Suite,Cloud Services,East,4,4500,17688.66,4800,12888.66,2123.62,CUST-553,New Startup,Medium
TX-10179,2024-10-07,PROD-105,Strategic BI Advisory,Advisory,Central,1,12000,12053.39,4500,7553.39,968.44,CUST-754,Growth SMB,Low
TX-10180,2024-10-07,PROD-102,AI Analytics Engine Pro,Enterprise AI,South,1,8200,7984.79,2100,5884.79,817.6,CUST-201,At-Risk Midmarket,High
TX-10181,2024-10-08,PROD-103,Legacy Data Server V1,Hardware,West,1,3100,3062.73,2200,862.73,403.67,CUST-915,At-Risk Midmarket,High
TX-10182,2024-10-08,PROD-102,AI Analytics Engine Pro,Enterprise AI,East,1,8200,8101.76,2100,6001.76,842.01,CUST-392,High-Value Enterprise,Low
TX-10183,2024-10-08,PROD-104,Smart Edge Gateway,Hardware,West,3,1800,5235.72,2850,2385.72,421.23,CUST-914,At-Risk Midmarket,High
TX-10184,2024-10-08,PROD-105,Strategic BI Advisory,Advisory,APAC,1,12000,12521.32,4500,8021.32,1265.87,CUST-901,High-Value Enterprise,Low
TX-10185,2024-10-09,PROD-105,Strategic BI Advisory,Advisory,South,1,12000,11773.57,4500,7273.57,1373.03,CUST-757,Growth SMB,Low
TX-10186,2024-10-09,PROD-105,Strategic BI Advisory,Advisory,East,1,12000,12217.34,4500,7717.34,1110.39,CUST-258,High-Value Enterprise,Medium
TX-10187,2024-10-09,PROD-101,Stratos Enterprise Suite,Cloud Services,West,3,4500,12883.61,3600,9283.61,1520.13,CUST-990,Growth SMB,Low
TX-10188,2024-10-09,PROD-106,Automated ETL Pipeline,Cloud Services,Central,1,2900,2932.18,700,2232.18,306.89,CUST-736,New Startup,Medium
TX-10189,2024-10-09,PROD-101,Stratos Enterprise Suite,Cloud Services,South,2,4500,9150.79,2400,6750.79,784.52,CUST-775,At-Risk Midmarket,High
TX-10190,2024-10-09,PROD-102,AI Analytics Engine Pro,Enterprise AI,East,1,8200,8394.24,2100,6294.24,1106.09,CUST-730,Growth SMB,Low
TX-10191,2024-10-10,PROD-103,Legacy Data Server V1,Hardware,West,1,3100,3066.18,2200,866.18,354.66,CUST-353,Growth SMB,Low
TX-10192,2024-10-10,PROD-105,Strategic BI Advisory,Advisory,West,1,12000,12269.42,4500,7769.42,993.2,CUST-379,Growth SMB,Low
TX-10193,2024-10-10,PROD-103,Legacy Data Server V1,Hardware,West,2,3100,6290.08,4400,1890.08,728.05,CUST-172,Growth SMB,Low
TX-10194,2024-10-10,PROD-101,Stratos Enterprise Suite,Cloud Services,West,2,4500,9126.15,2400,6726.15,878.56,CUST-811,Growth SMB,Low
TX-10195,2024-10-10,PROD-106,Automated ETL Pipeline,Cloud Services,South,1,2900,2864.76,700,2164.76,291.57,CUST-902,Growth SMB,Medium
TX-10196,2024-10-10,PROD-106,Automated ETL Pipeline,Cloud Services,South,1,2900,3033.88,700,2333.88,358.29,CUST-402,Growth SMB,Low
TX-10197,2024-10-10,PROD-102,AI Analytics Engine Pro,Enterprise AI,North,1,8200,8335.23,2100,6235.23,1064.63,CUST-755,Growth SMB,Low
TX-10198,2024-10-11,PROD-103,Legacy Data Server V1,Hardware,North,1,3100,3206.03,2200,1006.03,356.69,CUST-505,New Startup,Medium
TX-10199,2024-10-11,PROD-101,Stratos Enterprise Suite,Cloud Services,West,1,4500,4303.4,1200,3103.4,374.65,CUST-762,Growth SMB,Low
TX-10200,2024-10-11,PROD-102,AI Analytics Engine Pro,Enterprise AI,South,1,8200,8207.97,2100,6107.97,1063.07,CUST-801,Growth SMB,Low
TX-10201,2024-10-11,PROD-104,Smart Edge Gateway,Hardware,APAC,3,1800,5400.62,2850,2550.62,560.75,CUST-777,High-Value Enterprise,Medium
TX-10202,2024-10-11,PROD-103,Legacy Data Server V1,Hardware,West,1,3100,3010.71,2200,810.71,388.76,CUST-498,Growth SMB,High
TX-10203,2024-10-11,PROD-102,AI Analytics Engine Pro,Enterprise AI,North,3,8200,24549.21,6300,18249.21,2426.04,CUST-194,High-Value Enterprise,Low
TX-10204,2024-10-12,PROD-104,Smart Edge Gateway,Hardware,East,1,1800,1776.16,950,826.16,149.36,CUST-636,Growth SMB,Low
TX-10205,2024-10-12,PROD-105,Strategic BI Advisory,Advisory,East,1,12000,11774.18,4500,7274.18,1299.5,CUST-757,New Startup,Low
TX-10206,2024-10-12,PROD-106,Automated ETL Pipeline,Cloud Services,North,2,2900,5837.38,1400,4437.38,534.16,CUST-444,High-Value Enterprise,Low
TX-10207,2024-10-12,PROD-103,Legacy Data Server V1,Hardware,Central,1,3100,3078.4,2200,878.4,277.79,CUST-248,Growth SMB,Low
TX-10208,2024-10-12,PROD-103,Legacy Data Server V1,Hardware,North,1,3100,3015.96,2200,815.96,283.38,CUST-479,At-Risk Midmarket,High
TX-10209,2024-10-12,PROD-104,Smart Edge Gateway,Hardware,North,4,1800,7095.05,3800,3295.05,791.31,CUST-625,At-Risk Midmarket,High
TX-10210,2024-10-12,PROD-105,Strategic BI Advisory,Advisory,South,1,12000,11560.56,4500,7060.56,1215.19,CUST-841,New Startup,Low
TX-10211,2024-10-13,PROD-102,AI Analytics Engine Pro,Enterprise AI,North,1,8200,8474.13,2100,6374.13,997.9,CUST-792,Growth SMB,Medium
TX-10212,2024-10-13,PROD-105,Strategic BI Advisory,Advisory,North,1,12000,12175.31,4500,7675.31,1338.8,CUST-867,Growth SMB,Low
TX-10213,2024-10-13,PROD-102,AI Analytics Engine Pro,Enterprise AI,North,1,8200,8324.4,2100,6224.4,1070.86,CUST-832,New Startup,Low
TX-10214,2024-10-13,PROD-106,Automated ETL Pipeline,Cloud Services,South,1,2900,2784.62,700,2084.62,332.82,CUST-524,New Startup,Low
TX-10215,2024-10-14,PROD-105,Strategic BI Advisory,Advisory,South,1,12000,12337.4,4500,7837.4,1597.79,CUST-858,New Startup,Low
TX-10216,2024-10-14,PROD-103,Legacy Data Server V1,Hardware,East,1,3100,3218.56,2200,1018.56,277.9,CUST-548,High-Value Enterprise,High
TX-10217,2024-10-14,PROD-105,Strategic BI Advisory,Advisory,North,1,12000,12362.56,4500,7862.56,1067.16,CUST-116,At-Risk Midmarket,High
TX-10218,2024-10-14,PROD-105,Strategic BI Advisory,Advisory,East,1,12000,12589.91,4500,8089.91,1740.49,CUST-310,Growth SMB,Low
TX-10219,2024-10-14,PROD-104,Smart Edge Gateway,Hardware,South,2,1800,3572.75,1900,1672.75,303.53,CUST-467,Growth SMB,Medium
TX-10220,2024-10-14,PROD-101,Stratos Enterprise Suite,Cloud Services,EMEA,1,4500,4389.94,1200,3189.94,419.87,CUST-716,At-Risk Midmarket,High
TX-10221,2024-10-15,PROD-101,Stratos Enterprise Suite,Cloud Services,East,3,4500,13637.54,3600,10037.54,1567.57,CUST-450,High-Value Enterprise,Low
TX-10222,2024-10-15,PROD-104,Smart Edge Gateway,Hardware,North,1,1800,1817.74,950,867.74,155.78,CUST-587,High-Value Enterprise,Low
TX-10223,2024-10-15,PROD-104,Smart Edge Gateway,Hardware,South,2,1800,3598.58,1900,1698.58,290.63,CUST-221,High-Value Enterprise,Medium
TX-10224,2024-10-16,PROD-104,Smart Edge Gateway,Hardware,APAC,4,1800,7312.44,3800,3512.44,662.84,CUST-697,Growth SMB,Medium
TX-10225,2024-10-16,PROD-101,Stratos Enterprise Suite,Cloud Services,EMEA,1,4500,4334.28,1200,3134.28,535.54,CUST-382,High-Value Enterprise,Medium
TX-10226,2024-10-16,PROD-103,Legacy Data Server V1,Hardware,North,1,3100,3180.04,2200,980.04,396.25,CUST-614,Growth SMB,Low
TX-10227,2024-10-17,PROD-106,Automated ETL Pipeline,Cloud Services,APAC,1,2900,2888.85,700,2188.85,232.73,CUST-228,Growth SMB,Medium
TX-10228,2024-10-17,PROD-103,Legacy Data Server V1,Hardware,EMEA,1,3100,3193.02,2200,993.02,294.53,CUST-109,High-Value Enterprise,High
TX-10229,2024-10-17,PROD-106,Automated ETL Pipeline,Cloud Services,West,3,2900,8927.06,2100,6827.06,733.08,CUST-308,High-Value Enterprise,Low
TX-10230,2024-10-17,PROD-101,Stratos Enterprise Suite,Cloud Services,EMEA,1,4500,4412.52,1200,3212.52,585.1,CUST-200,Growth SMB,Low
TX-10231,2024-10-17,PROD-105,Strategic BI Advisory,Advisory,West,1,12000,11565.39,4500,7065.39,1385.33,CUST-921,At-Risk Midmarket,High
TX-10232,2024-10-17,PROD-105,Strategic BI Advisory,Advisory,North,1,12000,11865.21,4500,7365.21,1235.64,CUST-682,High-Value Enterprise,Low
TX-10233,2024-10-17,PROD-106,Automated ETL Pipeline,Cloud Services,West,2,2900,5792.23,1400,4392.23,671.68,CUST-258,High-Value Enterprise,Low
TX-10234,2024-10-18,PROD-101,Stratos Enterprise Suite,Cloud Services,West,3,4500,13938.93,3600,10338.93,1550.26,CUST-784,High-Value Enterprise,Low
TX-10235,2024-10-18,PROD-101,Stratos Enterprise Suite,Cloud Services,East,1,4500,4544.2,1200,3344.2,564.12,CUST-924,High-Value Enterprise,Medium
TX-10236,2024-10-18,PROD-105,Strategic BI Advisory,Advisory,North,1,12000,11613.9,4500,7113.9,1407.08,CUST-658,Growth SMB,Medium
TX-10237,2024-10-18,PROD-103,Legacy Data Server V1,Hardware,West,1,3100,3120.32,2200,920.32,433.03,CUST-870,New Startup,Low
TX-10238,2024-10-18,PROD-106,Automated ETL Pipeline,Cloud Services,West,2,2900,6004.58,1400,4604.58,561.62,CUST-680,At-Risk Midmarket,High
TX-10239,2024-10-19,PROD-105,Strategic BI Advisory,Advisory,East,1,12000,12157.4,4500,7657.4,1008.95,CUST-394,Growth SMB,Low
TX-10240,2024-10-19,PROD-101,Stratos Enterprise Suite,Cloud Services,Central,1,4500,4376.35,1200,3176.35,384.6,CUST-668,High-Value Enterprise,Medium
TX-10241,2024-10-19,PROD-101,Stratos Enterprise Suite,Cloud Services,EMEA,1,4500,4401.98,1200,3201.98,421.28,CUST-262,High-Value Enterprise,Low
TX-10242,2024-10-19,PROD-106,Automated ETL Pipeline,Cloud Services,South,3,2900,8689.19,2100,6589.19,712.66,CUST-695,Growth SMB,Low
TX-10243,2024-10-19,PROD-103,Legacy Data Server V1,Hardware,North,1,3100,3052.68,2200,852.68,409.03,CUST-771,Growth SMB,High
TX-10244,2024-10-19,PROD-104,Smart Edge Gateway,Hardware,North,3,1800,5397.02,2850,2547.02,748.96,CUST-680,New Startup,Low
TX-10245,2024-10-19,PROD-102,AI Analytics Engine Pro,Enterprise AI,North,1,8200,8566.57,2100,6466.57,1182.54,CUST-544,Growth SMB,Low
TX-10246,2024-10-20,PROD-105,Strategic BI Advisory,Advisory,South,1,12000,12028.07,4500,7528.07,1045.07,CUST-453,Growth SMB,Low
TX-10247,2024-10-20,PROD-103,Legacy Data Server V1,Hardware,North,1,3100,2970.33,2200,770.33,319.3,CUST-676,At-Risk Midmarket,High
TX-10248,2024-10-20,PROD-102,AI Analytics Engine Pro,Enterprise AI,North,2,8200,16255.3,4200,12055.3,1935.33,CUST-185,New Startup,Low
TX-10249,2024-10-20,PROD-106,Automated ETL Pipeline,Cloud Services,Central,1,2900,2983.02,700,2283.02,274.68,CUST-490,Growth SMB,Medium
TX-10250,2024-10-21,PROD-104,Smart Edge Gateway,Hardware,Central,1,1800,1868.32,950,918.32,247.06,CUST-480,Growth SMB,Low
TX-10251,2024-10-21,PROD-102,AI Analytics Engine Pro,Enterprise AI,Central,1,8200,8071.8,2100,5971.8,782.53,CUST-653,Growth SMB,Low
TX-10252,2024-10-21,PROD-106,Automated ETL Pipeline,Cloud Services,South,1,2900,2882.91,700,2182.91,264.47,CUST-367,Growth SMB,Low
TX-10253,2024-10-21,PROD-104,Smart Edge Gateway,Hardware,Central,3,1800,5417.84,2850,2567.84,484.77,CUST-567,Growth SMB,Low
TX-10254,2024-10-22,PROD-103,Legacy Data Server V1,Hardware,South,1,3100,3102.19,2200,902.19,359.5,CUST-619,New Startup,High
TX-10255,2024-10-22,PROD-104,Smart Edge Gateway,Hardware,Central,3,1800,5529.45,2850,2679.45,548.41,CUST-228,Growth SMB,Low
TX-10256,2024-10-22,PROD-105,Strategic BI Advisory,Advisory,West,1,12000,12458.31,4500,7958.31,1316.21,CUST-346,Growth SMB,Low
TX-10257,2024-10-22,PROD-105,Strategic BI Advisory,Advisory,West,1,12000,11495.29,4500,6995.29,1424.15,CUST-800,Growth SMB,Low
TX-10258,2024-10-23,PROD-104,Smart Edge Gateway,Hardware,APAC,4,1800,7023.11,3800,3223.11,907.07,CUST-687,High-Value Enterprise,Low
TX-10259,2024-10-23,PROD-102,AI Analytics Engine Pro,Enterprise AI,South,1,8200,8379.64,2100,6279.64,881.6,CUST-645,High-Value Enterprise,Low
TX-10260,2024-10-23,PROD-102,AI Analytics Engine Pro,Enterprise AI,West,1,8200,8479.99,2100,6379.99,918.19,CUST-882,At-Risk Midmarket,High
TX-10261,2024-10-24,PROD-103,Legacy Data Server V1,Hardware,North,1,3100,3042.63,2200,842.63,244.11,CUST-146,At-Risk Midmarket,High
TX-10262,2024-10-24,PROD-106,Automated ETL Pipeline,Cloud Services,APAC,3,2900,8711.01,2100,6611.01,856.45,CUST-290,High-Value Enterprise,Low
TX-10263,2024-10-24,PROD-101,Stratos Enterprise Suite,Cloud Services,South,5,4500,23416.19,6000,17416.19,2815.65,CUST-506,At-Risk Midmarket,High
TX-10264,2024-10-24,PROD-103,Legacy Data Server V1,Hardware,North,1,3100,3213.01,2200,1013.01,362.42,CUST-646,Growth SMB,High
TX-10265,2024-10-24,PROD-106,Automated ETL Pipeline,Cloud Services,East,1,2900,3035.21,700,2335.21,266.03,CUST-182,High-Value Enterprise,Medium
TX-10266,2024-10-25,PROD-102,AI Analytics Engine Pro,Enterprise AI,West,2,8200,16610.31,4200,12410.31,1859.7,CUST-886,At-Risk Midmarket,High
TX-10267,2024-10-25,PROD-104,Smart Edge Gateway,Hardware,North,1,1800,1753.54,950,803.54,141.59,CUST-475,At-Risk Midmarket,High
TX-10268,2024-10-25,PROD-104,Smart Edge Gateway,Hardware,South,1,1800,1843.77,950,893.77,152.83,CUST-167,Growth SMB,Medium
TX-10269,2024-10-25,PROD-102,AI Analytics Engine Pro,Enterprise AI,West,1,8200,7854.75,2100,5754.75,741.26,CUST-980,Growth SMB,Low
TX-10270,2024-10-25,PROD-104,Smart Edge Gateway,Hardware,West,2,1800,3719.29,1900,1819.29,431.21,CUST-300,New Startup,Medium
TX-10271,2024-10-26,PROD-103,Legacy Data Server V1,Hardware,Central,1,3100,3105.41,2200,905.41,328.63,CUST-431,New Startup,High
TX-10272,2024-10-26,PROD-106,Automated ETL Pipeline,Cloud Services,Central,4,2900,11835.06,2800,9035.06,1115.41,CUST-554,Growth SMB,Low
TX-10273,2024-10-26,PROD-104,Smart Edge Gateway,Hardware,South,4,1800,7296.55,3800,3496.55,614.78,CUST-764,Growth SMB,Low
TX-10274,2024-10-26,PROD-105,Strategic BI Advisory,Advisory,East,1,12000,11732.18,4500,7232.18,1622.47,CUST-192,High-Value Enterprise,Low
TX-10275,2024-10-26,PROD-103,Legacy Data Server V1,Hardware,North,1,3100,3009.17,2200,809.17,334.0,CUST-148,Growth SMB,Low
TX-10276,2024-10-26,PROD-103,Legacy Data Server V1,Hardware,Central,1,3100,3080.95,2200,880.95,286.87,CUST-717,Growth SMB,Medium
TX-10277,2024-10-27,PROD-105,Strategic BI Advisory,Advisory,South,1,12000,12455.84,4500,7955.84,1426.03,CUST-650,At-Risk Midmarket,High
TX-10278,2024-10-27,PROD-105,Strategic BI Advisory,Advisory,West,1,12000,12515.31,4500,8015.31,1125.28,CUST-267,High-Value Enterprise,Low
TX-10279,2024-10-27,PROD-104,Smart Edge Gateway,Hardware,APAC,1,1800,1763.41,950,813.41,217.09,CUST-349,At-Risk Midmarket,High
TX-10280,2024-10-28,PROD-101,Stratos Enterprise Suite,Cloud Services,West,1,4500,4546.71,1200,3346.71,551.04,CUST-423,High-Value Enterprise,Low
TX-10281,2024-10-28,PROD-104,Smart Edge Gateway,Hardware,South,2,1800,3448.86,1900,1548.86,349.32,CUST-869,High-Value Enterprise,Low
TX-10282,2024-10-28,PROD-101,Stratos Enterprise Suite,Cloud Services,West,2,4500,8654.16,2400,6254.16,772.46,CUST-870,New Startup,Medium
TX-10283,2024-10-28,PROD-103,Legacy Data Server V1,Hardware,West,3,3100,9330.22,6600,2730.22,997.69,CUST-410,Growth SMB,High
TX-10284,2024-10-28,PROD-102,AI Analytics Engine Pro,Enterprise AI,APAC,1,8200,8172.62,2100,6072.62,1054.3,CUST-393,At-Risk Midmarket,High
TX-10285,2024-10-28,PROD-104,Smart Edge Gateway,Hardware,South,1,1800,1807.66,950,857.66,238.08,CUST-129,New Startup,Low
TX-10286,2024-10-28,PROD-102,AI Analytics Engine Pro,Enterprise AI,South,2,8200,17039.03,4200,12839.03,1375.71,CUST-924,Growth SMB,Low
TX-10287,2024-10-29,PROD-101,Stratos Enterprise Suite,Cloud Services,East,1,4500,4565.58,1200,3365.58,377.51,CUST-932,Growth SMB,Low
TX-10288,2024-10-29,PROD-104,Smart Edge Gateway,Hardware,South,1,1800,1779.46,950,829.46,226.89,CUST-494,Growth SMB,Low
TX-10289,2024-10-29,PROD-106,Automated ETL Pipeline,Cloud Services,Central,3,2900,8410.6,2100,6310.6,1163.37,CUST-475,Growth SMB,Medium
TX-10290,2024-10-29,PROD-103,Legacy Data Server V1,Hardware,EMEA,1,3100,2954.6,2200,754.6,305.15,CUST-333,Growth SMB,Low
TX-10291,2024-10-29,PROD-105,Strategic BI Advisory,Advisory,East,1,12000,12547.1,4500,8047.1,1240.13,CUST-186,Growth SMB,Low
TX-10292,2024-10-29,PROD-102,AI Analytics Engine Pro,Enterprise AI,Central,1,8200,8578.13,2100,6478.13,886.71,CUST-208,New Startup,Medium
TX-10293,2024-10-30,PROD-105,Strategic BI Advisory,Advisory,North,1,12000,12314.28,4500,7814.28,1601.09,CUST-998,Growth SMB,Low
TX-10294,2024-10-30,PROD-105,Strategic BI Advisory,Advisory,North,1,12000,11724.3,4500,7224.3,1617.78,CUST-458,High-Value Enterprise,Low
TX-10295,2024-10-30,PROD-101,Stratos Enterprise Suite,Cloud Services,West,2,4500,8911.6,2400,6511.6,1244.33,CUST-863,High-Value Enterprise,Low
TX-10296,2024-10-30,PROD-106,Automated ETL Pipeline,Cloud Services,West,1,2900,2766.44,700,2066.44,300.25,CUST-263,Growth SMB,Medium
TX-10297,2024-10-30,PROD-103,Legacy Data Server V1,Hardware,APAC,1,3100,3214.69,2200,1014.69,282.38,CUST-494,At-Risk Midmarket,High
TX-10298,2024-10-30,PROD-104,Smart Edge Gateway,Hardware,North,1,1800,1884.53,950,934.53,258.08,CUST-765,At-Risk Midmarket,High
TX-10299,2024-10-31,PROD-104,Smart Edge Gateway,Hardware,Central,1,1800,1804.04,950,854.04,205.23,CUST-506,Growth SMB,Low
TX-10300,2024-10-31,PROD-103,Legacy Data Server V1,Hardware,APAC,2,3100,6164.94,4400,1764.94,715.92,CUST-850,Growth SMB,High
TX-10301,2024-10-31,PROD-105,Strategic BI Advisory,Advisory,East,1,12000,11403.8,4500,6903.8,1350.35,CUST-836,New Startup,Medium
TX-10302,2024-10-31,PROD-103,Legacy Data Server V1,Hardware,South,1,3100,3246.18,2200,1046.18,302.69,CUST-819,Growth SMB,High
TX-10303,2024-10-31,PROD-106,Automated ETL Pipeline,Cloud Services,West,1,2900,2841.82,700,2141.82,288.51,CUST-293,At-Risk Midmarket,High
TX-10304,2024-10-31,PROD-101,Stratos Enterprise Suite,Cloud Services,South,1,4500,4724.02,1200,3524.02,569.76,CUST-212,High-Value Enterprise,Low
TX-10305,2024-11-01,PROD-101,Stratos Enterprise Suite,Cloud Services,South,1,4500,4277.55,1200,3077.55,582.71,CUST-287,Growth SMB,Low
TX-10306,2024-11-01,PROD-101,Stratos Enterprise Suite,Cloud Services,Central,1,4500,4494.43,1200,3294.43,380.49,CUST-483,Growth SMB,Low
TX-10307,2024-11-01,PROD-106,Automated ETL Pipeline,Cloud Services,South,4,2900,11137.09,2800,8337.09,1471.62,CUST-165,Growth SMB,Low
TX-10308,2024-11-01,PROD-102,AI Analytics Engine Pro,Enterprise AI,Central,1,8200,7849.78,2100,5749.78,817.73,CUST-210,At-Risk Midmarket,High
TX-10309,2024-11-01,PROD-104,Smart Edge Gateway,Hardware,APAC,1,1800,1757.91,950,807.91,142.96,CUST-330,Growth SMB,Low
TX-10310,2024-11-02,PROD-101,Stratos Enterprise Suite,Cloud Services,West,1,4500,4566.52,1200,3366.52,399.0,CUST-436,New Startup,Medium
TX-10311,2024-11-02,PROD-106,Automated ETL Pipeline,Cloud Services,East,4,2900,11292.2,2800,8492.2,1108.8,CUST-946,At-Risk Midmarket,High
TX-10312,2024-11-02,PROD-106,Automated ETL Pipeline,Cloud Services,West,4,2900,12043.11,2800,9243.11,1558.7,CUST-738,High-Value Enterprise,Low
TX-10313,2024-11-03,PROD-101,Stratos Enterprise Suite,Cloud Services,South,1,4500,4399.28,1200,3199.28,538.55,CUST-442,High-Value Enterprise,Low
TX-10314,2024-11-03,PROD-101,Stratos Enterprise Suite,Cloud Services,South,1,4500,4693.9,1200,3493.9,608.34,CUST-718,New Startup,Low
TX-10315,2024-11-03,PROD-103,Legacy Data Server V1,Hardware,APAC,2,3100,6123.93,4400,1723.93,833.95,CUST-790,Growth SMB,Low
TX-10316,2024-11-03,PROD-102,AI Analytics Engine Pro,Enterprise AI,West,2,8200,15996.94,4200,11796.94,2120.09,CUST-200,New Startup,Medium
TX-10317,2024-11-03,PROD-104,Smart Edge Gateway,Hardware,North,2,1800,3648.36,1900,1748.36,510.65,CUST-200,At-Risk Midmarket,High
TX-10318,2024-11-03,PROD-106,Automated ETL Pipeline,Cloud Services,EMEA,2,2900,5723.85,1400,4323.85,584.91,CUST-991,Growth SMB,Medium
TX-10319,2024-11-04,PROD-102,AI Analytics Engine Pro,Enterprise AI,West,1,8200,8503.21,2100,6403.21,1052.95,CUST-199,Growth SMB,Low
TX-10320,2024-11-04,PROD-105,Strategic BI Advisory,Advisory,North,1,12000,12284.52,4500,7784.52,1701.11,CUST-248,Growth SMB,Low
TX-10321,2024-11-04,PROD-106,Automated ETL Pipeline,Cloud Services,North,1,2900,2771.85,700,2071.85,240.29,CUST-749,New Startup,Low
TX-10322,2024-11-04,PROD-105,Strategic BI Advisory,Advisory,West,2,12000,25077.23,9000,16077.23,2053.46,CUST-486,High-Value Enterprise,Low
TX-10323,2024-11-04,PROD-101,Stratos Enterprise Suite,Cloud Services,APAC,2,4500,8907.88,2400,6507.88,1120.06,CUST-218,Growth SMB,Medium
TX-10324,2024-11-04,PROD-101,Stratos Enterprise Suite,Cloud Services,East,1,4500,4282.63,1200,3082.63,540.51,CUST-833,New Startup,Low
TX-10325,2024-11-04,PROD-105,Strategic BI Advisory,Advisory,South,1,12000,12327.77,4500,7827.77,1369.34,CUST-855,High-Value Enterprise,Low
TX-10326,2024-11-05,PROD-103,Legacy Data Server V1,Hardware,West,1,3100,3114.56,2200,914.56,404.23,CUST-828,Growth SMB,Low
TX-10327,2024-11-05,PROD-103,Legacy Data Server V1,Hardware,South,1,3100,3021.45,2200,821.45,329.47,CUST-178,High-Value Enterprise,Low
TX-10328,2024-11-05,PROD-104,Smart Edge Gateway,Hardware,EMEA,5,1800,8879.11,4750,4129.11,830.4,CUST-591,New Startup,Low
TX-10329,2024-11-05,PROD-101,Stratos Enterprise Suite,Cloud Services,West,1,4500,4640.01,1200,3440.01,548.25,CUST-962,At-Risk Midmarket,High
TX-10330,2024-11-05,PROD-104,Smart Edge Gateway,Hardware,West,4,1800,6883.65,3800,3083.65,835.68,CUST-893,At-Risk Midmarket,High
TX-10331,2024-11-05,PROD-101,Stratos Enterprise Suite,Cloud Services,EMEA,1,4500,4462.04,1200,3262.04,437.79,CUST-837,Growth SMB,Low
TX-10332,2024-11-06,PROD-102,AI Analytics Engine Pro,Enterprise AI,West,1,8200,8451.71,2100,6351.71,909.23,CUST-813,High-Value Enterprise,Low
TX-10333,2024-11-06,PROD-106,Automated ETL Pipeline,Cloud Services,West,4,2900,12174.18,2800,9374.18,1359.05,CUST-962,New Startup,Low
TX-10334,2024-11-06,PROD-106,Automated ETL Pipeline,Cloud Services,North,4,2900,11274.18,2800,8474.18,1212.4,CUST-373,Growth SMB,Low
TX-10335,2024-11-06,PROD-106,Automated ETL Pipeline,Cloud Services,West,4,2900,12133.76,2800,9333.76,1350.34,CUST-549,New Startup,Medium
TX-10336,2024-11-06,PROD-105,Strategic BI Advisory,Advisory,APAC,1,12000,11678.45,4500,7178.45,1255.36,CUST-692,At-Risk Midmarket,High
TX-10337,2024-11-06,PROD-103,Legacy Data Server V1,Hardware,EMEA,1,3100,3203.98,2200,1003.98,407.11,CUST-611,At-Risk Midmarket,High
TX-10338,2024-11-06,PROD-104,Smart Edge Gateway,Hardware,South,1,1800,1862.65,950,912.65,230.47,CUST-702,Growth SMB,Low
TX-10339,2024-11-07,PROD-101,Stratos Enterprise Suite,Cloud Services,East,1,4500,4680.62,1200,3480.62,417.64,CUST-346,New Startup,Medium
TX-10340,2024-11-07,PROD-103,Legacy Data Server V1,Hardware,East,1,3100,3141.99,2200,941.99,268.46,CUST-705,Growth SMB,High
TX-10341,2024-11-07,PROD-101,Stratos Enterprise Suite,Cloud Services,East,4,4500,17848.09,4800,13048.09,2335.18,CUST-868,Growth SMB,Low
TX-10342,2024-11-07,PROD-105,Strategic BI Advisory,Advisory,EMEA,1,12000,11674.43,4500,7174.43,1603.82,CUST-377,High-Value Enterprise,Medium
TX-10343,2024-11-07,PROD-105,Strategic BI Advisory,Advisory,South,1,12000,11913.0,4500,7413.0,1186.3,CUST-982,Growth SMB,Low
TX-10344,2024-11-08,PROD-102,AI Analytics Engine Pro,Enterprise AI,APAC,2,8200,15915.68,4200,11715.68,1837.75,CUST-652,Growth SMB,Low
TX-10345,2024-11-08,PROD-106,Automated ETL Pipeline,Cloud Services,North,1,2900,3027.83,700,2327.83,334.32,CUST-806,High-Value Enterprise,Low
TX-10346,2024-11-08,PROD-103,Legacy Data Server V1,Hardware,Central,1,3100,3147.94,2200,947.94,280.47,CUST-532,Growth SMB,High
TX-10347,2024-11-08,PROD-104,Smart Edge Gateway,Hardware,East,1,1800,1847.8,950,897.8,147.83,CUST-860,High-Value Enterprise,Low
TX-10348,2024-11-08,PROD-106,Automated ETL Pipeline,Cloud Services,North,1,2900,2843.14,700,2143.14,266.76,CUST-790,New Startup,Low
TX-10349,2024-11-08,PROD-104,Smart Edge Gateway,Hardware,EMEA,4,1800,7058.11,3800,3258.11,702.41,CUST-636,High-Value Enterprise,Low
TX-10350,2024-11-09,PROD-106,Automated ETL Pipeline,Cloud Services,North,2,2900,5952.24,1400,4552.24,669.91,CUST-852,Growth SMB,Low
TX-10351,2024-11-09,PROD-102,AI Analytics Engine Pro,Enterprise AI,West,4,8200,32030.27,8400,23630.27,3718.5,CUST-535,High-Value Enterprise,Low
TX-10352,2024-11-09,PROD-103,Legacy Data Server V1,Hardware,Central,1,3100,3102.76,2200,902.76,316.97,CUST-588,High-Value Enterprise,High
TX-10353,2024-11-09,PROD-102,AI Analytics Engine Pro,Enterprise AI,West,2,8200,16775.53,4200,12575.53,2209.36,CUST-692,At-Risk Midmarket,High
TX-10354,2024-11-09,PROD-102,AI Analytics Engine Pro,Enterprise AI,Central,1,8200,8065.2,2100,5965.2,1118.74,CUST-614,High-Value Enterprise,Low
TX-10355,2024-11-10,PROD-104,Smart Edge Gateway,Hardware,West,1,1800,1796.85,950,846.85,198.37,CUST-963,Growth SMB,Medium
TX-10356,2024-11-10,PROD-102,AI Analytics Engine Pro,Enterprise AI,North,1,8200,8443.99,2100,6343.99,987.56,CUST-773,At-Risk Midmarket,High
TX-10357,2024-11-10,PROD-105,Strategic BI Advisory,Advisory,North,1,12000,12247.43,4500,7747.43,1372.42,CUST-267,Growth SMB,Low
TX-10358,2024-11-11,PROD-105,Strategic BI Advisory,Advisory,West,1,12000,12360.0,4500,7860.0,1398.69,CUST-815,New Startup,Low
TX-10359,2024-11-11,PROD-103,Legacy Data Server V1,Hardware,APAC,1,3100,3034.91,2200,834.91,401.47,CUST-982,High-Value Enterprise,High
TX-10360,2024-11-11,PROD-106,Automated ETL Pipeline,Cloud Services,West,2,2900,5900.93,1400,4500.93,490.43,CUST-212,Growth SMB,Low
TX-10361,2024-11-12,PROD-103,Legacy Data Server V1,Hardware,North,1,3100,3217.18,2200,1017.18,374.26,CUST-987,Growth SMB,High
TX-10362,2024-11-12,PROD-106,Automated ETL Pipeline,Cloud Services,North,1,2900,2814.57,700,2114.57,289.58,CUST-388,Growth SMB,Low
TX-10363,2024-11-12,PROD-106,Automated ETL Pipeline,Cloud Services,West,5,2900,15139.85,3500,11639.85,2042.12,CUST-491,High-Value Enterprise,Low
TX-10364,2024-11-12,PROD-105,Strategic BI Advisory,Advisory,EMEA,1,12000,12574.75,4500,8074.75,1425.09,CUST-181,High-Value Enterprise,Medium
TX-10365,2024-11-12,PROD-101,Stratos Enterprise Suite,Cloud Services,North,1,4500,4547.47,1200,3347.47,504.8,CUST-902,Growth SMB,Low
TX-10366,2024-11-12,PROD-104,Smart Edge Gateway,Hardware,East,1,1800,1817.16,950,867.16,164.14,CUST-594,At-Risk Midmarket,High
TX-10367,2024-11-12,PROD-106,Automated ETL Pipeline,Cloud Services,North,2,2900,5830.96,1400,4430.96,690.96,CUST-934,Growth SMB,Low
TX-10368,2024-11-13,PROD-102,AI Analytics Engine Pro,Enterprise AI,East,1,8200,7994.61,2100,5894.61,640.54,CUST-551,At-Risk Midmarket,High
TX-10369,2024-11-13,PROD-101,Stratos Enterprise Suite,Cloud Services,North,1,4500,4697.58,1200,3497.58,377.69,CUST-347,Growth SMB,Low
TX-10370,2024-11-13,PROD-102,AI Analytics Engine Pro,Enterprise AI,South,1,8200,8557.74,2100,6457.74,962.91,CUST-182,High-Value Enterprise,Medium
TX-10371,2024-11-13,PROD-104,Smart Edge Gateway,Hardware,West,1,1800,1829.7,950,879.7,201.05,CUST-894,Growth SMB,Low
TX-10372,2024-11-13,PROD-103,Legacy Data Server V1,Hardware,APAC,2,3100,6207.89,4400,1807.89,659.92,CUST-347,High-Value Enterprise,Low
TX-10373,2024-11-14,PROD-102,AI Analytics Engine Pro,Enterprise AI,West,2,8200,17074.89,4200,12874.89,1396.22,CUST-836,High-Value Enterprise,Low
TX-10374,2024-11-14,PROD-105,Strategic BI Advisory,Advisory,North,1,12000,11909.73,4500,7409.73,1106.66,CUST-260,New Startup,Low
TX-10375,2024-11-14,PROD-102,AI Analytics Engine Pro,Enterprise AI,South,1,8200,8194.67,2100,6094.67,794.87,CUST-603,Growth SMB,Low
TX-10376,2024-11-15,PROD-106,Automated ETL Pipeline,Cloud Services,West,1,2900,2862.62,700,2162.62,387.16,CUST-489,At-Risk Midmarket,High
TX-10377,2024-11-15,PROD-103,Legacy Data Server V1,Hardware,East,1,3100,3222.56,2200,1022.56,386.67,CUST-667,Growth SMB,High
TX-10378,2024-11-15,PROD-102,AI Analytics Engine Pro,Enterprise AI,West,1,8200,8152.89,2100,6052.89,969.86,CUST-648,High-Value Enterprise,Medium
TX-10379,2024-11-15,PROD-102,AI Analytics Engine Pro,Enterprise AI,Central,1,8200,8036.86,2100,5936.86,885.32,CUST-672,Growth SMB,Low
TX-10380,2024-11-16,PROD-104,Smart Edge Gateway,Hardware,North,2,1800,3477.42,1900,1577.42,311.67,CUST-744,At-Risk Midmarket,High
TX-10381,2024-11-16,PROD-101,Stratos Enterprise Suite,Cloud Services,North,4,4500,17620.54,4800,12820.54,1737.18,CUST-543,At-Risk Midmarket,High
TX-10382,2024-11-16,PROD-103,Legacy Data Server V1,Hardware,East,1,3100,3054.67,2200,854.67,396.23,CUST-252,Growth SMB,High
TX-10383,2024-11-16,PROD-106,Automated ETL Pipeline,Cloud Services,APAC,1,2900,2901.63,700,2201.63,395.98,CUST-196,New Startup,Low
TX-10384,2024-11-16,PROD-105,Strategic BI Advisory,Advisory,South,1,12000,11632.64,4500,7132.64,1530.03,CUST-525,Growth SMB,Medium
TX-10385,2024-11-16,PROD-104,Smart Edge Gateway,Hardware,APAC,2,1800,3662.51,1900,1762.51,332.39,CUST-657,At-Risk Midmarket,High
TX-10386,2024-11-17,PROD-105,Strategic BI Advisory,Advisory,North,1,12000,12017.92,4500,7517.92,1077.79,CUST-388,High-Value Enterprise,Low
TX-10387,2024-11-17,PROD-106,Automated ETL Pipeline,Cloud Services,North,1,2900,2785.55,700,2085.55,260.01,CUST-812,New Startup,Low
TX-10388,2024-11-17,PROD-103,Legacy Data Server V1,Hardware,South,1,3100,3017.6,2200,817.6,281.16,CUST-511,High-Value Enterprise,High
TX-10389,2024-11-17,PROD-103,Legacy Data Server V1,Hardware,West,1,3100,3112.68,2200,912.68,379.08,CUST-274,Growth SMB,High
TX-10390,2024-11-17,PROD-105,Strategic BI Advisory,Advisory,East,1,12000,12039.0,4500,7539.0,1046.47,CUST-532,Growth SMB,Low
TX-10391,2024-11-17,PROD-105,Strategic BI Advisory,Advisory,South,1,12000,11870.23,4500,7370.23,1587.53,CUST-106,High-Value Enterprise,Medium
TX-10392,2024-11-18,PROD-101,Stratos Enterprise Suite,Cloud Services,North,1,4500,4488.41,1200,3288.41,510.07,CUST-728,At-Risk Midmarket,High
TX-10393,2024-11-18,PROD-103,Legacy Data Server V1,Hardware,West,1,3100,3169.27,2200,969.27,355.4,CUST-932,Growth SMB,High
TX-10394,2024-11-18,PROD-106,Automated ETL Pipeline,Cloud Services,Central,2,2900,5616.4,1400,4216.4,737.42,CUST-528,Growth SMB,Low
TX-10395,2024-11-18,PROD-103,Legacy Data Server V1,Hardware,North,2,3100,5931.52,4400,1531.52,786.76,CUST-815,Growth SMB,Medium
TX-10396,2024-11-18,PROD-104,Smart Edge Gateway,Hardware,East,4,1800,7518.63,3800,3718.63,620.82,CUST-422,New Startup,Low
TX-10397,2024-11-18,PROD-106,Automated ETL Pipeline,Cloud Services,West,2,2900,5536.29,1400,4136.29,559.15,CUST-195,Growth SMB,Low
TX-10398,2024-11-18,PROD-103,Legacy Data Server V1,Hardware,Central,1,3100,3140.92,2200,940.92,269.25,CUST-603,At-Risk Midmarket,High
TX-10399,2024-11-19,PROD-104,Smart Edge Gateway,Hardware,Central,5,1800,9154.04,4750,4404.04,1073.11,CUST-640,Growth SMB,Low
TX-10400,2024-11-19,PROD-104,Smart Edge Gateway,Hardware,North,6,1800,10885.11,5700,5185.11,1283.83,CUST-943,New Startup,Low
TX-10401,2024-11-19,PROD-105,Strategic BI Advisory,Advisory,West,1,12000,11622.45,4500,7122.45,1348.04,CUST-485,Growth SMB,Low
TX-10402,2024-11-20,PROD-102,AI Analytics Engine Pro,Enterprise AI,East,1,8200,8360.85,2100,6260.85,860.9,CUST-957,High-Value Enterprise,Low
TX-10403,2024-11-20,PROD-106,Automated ETL Pipeline,Cloud Services,Central,4,2900,11396.43,2800,8596.43,1096.0,CUST-255,Growth SMB,Low
TX-10404,2024-11-20,PROD-106,Automated ETL Pipeline,Cloud Services,North,4,2900,11902.59,2800,9102.59,1086.27,CUST-439,Growth SMB,Medium
TX-10405,2024-11-20,PROD-104,Smart Edge Gateway,Hardware,South,1,1800,1756.72,950,806.72,144.09,CUST-504,Growth SMB,Medium
TX-10406,2024-11-20,PROD-105,Strategic BI Advisory,Advisory,West,1,12000,11641.28,4500,7141.28,1290.46,CUST-866,New Startup,Medium
TX-10407,2024-11-20,PROD-105,Strategic BI Advisory,Advisory,Central,1,12000,12092.04,4500,7592.04,1016.16,CUST-787,At-Risk Midmarket,High
TX-10408,2024-11-21,PROD-104,Smart Edge Gateway,Hardware,APAC,2,1800,3587.7,1900,1687.7,409.97,CUST-499,New Startup,Low
TX-10409,2024-11-21,PROD-101,Stratos Enterprise Suite,Cloud Services,EMEA,2,4500,8622.2,2400,6222.2,851.29,CUST-697,New Startup,Low
TX-10410,2024-11-21,PROD-106,Automated ETL Pipeline,Cloud Services,APAC,1,2900,2903.37,700,2203.37,233.2,CUST-614,At-Risk Midmarket,High
TX-10411,2024-11-21,PROD-105,Strategic BI Advisory,Advisory,APAC,1,12000,12588.81,4500,8088.81,1578.68,CUST-782,Growth SMB,Low
TX-10412,2024-11-21,PROD-105,Strategic BI Advisory,Advisory,South,1,12000,12513.82,4500,8013.82,1698.73,CUST-794,High-Value Enterprise,Low
TX-10413,2024-11-22,PROD-105,Strategic BI Advisory,Advisory,EMEA,1,12000,12365.3,4500,7865.3,1519.77,CUST-113,New Startup,Low
TX-10414,2024-11-22,PROD-103,Legacy Data Server V1,Hardware,Central,1,3100,3231.76,2200,1031.76,381.02,CUST-442,Growth SMB,High
TX-10415,2024-11-22,PROD-101,Stratos Enterprise Suite,Cloud Services,West,1,4500,4561.17,1200,3361.17,528.9,CUST-754,Growth SMB,Low
TX-10416,2024-11-22,PROD-106,Automated ETL Pipeline,Cloud Services,East,2,2900,5961.88,1400,4561.88,695.05,CUST-142,At-Risk Midmarket,High
TX-10417,2024-11-22,PROD-104,Smart Edge Gateway,Hardware,East,8,1800,13793.12,7600,6193.12,1716.33,CUST-975,At-Risk Midmarket,High
TX-10418,2024-11-23,PROD-106,Automated ETL Pipeline,Cloud Services,West,2,2900,5652.85,1400,4252.85,686.49,CUST-846,High-Value Enterprise,Low
TX-10419,2024-11-23,PROD-105,Strategic BI Advisory,Advisory,EMEA,1,12000,12360.09,4500,7860.09,1644.82,CUST-172,At-Risk Midmarket,High
TX-10420,2024-11-23,PROD-103,Legacy Data Server V1,Hardware,North,1,3100,3136.89,2200,936.89,428.02,CUST-984,High-Value Enterprise,Low
TX-10421,2024-11-23,PROD-105,Strategic BI Advisory,Advisory,EMEA,2,12000,23725.43,9000,14725.43,1999.15,CUST-463,At-Risk Midmarket,High
TX-10422,2024-11-23,PROD-102,AI Analytics Engine Pro,Enterprise AI,South,1,8200,7872.8,2100,5772.8,708.94,CUST-584,Growth SMB,Low
TX-10423,2024-11-24,PROD-106,Automated ETL Pipeline,Cloud Services,North,1,2900,2800.12,700,2100.12,258.83,CUST-291,High-Value Enterprise,Low
TX-10424,2024-11-24,PROD-106,Automated ETL Pipeline,Cloud Services,North,1,2900,2842.72,700,2142.72,393.78,CUST-893,At-Risk Midmarket,High
TX-10425,2024-11-24,PROD-106,Automated ETL Pipeline,Cloud Services,APAC,1,2900,3041.15,700,2341.15,292.81,CUST-889,At-Risk Midmarket,High
TX-10426,2024-11-24,PROD-102,AI Analytics Engine Pro,Enterprise AI,Central,1,8200,8182.37,2100,6082.37,1037.8,CUST-227,At-Risk Midmarket,High
TX-10427,2024-11-24,PROD-106,Automated ETL Pipeline,Cloud Services,South,2,2900,6080.86,1400,4680.86,630.84,CUST-538,High-Value Enterprise,Low
TX-10428,2024-11-24,PROD-102,AI Analytics Engine Pro,Enterprise AI,East,2,8200,16994.01,4200,12794.01,1679.56,CUST-930,At-Risk Midmarket,High
TX-10429,2024-11-24,PROD-105,Strategic BI Advisory,Advisory,EMEA,1,12000,11634.2,4500,7134.2,1272.36,CUST-819,New Startup,Low
TX-10430,2024-11-25,PROD-104,Smart Edge Gateway,Hardware,West,1,1800,1853.95,950,903.95,162.02,CUST-906,At-Risk Midmarket,High
TX-10431,2024-11-25,PROD-104,Smart Edge Gateway,Hardware,East,6,1800,11199.17,5700,5499.17,1166.58,CUST-650,Growth SMB,Medium
TX-10432,2024-11-25,PROD-105,Strategic BI Advisory,Advisory,West,1,12000,11622.32,4500,7122.32,1124.09,CUST-511,High-Value Enterprise,Low
TX-10433,2024-11-25,PROD-106,Automated ETL Pipeline,Cloud Services,Central,4,2900,11454.48,2800,8654.48,1464.61,CUST-486,Growth SMB,Medium
TX-10434,2024-11-25,PROD-104,Smart Edge Gateway,Hardware,West,1,1800,1831.1,950,881.1,170.71,CUST-865,At-Risk Midmarket,High
TX-10435,2024-11-25,PROD-105,Strategic BI Advisory,Advisory,APAC,1,12000,11400.78,4500,6900.78,1507.64,CUST-725,High-Value Enterprise,Low
TX-10436,2024-11-26,PROD-105,Strategic BI Advisory,Advisory,South,1,12000,11639.41,4500,7139.41,1136.44,CUST-427,Growth SMB,Medium
TX-10437,2024-11-26,PROD-105,Strategic BI Advisory,Advisory,EMEA,2,12000,22815.44,9000,13815.44,2882.75,CUST-800,Growth SMB,Low
TX-10438,2024-11-26,PROD-102,AI Analytics Engine Pro,Enterprise AI,Central,2,8200,16741.32,4200,12541.32,1817.12,CUST-270,Growth SMB,Low
TX-10439,2024-11-26,PROD-105,Strategic BI Advisory,Advisory,North,1,12000,12204.04,4500,7704.04,1319.25,CUST-463,Growth SMB,Low
TX-10440,2024-11-26,PROD-104,Smart Edge Gateway,Hardware,South,5,1800,8852.41,4750,4102.41,955.54,CUST-336,New Startup,Low
TX-10441,2024-11-26,PROD-101,Stratos Enterprise Suite,Cloud Services,North,2,4500,8599.97,2400,6199.97,981.32,CUST-962,New Startup,Medium
TX-10442,2024-11-27,PROD-105,Strategic BI Advisory,Advisory,APAC,1,12000,11781.66,4500,7281.66,1472.3,CUST-598,At-Risk Midmarket,High
TX-10443,2024-11-27,PROD-106,Automated ETL Pipeline,Cloud Services,North,1,2900,2851.34,700,2151.34,278.37,CUST-203,Growth SMB,Medium
TX-10444,2024-11-27,PROD-104,Smart Edge Gateway,Hardware,West,1,1800,1821.53,950,871.53,211.26,CUST-343,At-Risk Midmarket,High
TX-10445,2024-11-27,PROD-104,Smart Edge Gateway,Hardware,South,1,1800,1832.06,950,882.06,206.26,CUST-327,New Startup,Low
TX-10446,2024-11-28,PROD-102,AI Analytics Engine Pro,Enterprise AI,South,1,8200,8486.62,2100,6386.62,724.24,CUST-915,High-Value Enterprise,Medium
TX-10447,2024-11-28,PROD-104,Smart Edge Gateway,Hardware,North,1,1800,1726.62,950,776.62,154.99,CUST-687,Growth SMB,Low
TX-10448,2024-11-28,PROD-106,Automated ETL Pipeline,Cloud Services,East,1,2900,2772.43,700,2072.43,372.3,CUST-459,New Startup,Low
TX-10449,2024-11-28,PROD-103,Legacy Data Server V1,Hardware,South,2,3100,6426.28,4400,2026.28,610.29,CUST-786,High-Value Enterprise,High
TX-10450,2024-11-28,PROD-102,AI Analytics Engine Pro,Enterprise AI,APAC,1,8200,8356.67,2100,6256.67,804.73,CUST-700,New Startup,Medium
TX-10451,2024-11-29,PROD-102,AI Analytics Engine Pro,Enterprise AI,West,1,8200,8188.37,2100,6088.37,712.51,CUST-864,New Startup,Low
TX-10452,2024-11-29,PROD-102,AI Analytics Engine Pro,Enterprise AI,North,2,8200,16162.42,4200,11962.42,1336.87,CUST-463,At-Risk Midmarket,High
TX-10453,2024-11-29,PROD-104,Smart Edge Gateway,Hardware,West,4,1800,7243.62,3800,3443.62,989.19,CUST-811,High-Value Enterprise,Medium
TX-10454,2024-11-29,PROD-105,Strategic BI Advisory,Advisory,Central,1,12000,11833.85,4500,7333.85,1012.15,CUST-969,High-Value Enterprise,Low
TX-10455,2024-11-29,PROD-101,Stratos Enterprise Suite,Cloud Services,APAC,4,4500,18671.6,4800,13871.6,2378.19,CUST-544,At-Risk Midmarket,High
TX-10456,2024-11-30,PROD-106,Automated ETL Pipeline,Cloud Services,East,1,2900,2981.79,700,2281.79,281.49,CUST-773,At-Risk Midmarket,High
TX-10457,2024-11-30,PROD-104,Smart Edge Gateway,Hardware,North,2,1800,3469.64,1900,1569.64,420.96,CUST-525,Growth SMB,Medium
TX-10458,2024-11-30,PROD-101,Stratos Enterprise Suite,Cloud Services,North,1,4500,4298.3,1200,3098.3,487.59,CUST-752,New Startup,Low
TX-10459,2024-11-30,PROD-101,Stratos Enterprise Suite,Cloud Services,South,1,4500,4337.82,1200,3137.82,497.06,CUST-608,New Startup,Low
TX-10460,2024-11-30,PROD-101,Stratos Enterprise Suite,Cloud Services,South,1,4500,4580.64,1200,3380.64,387.5,CUST-506,High-Value Enterprise,Low
TX-10461,2024-11-30,PROD-102,AI Analytics Engine Pro,Enterprise AI,EMEA,1,8200,8326.41,2100,6226.41,975.48,CUST-487,Growth SMB,Low
TX-10462,2024-11-30,PROD-106,Automated ETL Pipeline,Cloud Services,Central,1,2900,2979.34,700,2279.34,246.22,CUST-518,High-Value Enterprise,Low
TX-10463,2024-12-01,PROD-104,Smart Edge Gateway,Hardware,West,4,1800,7023.84,3800,3223.84,606.53,CUST-899,Growth SMB,Medium
TX-10464,2024-12-01,PROD-106,Automated ETL Pipeline,Cloud Services,West,1,2900,2869.63,700,2169.63,260.87,CUST-286,At-Risk Midmarket,High
TX-10465,2024-12-01,PROD-104,Smart Edge Gateway,Hardware,APAC,1,1800,1837.82,950,887.82,157.58,CUST-235,High-Value Enterprise,Low
TX-10466,2024-12-01,PROD-103,Legacy Data Server V1,Hardware,South,1,3100,3089.03,2200,889.03,317.48,CUST-224,Growth SMB,High
TX-10467,2024-12-01,PROD-103,Legacy Data Server V1,Hardware,North,1,3100,3187.1,2200,987.1,331.12,CUST-709,Growth SMB,High
TX-10468,2024-12-02,PROD-105,Strategic BI Advisory,Advisory,North,1,12000,11529.14,4500,7029.14,1453.68,CUST-105,New Startup,Low
TX-10469,2024-12-02,PROD-102,AI Analytics Engine Pro,Enterprise AI,South,1,8200,8529.3,2100,6429.3,792.48,CUST-475,Growth SMB,Low
TX-10470,2024-12-02,PROD-103,Legacy Data Server V1,Hardware,Central,1,3100,3017.51,2200,817.51,279.58,CUST-515,At-Risk Midmarket,High
TX-10471,2024-12-02,PROD-106,Automated ETL Pipeline,Cloud Services,Central,1,2900,2865.85,700,2165.85,335.76,CUST-862,Growth SMB,Medium
TX-10472,2024-12-02,PROD-101,Stratos Enterprise Suite,Cloud Services,West,1,4500,4697.34,1200,3497.34,426.85,CUST-182,At-Risk Midmarket,High
TX-10473,2024-12-02,PROD-105,Strategic BI Advisory,Advisory,South,1,12000,11900.63,4500,7400.63,1066.46,CUST-336,Growth SMB,Low
TX-10474,2024-12-02,PROD-101,Stratos Enterprise Suite,Cloud Services,Central,2,4500,8597.15,2400,6197.15,770.11,CUST-147,At-Risk Midmarket,High
TX-10475,2024-12-03,PROD-102,AI Analytics Engine Pro,Enterprise AI,South,2,8200,15959.62,4200,11759.62,2108.34,CUST-943,High-Value Enterprise,Low
TX-10476,2024-12-03,PROD-102,AI Analytics Engine Pro,Enterprise AI,North,1,8200,7813.49,2100,5713.49,898.51,CUST-361,High-Value Enterprise,Medium
TX-10477,2024-12-03,PROD-103,Legacy Data Server V1,Hardware,South,1,3100,3068.28,2200,868.28,424.74,CUST-741,High-Value Enterprise,Low
TX-10478,2024-12-03,PROD-106,Automated ETL Pipeline,Cloud Services,North,1,2900,2819.32,700,2119.32,279.26,CUST-903,High-Value Enterprise,Medium
TX-10479,2024-12-04,PROD-102,AI Analytics Engine Pro,Enterprise AI,North,1,8200,8503.96,2100,6403.96,722.93,CUST-499,Growth SMB,Low
TX-10480,2024-12-04,PROD-105,Strategic BI Advisory,Advisory,APAC,1,12000,12232.57,4500,7732.57,1384.31,CUST-560,At-Risk Midmarket,High
TX-10481,2024-12-04,PROD-102,AI Analytics Engine Pro,Enterprise AI,North,2,8200,16148.36,4200,11948.36,1686.91,CUST-323,Growth SMB,Low
TX-10482,2024-12-04,PROD-105,Strategic BI Advisory,Advisory,Central,1,12000,12363.42,4500,7863.42,1171.94,CUST-985,Growth SMB,Low
TX-10483,2024-12-04,PROD-106,Automated ETL Pipeline,Cloud Services,South,1,2900,2787.23,700,2087.23,331.36,CUST-215,Growth SMB,Low
TX-10484,2024-12-04,PROD-101,Stratos Enterprise Suite,Cloud Services,North,1,4500,4295.38,1200,3095.38,512.8,CUST-686,Growth SMB,Low
TX-10485,2024-12-04,PROD-102,AI Analytics Engine Pro,Enterprise AI,North,1,8200,8154.51,2100,6054.51,899.26,CUST-679,New Startup,Medium
TX-10486,2024-12-05,PROD-101,Stratos Enterprise Suite,Cloud Services,East,4,4500,18213.79,4800,13413.79,2184.23,CUST-963,Growth SMB,Medium
TX-10487,2024-12-05,PROD-106,Automated ETL Pipeline,Cloud Services,North,1,2900,2783.87,700,2083.87,323.46,CUST-978,Growth SMB,Medium
TX-10488,2024-12-05,PROD-101,Stratos Enterprise Suite,Cloud Services,APAC,1,4500,4619.41,1200,3419.41,439.68,CUST-891,New Startup,Low
TX-10489,2024-12-05,PROD-103,Legacy Data Server V1,Hardware,North,1,3100,3045.54,2200,845.54,367.26,CUST-980,New Startup,High
TX-10490,2024-12-05,PROD-101,Stratos Enterprise Suite,Cloud Services,West,1,4500,4620.86,1200,3420.86,432.4,CUST-543,Growth SMB,Medium
TX-10491,2024-12-06,PROD-105,Strategic BI Advisory,Advisory,West,1,12000,12180.51,4500,7680.51,1129.62,CUST-284,At-Risk Midmarket,High
TX-10492,2024-12-06,PROD-104,Smart Edge Gateway,Hardware,West,1,1800,1816.95,950,866.95,190.2,CUST-172,High-Value Enterprise,Low
TX-10493,2024-12-06,PROD-101,Stratos Enterprise Suite,Cloud Services,West,4,4500,18403.66,4800,13603.66,2016.23,CUST-485,At-Risk Midmarket,High
TX-10494,2024-12-07,PROD-106,Automated ETL Pipeline,Cloud Services,South,1,2900,2762.16,700,2062.16,281.09,CUST-721,At-Risk Midmarket,High
TX-10495,2024-12-07,PROD-106,Automated ETL Pipeline,Cloud Services,Central,2,2900,6003.92,1400,4603.92,837.47,CUST-121,High-Value Enterprise,Low
TX-10496,2024-12-07,PROD-105,Strategic BI Advisory,Advisory,APAC,1,12000,12535.11,4500,8035.11,1225.3,CUST-579,At-Risk Midmarket,High
TX-10497,2024-12-08,PROD-103,Legacy Data Server V1,Hardware,North,1,3100,2984.61,2200,784.61,317.99,CUST-817,New Startup,High
TX-10498,2024-12-08,PROD-101,Stratos Enterprise Suite,Cloud Services,West,1,4500,4317.49,1200,3117.49,560.8,CUST-594,Growth SMB,Low
TX-10499,2024-12-08,PROD-105,Strategic BI Advisory,Advisory,North,1,12000,11541.86,4500,7041.86,923.37,CUST-386,Growth SMB,Low
TX-10500,2024-12-08,PROD-104,Smart Edge Gateway,Hardware,South,5,1800,8626.55,4750,3876.55,974.22,CUST-889,High-Value Enterprise,Low
TX-10501,2024-12-08,PROD-105,Strategic BI Advisory,Advisory,South,1,12000,11777.9,4500,7277.9,1010.53,CUST-686,High-Value Enterprise,Medium
TX-10502,2024-12-08,PROD-106,Automated ETL Pipeline,Cloud Services,East,5,2900,14218.33,3500,10718.33,1481.01,CUST-951,Growth SMB,Low
TX-10503,2024-12-08,PROD-105,Strategic BI Advisory,Advisory,West,1,12000,11543.47,4500,7043.47,1320.09,CUST-375,Growth SMB,Medium
TX-10504,2024-12-09,PROD-103,Legacy Data Server V1,Hardware,East,1,3100,2952.96,2200,752.96,286.65,CUST-151,At-Risk Midmarket,High
TX-10505,2024-12-09,PROD-105,Strategic BI Advisory,Advisory,Central,1,12000,12061.26,4500,7561.26,1343.79,CUST-726,High-Value Enterprise,Low
TX-10506,2024-12-09,PROD-103,Legacy Data Server V1,Hardware,South,1,3100,3247.4,2200,1047.4,352.18,CUST-538,At-Risk Midmarket,High
TX-10507,2024-12-09,PROD-106,Automated ETL Pipeline,Cloud Services,North,2,2900,5741.52,1400,4341.52,665.53,CUST-468,Growth SMB,Low
TX-10508,2024-12-09,PROD-101,Stratos Enterprise Suite,Cloud Services,EMEA,1,4500,4677.14,1200,3477.14,395.12,CUST-458,Growth SMB,Low
TX-10509,2024-12-09,PROD-101,Stratos Enterprise Suite,Cloud Services,West,2,4500,9209.15,2400,6809.15,1247.35,CUST-368,At-Risk Midmarket,High
TX-10510,2024-12-10,PROD-105,Strategic BI Advisory,Advisory,West,1,12000,12307.5,4500,7807.5,1319.99,CUST-622,Growth SMB,Low
TX-10511,2024-12-10,PROD-101,Stratos Enterprise Suite,Cloud Services,South,2,4500,8605.83,2400,6205.83,863.67,CUST-263,High-Value Enterprise,Low
TX-10512,2024-12-10,PROD-103,Legacy Data Server V1,Hardware,West,1,3100,3054.97,2200,854.97,317.85,CUST-178,New Startup,High
TX-10513,2024-12-11,PROD-103,Legacy Data Server V1,Hardware,North,1,3100,3068.05,2200,868.05,329.27,CUST-316,Growth SMB,High
TX-10514,2024-12-11,PROD-106,Automated ETL Pipeline,Cloud Services,North,1,2900,2907.32,700,2207.32,251.98,CUST-919,High-Value Enterprise,Low
TX-10515,2024-12-11,PROD-104,Smart Edge Gateway,Hardware,South,1,1800,1720.54,950,770.54,194.67,CUST-577,High-Value Enterprise,Low
TX-10516,2024-12-12,PROD-103,Legacy Data Server V1,Hardware,North,1,3100,3109.29,2200,909.29,375.3,CUST-643,Growth SMB,High
TX-10517,2024-12-12,PROD-102,AI Analytics Engine Pro,Enterprise AI,North,2,8200,16587.62,4200,12387.62,1848.19,CUST-138,New Startup,Low
TX-10518,2024-12-12,PROD-106,Automated ETL Pipeline,Cloud Services,North,4,2900,12111.42,2800,9311.42,1059.27,CUST-541,Growth SMB,Medium
TX-10519,2024-12-12,PROD-102,AI Analytics Engine Pro,Enterprise AI,North,1,8200,8122.45,2100,6022.45,901.41,CUST-706,At-Risk Midmarket,High
TX-10520,2024-12-12,PROD-106,Automated ETL Pipeline,Cloud Services,EMEA,4,2900,12159.72,2800,9359.72,1035.62,CUST-858,At-Risk Midmarket,High
TX-10521,2024-12-12,PROD-105,Strategic BI Advisory,Advisory,South,1,12000,12172.75,4500,7672.75,1252.05,CUST-373,High-Value Enterprise,Low
TX-10522,2024-12-12,PROD-103,Legacy Data Server V1,Hardware,East,2,3100,6163.51,4400,1763.51,566.83,CUST-295,At-Risk Midmarket,High
TX-10523,2024-12-13,PROD-102,AI Analytics Engine Pro,Enterprise AI,Central,4,8200,32518.38,8400,24118.38,4470.52,CUST-778,Growth SMB,Low
TX-10524,2024-12-13,PROD-104,Smart Edge Gateway,Hardware,North,1,1800,1857.53,950,907.53,240.53,CUST-296,Growth SMB,Medium
TX-10525,2024-12-13,PROD-103,Legacy Data Server V1,Hardware,South,1,3100,3081.97,2200,881.97,276.77,CUST-438,At-Risk Midmarket,High
TX-10526,2024-12-14,PROD-104,Smart Edge Gateway,Hardware,South,5,1800,8724.75,4750,3974.75,946.34,CUST-790,Growth SMB,Low
TX-10527,2024-12-14,PROD-105,Strategic BI Advisory,Advisory,West,1,12000,11709.72,4500,7209.72,1016.55,CUST-426,Growth SMB,Low
TX-10528,2024-12-14,PROD-106,Automated ETL Pipeline,Cloud Services,Central,2,2900,5851.74,1400,4451.74,627.64,CUST-468,New Startup,Low
TX-10529,2024-12-14,PROD-104,Smart Edge Gateway,Hardware,EMEA,2,1800,3441.28,1900,1541.28,417.92,CUST-526,At-Risk Midmarket,High
TX-10530,2024-12-15,PROD-102,AI Analytics Engine Pro,Enterprise AI,APAC,1,8200,8341.36,2100,6241.36,752.33,CUST-191,High-Value Enterprise,Low
TX-10531,2024-12-15,PROD-103,Legacy Data Server V1,Hardware,Central,1,3100,2951.89,2200,751.89,411.23,CUST-422,Growth SMB,High
TX-10532,2024-12-15,PROD-106,Automated ETL Pipeline,Cloud Services,West,1,2900,2783.12,700,2083.12,252.55,CUST-466,Growth SMB,Low
TX-10533,2024-12-16,PROD-105,Strategic BI Advisory,Advisory,East,1,12000,11736.72,4500,7236.72,1185.36,CUST-814,New Startup,Medium
TX-10534,2024-12-16,PROD-105,Strategic BI Advisory,Advisory,West,1,12000,12156.86,4500,7656.86,1512.08,CUST-825,New Startup,Low
TX-10535,2024-12-16,PROD-106,Automated ETL Pipeline,Cloud Services,North,2,2900,5812.69,1400,4412.69,488.72,CUST-225,At-Risk Midmarket,High
TX-10536,2024-12-16,PROD-101,Stratos Enterprise Suite,Cloud Services,EMEA,2,4500,9106.75,2400,6706.75,1039.2,CUST-761,New Startup,Low
TX-10537,2024-12-17,PROD-104,Smart Edge Gateway,Hardware,EMEA,2,1800,3465.93,1900,1565.93,362.35,CUST-745,High-Value Enterprise,Low
TX-10538,2024-12-17,PROD-103,Legacy Data Server V1,Hardware,West,1,3100,3020.58,2200,820.58,360.52,CUST-714,Growth SMB,High
TX-10539,2024-12-17,PROD-105,Strategic BI Advisory,Advisory,South,1,12000,11967.63,4500,7467.63,988.51,CUST-446,High-Value Enterprise,Low
TX-10540,2024-12-17,PROD-101,Stratos Enterprise Suite,Cloud Services,West,1,4500,4505.93,1200,3305.93,395.76,CUST-276,Growth SMB,Low
TX-10541,2024-12-17,PROD-105,Strategic BI Advisory,Advisory,APAC,1,12000,11782.85,4500,7282.85,1236.38,CUST-430,High-Value Enterprise,Low
TX-10542,2024-12-18,PROD-103,Legacy Data Server V1,Hardware,West,1,3100,3091.21,2200,891.21,264.25,CUST-245,New Startup,High
TX-10543,2024-12-18,PROD-104,Smart Edge Gateway,Hardware,East,1,1800,1714.06,950,764.06,225.74,CUST-590,Growth SMB,Low
TX-10544,2024-12-18,PROD-102,AI Analytics Engine Pro,Enterprise AI,West,1,8200,7999.71,2100,5899.71,797.13,CUST-580,At-Risk Midmarket,High
TX-10545,2024-12-18,PROD-102,AI Analytics Engine Pro,Enterprise AI,North,1,8200,8277.12,2100,6177.12,955.01,CUST-169,At-Risk Midmarket,High
TX-10546,2024-12-18,PROD-101,Stratos Enterprise Suite,Cloud Services,North,1,4500,4508.13,1200,3308.13,418.53,CUST-699,High-Value Enterprise,Low
TX-10547,2024-12-18,PROD-101,Stratos Enterprise Suite,Cloud Services,West,2,4500,8789.4,2400,6389.4,878.65,CUST-988,Growth SMB,Medium
TX-10548,2024-12-18,PROD-105,Strategic BI Advisory,Advisory,West,1,12000,12596.34,4500,8096.34,1551.99,CUST-194,At-Risk Midmarket,High
TX-10549,2024-12-19,PROD-103,Legacy Data Server V1,Hardware,North,1,3100,3013.4,2200,813.4,266.05,CUST-263,High-Value Enterprise,High
TX-10550,2024-12-19,PROD-104,Smart Edge Gateway,Hardware,South,1,1800,1802.2,950,852.2,217.76,CUST-671,New Startup,Low
TX-10551,2024-12-19,PROD-105,Strategic BI Advisory,Advisory,EMEA,1,12000,12229.99,4500,7729.99,1686.98,CUST-847,Growth SMB,Low
TX-10552,2024-12-20,PROD-102,AI Analytics Engine Pro,Enterprise AI,EMEA,2,8200,15821.45,4200,11621.45,1461.82,CUST-951,Growth SMB,Medium
TX-10553,2024-12-20,PROD-103,Legacy Data Server V1,Hardware,South,1,3100,3230.67,2200,1030.67,415.87,CUST-460,High-Value Enterprise,Medium
TX-10554,2024-12-20,PROD-103,Legacy Data Server V1,Hardware,Central,1,3100,3050.16,2200,850.16,255.44,CUST-210,High-Value Enterprise,Medium
TX-10555,2024-12-20,PROD-102,AI Analytics Engine Pro,Enterprise AI,South,1,8200,8494.13,2100,6394.13,1116.42,CUST-645,At-Risk Midmarket,High
TX-10556,2024-12-20,PROD-104,Smart Edge Gateway,Hardware,North,4,1800,7304.92,3800,3504.92,808.17,CUST-214,At-Risk Midmarket,High
TX-10557,2024-12-20,PROD-106,Automated ETL Pipeline,Cloud Services,South,1,2900,3031.19,700,2331.19,302.3,CUST-283,At-Risk Midmarket,High
TX-10558,2024-12-20,PROD-106,Automated ETL Pipeline,Cloud Services,EMEA,5,2900,13893.85,3500,10393.85,1650.73,CUST-134,New Startup,Medium
TX-10559,2024-12-21,PROD-103,Legacy Data Server V1,Hardware,EMEA,1,3100,3005.31,2200,805.31,388.39,CUST-397,High-Value Enterprise,High
TX-10560,2024-12-21,PROD-102,AI Analytics Engine Pro,Enterprise AI,East,1,8200,8181.3,2100,6081.3,1043.8,CUST-659,Growth SMB,Medium
TX-10561,2024-12-21,PROD-104,Smart Edge Gateway,Hardware,EMEA,4,1800,7059.05,3800,3259.05,623.7,CUST-949,Growth SMB,Low
TX-10562,2024-12-21,PROD-106,Automated ETL Pipeline,Cloud Services,South,2,2900,5913.21,1400,4513.21,696.44,CUST-460,High-Value Enterprise,Low
TX-10563,2024-12-21,PROD-105,Strategic BI Advisory,Advisory,North,1,12000,12570.93,4500,8070.93,1284.1,CUST-335,High-Value Enterprise,Low
TX-10564,2024-12-21,PROD-105,Strategic BI Advisory,Advisory,East,1,12000,12009.31,4500,7509.31,1060.45,CUST-491,Growth SMB,Low
TX-10565,2024-12-21,PROD-102,AI Analytics Engine Pro,Enterprise AI,North,1,8200,8136.2,2100,6036.2,1034.14,CUST-390,At-Risk Midmarket,High
TX-10566,2024-12-22,PROD-102,AI Analytics Engine Pro,Enterprise AI,West,1,8200,8406.73,2100,6306.73,931.23,CUST-581,Growth SMB,Medium
TX-10567,2024-12-22,PROD-101,Stratos Enterprise Suite,Cloud Services,EMEA,2,4500,8733.82,2400,6333.82,918.11,CUST-796,Growth SMB,Low
TX-10568,2024-12-22,PROD-103,Legacy Data Server V1,Hardware,APAC,1,3100,2982.31,2200,782.31,250.68,CUST-629,At-Risk Midmarket,High
TX-10569,2024-12-22,PROD-101,Stratos Enterprise Suite,Cloud Services,South,1,4500,4307.85,1200,3107.85,536.94,CUST-260,At-Risk Midmarket,High
TX-10570,2024-12-22,PROD-104,Smart Edge Gateway,Hardware,South,1,1800,1751.87,950,801.87,219.01,CUST-571,At-Risk Midmarket,High
TX-10571,2024-12-22,PROD-101,Stratos Enterprise Suite,Cloud Services,South,1,4500,4579.01,1200,3379.01,506.13,CUST-178,At-Risk Midmarket,High
TX-10572,2024-12-22,PROD-102,AI Analytics Engine Pro,Enterprise AI,APAC,1,8200,8600.85,2100,6500.85,937.44,CUST-717,High-Value Enterprise,Low
TX-10573,2024-12-23,PROD-101,Stratos Enterprise Suite,Cloud Services,APAC,2,4500,9322.89,2400,6922.89,928.12,CUST-397,Growth SMB,Low
TX-10574,2024-12-23,PROD-103,Legacy Data Server V1,Hardware,North,1,3100,3252.49,2200,1052.49,445.86,CUST-468,New Startup,Low
TX-10575,2024-12-23,PROD-103,Legacy Data Server V1,Hardware,East,1,3100,3057.61,2200,857.61,325.08,CUST-558,High-Value Enterprise,High
TX-10576,2024-12-23,PROD-105,Strategic BI Advisory,Advisory,West,1,12000,12250.68,4500,7750.68,1710.53,CUST-393,Growth SMB,Low
TX-10577,2024-12-24,PROD-106,Automated ETL Pipeline,Cloud Services,APAC,1,2900,2761.02,700,2061.02,346.93,CUST-996,At-Risk Midmarket,High
TX-10578,2024-12-24,PROD-104,Smart Edge Gateway,Hardware,APAC,1,1800,1795.77,950,845.77,223.17,CUST-627,High-Value Enterprise,Low
TX-10579,2024-12-24,PROD-105,Strategic BI Advisory,Advisory,East,1,12000,12403.71,4500,7903.71,1366.24,CUST-372,High-Value Enterprise,Medium
TX-10580,2024-12-25,PROD-105,Strategic BI Advisory,Advisory,South,1,12000,11871.98,4500,7371.98,1337.66,CUST-426,Growth SMB,Low
TX-10581,2024-12-25,PROD-102,AI Analytics Engine Pro,Enterprise AI,North,2,8200,16638.68,4200,12438.68,1486.61,CUST-600,Growth SMB,Low
TX-10582,2024-12-25,PROD-103,Legacy Data Server V1,Hardware,South,1,3100,3029.94,2200,829.94,416.13,CUST-143,Growth SMB,High
TX-10583,2024-12-25,PROD-101,Stratos Enterprise Suite,Cloud Services,North,2,4500,9237.16,2400,6837.16,799.21,CUST-698,High-Value Enterprise,Low
TX-10584,2024-12-25,PROD-106,Automated ETL Pipeline,Cloud Services,East,4,2900,11885.03,2800,9085.03,1539.78,CUST-386,At-Risk Midmarket,High
TX-10585,2024-12-25,PROD-102,AI Analytics Engine Pro,Enterprise AI,APAC,2,8200,16595.44,4200,12395.44,2148.92,CUST-769,At-Risk Midmarket,High
TX-10586,2024-12-26,PROD-105,Strategic BI Advisory,Advisory,South,1,12000,11684.98,4500,7184.98,1145.06,CUST-815,High-Value Enterprise,Low
TX-10587,2024-12-26,PROD-101,Stratos Enterprise Suite,Cloud Services,East,1,4500,4487.09,1200,3287.09,486.18,CUST-738,At-Risk Midmarket,High
TX-10588,2024-12-26,PROD-104,Smart Edge Gateway,Hardware,East,1,1800,1723.01,950,773.01,197.37,CUST-814,Growth SMB,Low
TX-10589,2024-12-26,PROD-105,Strategic BI Advisory,Advisory,South,1,12000,12054.59,4500,7554.59,1114.13,CUST-708,High-Value Enterprise,Low
TX-10590,2024-12-26,PROD-105,Strategic BI Advisory,Advisory,Central,1,12000,12374.79,4500,7874.79,1244.54,CUST-372,Growth SMB,Low
TX-10591,2024-12-26,PROD-106,Automated ETL Pipeline,Cloud Services,North,5,2900,14016.03,3500,10516.03,1892.01,CUST-181,At-Risk Midmarket,High
TX-10592,2024-12-27,PROD-101,Stratos Enterprise Suite,Cloud Services,APAC,1,4500,4500.9,1200,3300.9,517.55,CUST-658,High-Value Enterprise,Medium
TX-10593,2024-12-27,PROD-101,Stratos Enterprise Suite,Cloud Services,South,1,4500,4667.68,1200,3467.68,397.81,CUST-637,Growth SMB,Low
TX-10594,2024-12-27,PROD-102,AI Analytics Engine Pro,Enterprise AI,South,1,8200,8542.12,2100,6442.12,967.08,CUST-687,Growth SMB,Medium
TX-10595,2024-12-28,PROD-103,Legacy Data Server V1,Hardware,Central,2,3100,6100.32,4400,1700.32,687.36,CUST-507,At-Risk Midmarket,High
TX-10596,2024-12-28,PROD-105,Strategic BI Advisory,Advisory,West,1,12000,11475.01,4500,6975.01,1184.77,CUST-299,Growth SMB,Medium
TX-10597,2024-12-28,PROD-104,Smart Edge Gateway,Hardware,West,1,1800,1730.31,950,780.31,200.35,CUST-260,Growth SMB,Medium
TX-10598,2024-12-28,PROD-105,Strategic BI Advisory,Advisory,South,1,12000,11874.93,4500,7374.93,1386.86,CUST-719,High-Value Enterprise,Low
TX-10599,2024-12-28,PROD-104,Smart Edge Gateway,Hardware,EMEA,4,1800,7148.71,3800,3348.71,594.97,CUST-845,Growth SMB,Medium
TX-10600,2024-12-29,PROD-101,Stratos Enterprise Suite,Cloud Services,Central,1,4500,4602.65,1200,3402.65,533.98,CUST-367,Growth SMB,Medium
TX-10601,2024-12-29,PROD-104,Smart Edge Gateway,Hardware,East,4,1800,6917.87,3800,3117.87,902.96,CUST-345,Growth SMB,Low
TX-10602,2024-12-29,PROD-103,Legacy Data Server V1,Hardware,North,1,3100,3009.17,2200,809.17,394.46,CUST-456,Growth SMB,High
TX-10603,2024-12-29,PROD-103,Legacy Data Server V1,Hardware,West,2,3100,5963.85,4400,1563.85,527.4,CUST-628,Growth SMB,High
TX-10604,2024-12-29,PROD-105,Strategic BI Advisory,Advisory,Central,2,12000,23436.2,9000,14436.2,2853.86,CUST-905,At-Risk Midmarket,High
TX-10605,2024-12-29,PROD-104,Smart Edge Gateway,Hardware,North,1,1800,1852.54,950,902.54,238.41,CUST-868,Growth SMB,Low
TX-10606,2024-12-29,PROD-104,Smart Edge Gateway,Hardware,North,4,1800,6927.42,3800,3127.42,853.93,CUST-873,At-Risk Midmarket,High
TX-10607,2024-12-30,PROD-103,Legacy Data Server V1,Hardware,East,1,3100,3071.45,2200,871.45,297.25,CUST-735,High-Value Enterprise,High
TX-10608,2024-12-30,PROD-102,AI Analytics Engine Pro,Enterprise AI,Central,1,8200,8205.48,2100,6105.48,1077.87,CUST-853,Growth SMB,Low
TX-10609,2024-12-30,PROD-105,Strategic BI Advisory,Advisory,North,1,12000,11745.46,4500,7245.46,1450.35,CUST-393,High-Value Enterprise,Low
TX-10610,2024-12-30,PROD-104,Smart Edge Gateway,Hardware,South,1,1800,1718.94,950,768.94,201.82,CUST-393,New Startup,Low
TX-10611,2024-12-30,PROD-102,AI Analytics Engine Pro,Enterprise AI,West,1,8200,8020.71,2100,5920.71,861.86,CUST-900,Growth SMB,Low
TX-10612,2024-12-30,PROD-104,Smart Edge Gateway,Hardware,North,1,1800,1800.88,950,850.88,227.14,CUST-643,At-Risk Midmarket,High
TX-10613,2024-12-30,PROD-102,AI Analytics Engine Pro,Enterprise AI,West,1,8200,7833.25,2100,5733.25,1018.71,CUST-576,High-Value Enterprise,Medium
TX-10614,2024-12-31,PROD-105,Strategic BI Advisory,Advisory,South,1,12000,12140.06,4500,7640.06,1598.21,CUST-857,High-Value Enterprise,Low
TX-10615,2024-12-31,PROD-106,Automated ETL Pipeline,Cloud Services,South,1,2900,2977.31,700,2277.31,410.8,CUST-285,High-Value Enterprise,Low
TX-10616,2024-12-31,PROD-101,Stratos Enterprise Suite,Cloud Services,West,1,4500,4480.04,1200,3280.04,487.97,CUST-378,At-Risk Midmarket,High
TX-10617,2025-01-01,PROD-106,Automated ETL Pipeline,Cloud Services,North,1,2900,2804.85,700,2104.85,316.5,CUST-509,High-Value Enterprise,Low
TX-10618,2025-01-01,PROD-105,Strategic BI Advisory,Advisory,South,1,12000,11522.84,4500,7022.84,1441.58,CUST-997,High-Value Enterprise,Low
TX-10619,2025-01-01,PROD-104,Smart Edge Gateway,Hardware,East,1,1800,1780.94,950,830.94,233.4,CUST-303,New Startup,Low
TX-10620,2025-01-01,PROD-106,Automated ETL Pipeline,Cloud Services,Central,4,2900,11379.24,2800,8579.24,1048.12,CUST-738,Growth SMB,Low
TX-10621,2025-01-01,PROD-104,Smart Edge Gateway,Hardware,West,1,1800,1846.16,950,896.16,200.22,CUST-110,Growth SMB,Low
TX-10622,2025-01-02,PROD-105,Strategic BI Advisory,Advisory,EMEA,1,12000,11931.4,4500,7431.4,1561.06,CUST-560,Growth SMB,Low
TX-10623,2025-01-02,PROD-106,Automated ETL Pipeline,Cloud Services,Central,1,2900,2764.99,700,2064.99,295.16,CUST-456,Growth SMB,Low
TX-10624,2025-01-02,PROD-101,Stratos Enterprise Suite,Cloud Services,North,3,4500,14087.78,3600,10487.78,1762.18,CUST-717,Growth SMB,Low
TX-10625,2025-01-02,PROD-102,AI Analytics Engine Pro,Enterprise AI,South,1,8200,8062.38,2100,5962.38,984.0,CUST-299,New Startup,Medium
TX-10626,2025-01-02,PROD-103,Legacy Data Server V1,Hardware,North,1,3100,3065.04,2200,865.04,297.2,CUST-495,At-Risk Midmarket,High
TX-10627,2025-01-02,PROD-106,Automated ETL Pipeline,Cloud Services,EMEA,4,2900,12028.66,2800,9228.66,1092.68,CUST-609,Growth SMB,Low
TX-10628,2025-01-02,PROD-102,AI Analytics Engine Pro,Enterprise AI,Central,1,8200,8398.74,2100,6298.74,786.96,CUST-687,Growth SMB,Low
TX-10629,2025-01-03,PROD-102,AI Analytics Engine Pro,Enterprise AI,South,1,8200,8572.24,2100,6472.24,1130.97,CUST-785,At-Risk Midmarket,High
TX-10630,2025-01-03,PROD-102,AI Analytics Engine Pro,Enterprise AI,West,1,8200,8442.44,2100,6342.44,714.64,CUST-158,High-Value Enterprise,Low
TX-10631,2025-01-03,PROD-102,AI Analytics Engine Pro,Enterprise AI,EMEA,2,8200,16089.57,4200,11889.57,1783.84,CUST-827,High-Value Enterprise,Low
TX-10632,2025-01-03,PROD-102,AI Analytics Engine Pro,Enterprise AI,West,2,8200,16213.12,4200,12013.12,2237.45,CUST-313,At-Risk Midmarket,High
TX-10633,2025-01-04,PROD-106,Automated ETL Pipeline,Cloud Services,APAC,1,2900,2763.82,700,2063.82,341.64,CUST-143,New Startup,Low
TX-10634,2025-01-04,PROD-106,Automated ETL Pipeline,Cloud Services,West,3,2900,9011.34,2100,6911.34,885.76,CUST-501,High-Value Enterprise,Low
TX-10635,2025-01-04,PROD-104,Smart Edge Gateway,Hardware,South,1,1800,1739.91,950,789.91,173.93,CUST-645,At-Risk Midmarket,High
TX-10636,2025-01-05,PROD-105,Strategic BI Advisory,Advisory,North,1,12000,11462.98,4500,6962.98,1226.7,CUST-621,Growth SMB,Medium
TX-10637,2025-01-05,PROD-104,Smart Edge Gateway,Hardware,West,1,1800,1883.05,950,933.05,222.49,CUST-129,Growth SMB,Low
TX-10638,2025-01-05,PROD-101,Stratos Enterprise Suite,Cloud Services,North,1,4500,4461.48,1200,3261.48,607.43,CUST-270,High-Value Enterprise,Low
TX-10639,2025-01-05,PROD-104,Smart Edge Gateway,Hardware,West,4,1800,7206.95,3800,3406.95,969.56,CUST-170,High-Value Enterprise,Low
TX-10640,2025-01-06,PROD-104,Smart Edge Gateway,Hardware,APAC,2,1800,3765.19,1900,1865.19,333.48,CUST-629,New Startup,Low
TX-10641,2025-01-06,PROD-101,Stratos Enterprise Suite,Cloud Services,South,1,4500,4535.34,1200,3335.34,385.3,CUST-422,Growth SMB,Medium
TX-10642,2025-01-06,PROD-105,Strategic BI Advisory,Advisory,East,1,12000,11504.36,4500,7004.36,1129.65,CUST-467,Growth SMB,Medium
TX-10643,2025-01-06,PROD-103,Legacy Data Server V1,Hardware,South,1,3100,3235.67,2200,1035.67,390.81,CUST-217,Growth SMB,Medium
TX-10644,2025-01-06,PROD-104,Smart Edge Gateway,Hardware,Central,3,1800,5598.28,2850,2748.28,768.93,CUST-180,High-Value Enterprise,Medium
TX-10645,2025-01-06,PROD-105,Strategic BI Advisory,Advisory,North,1,12000,12414.01,4500,7914.01,1037.1,CUST-295,High-Value Enterprise,Low
TX-10646,2025-01-06,PROD-106,Automated ETL Pipeline,Cloud Services,South,1,2900,3002.04,700,2302.04,387.36,CUST-378,High-Value Enterprise,Low
TX-10647,2025-01-07,PROD-101,Stratos Enterprise Suite,Cloud Services,Central,2,4500,9278.98,2400,6878.98,874.98,CUST-532,Growth SMB,Medium
TX-10648,2025-01-07,PROD-102,AI Analytics Engine Pro,Enterprise AI,South,1,8200,8155.32,2100,6055.32,1125.58,CUST-126,High-Value Enterprise,Medium
TX-10649,2025-01-07,PROD-103,Legacy Data Server V1,Hardware,North,1,3100,3167.58,2200,967.58,324.12,CUST-501,Growth SMB,Low
TX-10650,2025-01-07,PROD-101,Stratos Enterprise Suite,Cloud Services,APAC,3,4500,14034.0,3600,10434.0,1936.65,CUST-508,High-Value Enterprise,Medium
TX-10651,2025-01-07,PROD-102,AI Analytics Engine Pro,Enterprise AI,East,1,8200,8393.91,2100,6293.91,697.53,CUST-167,At-Risk Midmarket,High
TX-10652,2025-01-07,PROD-101,Stratos Enterprise Suite,Cloud Services,South,1,4500,4361.52,1200,3161.52,429.91,CUST-970,Growth SMB,Low
TX-10653,2025-01-08,PROD-106,Automated ETL Pipeline,Cloud Services,West,1,2900,3001.48,700,2301.48,308.71,CUST-218,At-Risk Midmarket,High
TX-10654,2025-01-08,PROD-102,AI Analytics Engine Pro,Enterprise AI,North,1,8200,8480.13,2100,6380.13,693.85,CUST-789,Growth SMB,Low
TX-10655,2025-01-08,PROD-103,Legacy Data Server V1,Hardware,EMEA,1,3100,2966.37,2200,766.37,323.37,CUST-756,At-Risk Midmarket,High
TX-10656,2025-01-08,PROD-105,Strategic BI Advisory,Advisory,East,1,12000,11686.5,4500,7186.5,1084.65,CUST-424,High-Value Enterprise,Medium
TX-10657,2025-01-09,PROD-103,Legacy Data Server V1,Hardware,East,2,3100,6165.53,4400,1765.53,605.44,CUST-787,High-Value Enterprise,Low
TX-10658,2025-01-09,PROD-104,Smart Edge Gateway,Hardware,East,1,1800,1826.01,950,876.01,166.12,CUST-340,High-Value Enterprise,Low
TX-10659,2025-01-09,PROD-101,Stratos Enterprise Suite,Cloud Services,EMEA,1,4500,4664.8,1200,3464.8,497.51,CUST-206,At-Risk Midmarket,High
TX-10660,2025-01-10,PROD-103,Legacy Data Server V1,Hardware,Central,2,3100,5954.74,4400,1554.74,679.67,CUST-624,New Startup,High
TX-10661,2025-01-10,PROD-101,Stratos Enterprise Suite,Cloud Services,South,1,4500,4392.32,1200,3192.32,487.97,CUST-993,Growth SMB,Medium
TX-10662,2025-01-10,PROD-102,AI Analytics Engine Pro,Enterprise AI,West,1,8200,7980.94,2100,5880.94,874.07,CUST-165,Growth SMB,Medium
TX-10663,2025-01-10,PROD-104,Smart Edge Gateway,Hardware,South,1,1800,1876.99,950,926.99,247.88,CUST-992,Growth SMB,Low
TX-10664,2025-01-10,PROD-106,Automated ETL Pipeline,Cloud Services,Central,1,2900,2941.73,700,2241.73,382.6,CUST-776,At-Risk Midmarket,High
TX-10665,2025-01-11,PROD-104,Smart Edge Gateway,Hardware,South,2,1800,3731.83,1900,1831.83,410.32,CUST-931,At-Risk Midmarket,High
TX-10666,2025-01-11,PROD-102,AI Analytics Engine Pro,Enterprise AI,South,1,8200,7874.64,2100,5774.64,906.39,CUST-709,Growth SMB,Medium
TX-10667,2025-01-11,PROD-106,Automated ETL Pipeline,Cloud Services,West,2,2900,5940.53,1400,4540.53,704.47,CUST-961,Growth SMB,Low
TX-10668,2025-01-12,PROD-102,AI Analytics Engine Pro,Enterprise AI,South,1,8200,8105.75,2100,6005.75,1107.07,CUST-837,High-Value Enterprise,Medium
TX-10669,2025-01-12,PROD-102,AI Analytics Engine Pro,Enterprise AI,East,2,8200,16296.28,4200,12096.28,1757.39,CUST-163,Growth SMB,Low
TX-10670,2025-01-12,PROD-103,Legacy Data Server V1,Hardware,North,2,3100,6494.87,4400,2094.87,545.03,CUST-210,At-Risk Midmarket,High
TX-10671,2025-01-12,PROD-102,AI Analytics Engine Pro,Enterprise AI,APAC,1,8200,8419.66,2100,6319.66,1053.36,CUST-695,Growth SMB,Low
TX-10672,2025-01-12,PROD-103,Legacy Data Server V1,Hardware,North,1,3100,3200.76,2200,1000.76,420.9,CUST-287,High-Value Enterprise,High
TX-10673,2025-01-13,PROD-102,AI Analytics Engine Pro,Enterprise AI,South,1,8200,8587.51,2100,6487.51,872.52,CUST-488,Growth SMB,Low
TX-10674,2025-01-13,PROD-105,Strategic BI Advisory,Advisory,West,1,12000,11468.51,4500,6968.51,1153.54,CUST-370,At-Risk Midmarket,High
TX-10675,2025-01-13,PROD-103,Legacy Data Server V1,Hardware,North,1,3100,3166.88,2200,966.88,438.19,CUST-307,High-Value Enterprise,High
TX-10676,2025-01-13,PROD-105,Strategic BI Advisory,Advisory,APAC,1,12000,12087.31,4500,7587.31,1066.51,CUST-316,At-Risk Midmarket,High
TX-10677,2025-01-14,PROD-101,Stratos Enterprise Suite,Cloud Services,West,1,4500,4685.0,1200,3485.0,605.44,CUST-547,High-Value Enterprise,Medium
TX-10678,2025-01-14,PROD-102,AI Analytics Engine Pro,Enterprise AI,West,1,8200,8350.71,2100,6250.71,1045.4,CUST-601,Growth SMB,Low
TX-10679,2025-01-14,PROD-104,Smart Edge Gateway,Hardware,North,2,1800,3609.16,1900,1709.16,312.44,CUST-258,Growth SMB,Medium
TX-10680,2025-01-14,PROD-101,Stratos Enterprise Suite,Cloud Services,East,3,4500,13956.84,3600,10356.84,1715.82,CUST-320,Growth SMB,Low
TX-10681,2025-01-14,PROD-102,AI Analytics Engine Pro,Enterprise AI,South,1,8200,8344.48,2100,6244.48,1097.43,CUST-228,High-Value Enterprise,Low
TX-10682,2025-01-15,PROD-104,Smart Edge Gateway,Hardware,South,2,1800,3445.48,1900,1545.48,412.16,CUST-101,Growth SMB,Low
TX-10683,2025-01-15,PROD-105,Strategic BI Advisory,Advisory,East,1,12000,11423.0,4500,6923.0,1209.92,CUST-216,New Startup,Low
TX-10684,2025-01-15,PROD-106,Automated ETL Pipeline,Cloud Services,North,2,2900,5537.89,1400,4137.89,603.71,CUST-635,At-Risk Midmarket,High
TX-10685,2025-01-15,PROD-102,AI Analytics Engine Pro,Enterprise AI,Central,1,8200,8319.66,2100,6219.66,781.82,CUST-370,Growth SMB,Low
TX-10686,2025-01-16,PROD-101,Stratos Enterprise Suite,Cloud Services,Central,1,4500,4717.84,1200,3517.84,460.15,CUST-202,Growth SMB,Medium
TX-10687,2025-01-16,PROD-102,AI Analytics Engine Pro,Enterprise AI,West,1,8200,8524.57,2100,6424.57,734.89,CUST-690,Growth SMB,Low
TX-10688,2025-01-16,PROD-104,Smart Edge Gateway,Hardware,East,1,1800,1794.43,950,844.43,151.2,CUST-897,At-Risk Midmarket,High
TX-10689,2025-01-16,PROD-106,Automated ETL Pipeline,Cloud Services,South,2,2900,5755.62,1400,4355.62,616.67,CUST-208,Growth SMB,Low
TX-10690,2025-01-16,PROD-105,Strategic BI Advisory,Advisory,East,1,12000,11597.92,4500,7097.92,1014.55,CUST-633,High-Value Enterprise,Low
TX-10691,2025-01-17,PROD-104,Smart Edge Gateway,Hardware,West,1,1800,1792.0,950,842.0,239.16,CUST-770,Growth SMB,Low
TX-10692,2025-01-17,PROD-106,Automated ETL Pipeline,Cloud Services,South,1,2900,2890.44,700,2190.44,350.15,CUST-970,High-Value Enterprise,Low
TX-10693,2025-01-17,PROD-103,Legacy Data Server V1,Hardware,Central,2,3100,6280.99,4400,1880.99,664.58,CUST-858,High-Value Enterprise,Low
TX-10694,2025-01-17,PROD-102,AI Analytics Engine Pro,Enterprise AI,EMEA,1,8200,8507.29,2100,6407.29,1057.0,CUST-199,New Startup,Medium
TX-10695,2025-01-17,PROD-106,Automated ETL Pipeline,Cloud Services,APAC,2,2900,5526.31,1400,4126.31,566.55,CUST-181,Growth SMB,Low
TX-10696,2025-01-17,PROD-101,Stratos Enterprise Suite,Cloud Services,Central,2,4500,8646.71,2400,6246.71,700.51,CUST-821,High-Value Enterprise,Medium
TX-10697,2025-01-18,PROD-102,AI Analytics Engine Pro,Enterprise AI,North,1,8200,8129.24,2100,6029.24,981.47,CUST-151,At-Risk Midmarket,High
TX-10698,2025-01-18,PROD-105,Strategic BI Advisory,Advisory,North,1,12000,12586.19,4500,8086.19,1266.91,CUST-333,At-Risk Midmarket,High
TX-10699,2025-01-18,PROD-101,Stratos Enterprise Suite,Cloud Services,South,1,4500,4445.24,1200,3245.24,379.2,CUST-485,High-Value Enterprise,Medium
TX-10700,2025-01-18,PROD-106,Automated ETL Pipeline,Cloud Services,East,1,2900,2770.76,700,2070.76,224.74,CUST-857,At-Risk Midmarket,High
TX-10701,2025-01-18,PROD-101,Stratos Enterprise Suite,Cloud Services,West,1,4500,4412.65,1200,3212.65,480.93,CUST-205,At-Risk Midmarket,High
TX-10702,2025-01-18,PROD-104,Smart Edge Gateway,Hardware,West,2,1800,3466.01,1900,1566.01,398.36,CUST-934,New Startup,Medium
TX-10703,2025-01-19,PROD-101,Stratos Enterprise Suite,Cloud Services,Central,3,4500,13640.81,3600,10040.81,1606.9,CUST-757,Growth SMB,Low
TX-10704,2025-01-19,PROD-104,Smart Edge Gateway,Hardware,North,1,1800,1842.49,950,892.49,182.78,CUST-363,New Startup,Medium
TX-10705,2025-01-19,PROD-101,Stratos Enterprise Suite,Cloud Services,North,2,4500,9170.81,2400,6770.81,1253.92,CUST-125,At-Risk Midmarket,High
TX-10706,2025-01-19,PROD-103,Legacy Data Server V1,Hardware,East,1,3100,3076.03,2200,876.03,378.61,CUST-328,Growth SMB,High
TX-10707,2025-01-20,PROD-104,Smart Edge Gateway,Hardware,South,1,1800,1814.08,950,864.08,210.18,CUST-368,Growth SMB,Low
TX-10708,2025-01-20,PROD-103,Legacy Data Server V1,Hardware,East,1,3100,3139.31,2200,939.31,318.72,CUST-650,Growth SMB,High
TX-10709,2025-01-20,PROD-101,Stratos Enterprise Suite,Cloud Services,North,2,4500,9084.72,2400,6684.72,1118.86,CUST-941,Growth SMB,Low
TX-10710,2025-01-20,PROD-106,Automated ETL Pipeline,Cloud Services,South,3,2900,8737.36,2100,6637.36,766.82,CUST-554,New Startup,Low
TX-10711,2025-01-21,PROD-105,Strategic BI Advisory,Advisory,East,1,12000,11460.96,4500,6960.96,1238.91,CUST-880,High-Value Enterprise,Medium
TX-10712,2025-01-21,PROD-102,AI Analytics Engine Pro,Enterprise AI,East,1,8200,8597.35,2100,6497.35,1031.55,CUST-531,Growth SMB,Low
TX-10713,2025-01-21,PROD-103,Legacy Data Server V1,Hardware,North,1,3100,3145.89,2200,945.89,298.0,CUST-705,New Startup,High
TX-10714,2025-01-22,PROD-103,Legacy Data Server V1,Hardware,North,1,3100,3102.84,2200,902.84,252.82,CUST-819,Growth SMB,High
TX-10715,2025-01-22,PROD-103,Legacy Data Server V1,Hardware,East,2,3100,5915.77,4400,1515.77,546.66,CUST-398,New Startup,Low
TX-10716,2025-01-22,PROD-103,Legacy Data Server V1,Hardware,South,1,3100,2990.45,2200,790.45,267.88,CUST-433,High-Value Enterprise,High
TX-10717,2025-01-23,PROD-105,Strategic BI Advisory,Advisory,West,1,12000,12323.68,4500,7823.68,1585.52,CUST-504,Growth SMB,Medium
TX-10718,2025-01-23,PROD-103,Legacy Data Server V1,Hardware,East,1,3100,3223.24,2200,1023.24,433.42,CUST-779,At-Risk Midmarket,High
TX-10719,2025-01-23,PROD-102,AI Analytics Engine Pro,Enterprise AI,EMEA,1,8200,8450.2,2100,6350.2,1107.04,CUST-492,At-Risk Midmarket,High
TX-10720,2025-01-24,PROD-103,Legacy Data Server V1,Hardware,North,1,3100,3244.13,2200,1044.13,312.77,CUST-273,Growth SMB,Medium
TX-10721,2025-01-24,PROD-103,Legacy Data Server V1,Hardware,North,1,3100,3234.0,2200,1034.0,387.94,CUST-632,High-Value Enterprise,Medium
TX-10722,2025-01-24,PROD-105,Strategic BI Advisory,Advisory,East,1,12000,12221.32,4500,7721.32,1346.71,CUST-125,Growth SMB,Low
TX-10723,2025-01-24,PROD-101,Stratos Enterprise Suite,Cloud Services,Central,1,4500,4548.5,1200,3348.5,386.75,CUST-390,Growth SMB,Low
TX-10724,2025-01-24,PROD-105,Strategic BI Advisory,Advisory,West,1,12000,11543.34,4500,7043.34,1354.47,CUST-567,Growth SMB,Low
TX-10725,2025-01-24,PROD-106,Automated ETL Pipeline,Cloud Services,APAC,3,2900,8265.55,2100,6165.55,1138.87,CUST-355,Growth SMB,Low
TX-10726,2025-01-24,PROD-104,Smart Edge Gateway,Hardware,North,1,1800,1822.16,950,872.16,184.7,CUST-626,At-Risk Midmarket,High
TX-10727,2025-01-25,PROD-101,Stratos Enterprise Suite,Cloud Services,West,2,4500,9329.94,2400,6929.94,1078.68,CUST-159,High-Value Enterprise,Low
TX-10728,2025-01-25,PROD-103,Legacy Data Server V1,Hardware,North,1,3100,3101.9,2200,901.9,399.77,CUST-500,At-Risk Midmarket,High
TX-10729,2025-01-25,PROD-101,Stratos Enterprise Suite,Cloud Services,South,3,4500,13912.38,3600,10312.38,1395.64,CUST-900,Growth SMB,Medium
TX-10730,2025-01-25,PROD-102,AI Analytics Engine Pro,Enterprise AI,West,3,8200,24668.29,6300,18368.29,2798.53,CUST-941,New Startup,Low
TX-10731,2025-01-25,PROD-105,Strategic BI Advisory,Advisory,North,1,12000,11936.82,4500,7436.82,1105.68,CUST-106,At-Risk Midmarket,High
TX-10732,2025-01-25,PROD-103,Legacy Data Server V1,Hardware,East,1,3100,3083.66,2200,883.66,425.33,CUST-327,Growth SMB,Low
TX-10733,2025-01-26,PROD-104,Smart Edge Gateway,Hardware,West,1,1800,1798.07,950,848.07,174.71,CUST-666,High-Value Enterprise,Low
TX-10734,2025-01-26,PROD-106,Automated ETL Pipeline,Cloud Services,APAC,3,2900,8979.2,2100,6879.2,949.4,CUST-414,Growth SMB,Medium
TX-10735,2025-01-26,PROD-102,AI Analytics Engine Pro,Enterprise AI,South,1,8200,7891.32,2100,5791.32,689.87,CUST-802,Growth SMB,Medium
TX-10736,2025-01-26,PROD-101,Stratos Enterprise Suite,Cloud Services,South,1,4500,4686.61,1200,3486.61,513.71,CUST-326,High-Value Enterprise,Medium
TX-10737,2025-01-26,PROD-104,Smart Edge Gateway,Hardware,West,1,1800,1779.01,950,829.01,231.68,CUST-532,Growth SMB,Medium
TX-10738,2025-01-27,PROD-106,Automated ETL Pipeline,Cloud Services,South,1,2900,2974.33,700,2274.33,334.25,CUST-463,High-Value Enterprise,Low
TX-10739,2025-01-27,PROD-104,Smart Edge Gateway,Hardware,East,3,1800,5188.54,2850,2338.54,687.77,CUST-328,New Startup,Medium
TX-10740,2025-01-27,PROD-106,Automated ETL Pipeline,Cloud Services,East,4,2900,11092.97,2800,8292.97,1012.13,CUST-394,Growth SMB,Low
TX-10741,2025-01-27,PROD-102,AI Analytics Engine Pro,Enterprise AI,West,1,8200,8036.96,2100,5936.96,763.02,CUST-240,High-Value Enterprise,Medium
TX-10742,2025-01-27,PROD-104,Smart Edge Gateway,Hardware,East,1,1800,1735.59,950,785.59,144.35,CUST-342,Growth SMB,Low
TX-10743,2025-01-27,PROD-101,Stratos Enterprise Suite,Cloud Services,Central,2,4500,8727.92,2400,6327.92,865.19,CUST-506,Growth SMB,Low
TX-10744,2025-01-28,PROD-106,Automated ETL Pipeline,Cloud Services,North,2,2900,5594.46,1400,4194.46,681.66,CUST-379,At-Risk Midmarket,High
TX-10745,2025-01-28,PROD-106,Automated ETL Pipeline,Cloud Services,Central,1,2900,2825.6,700,2125.6,368.83,CUST-412,New Startup,Medium
TX-10746,2025-01-28,PROD-104,Smart Edge Gateway,Hardware,North,1,1800,1848.11,950,898.11,250.6,CUST-478,New Startup,Low
TX-10747,2025-01-28,PROD-102,AI Analytics Engine Pro,Enterprise AI,Central,2,8200,17107.92,4200,12907.92,1476.24,CUST-453,At-Risk Midmarket,High
TX-10748,2025-01-28,PROD-106,Automated ETL Pipeline,Cloud Services,East,1,2900,2981.37,700,2281.37,303.19,CUST-191,Growth SMB,Medium
TX-10749,2025-01-28,PROD-104,Smart Edge Gateway,Hardware,North,1,1800,1773.89,950,823.89,195.47,CUST-841,High-Value Enterprise,Medium
TX-10750,2025-01-29,PROD-104,Smart Edge Gateway,Hardware,North,7,1800,12655.6,6650,6005.6,1574.74,CUST-403,Growth SMB,Low
TX-10751,2025-01-29,PROD-101,Stratos Enterprise Suite,Cloud Services,North,1,4500,4483.71,1200,3283.71,405.5,CUST-435,At-Risk Midmarket,High
TX-10752,2025-01-29,PROD-103,Legacy Data Server V1,Hardware,North,1,3100,3137.07,2200,937.07,375.85,CUST-817,Growth SMB,Low
TX-10753,2025-01-29,PROD-106,Automated ETL Pipeline,Cloud Services,East,2,2900,6010.86,1400,4610.86,603.83,CUST-320,High-Value Enterprise,Medium
TX-10754,2025-01-29,PROD-102,AI Analytics Engine Pro,Enterprise AI,APAC,1,8200,8325.24,2100,6225.24,793.73,CUST-543,High-Value Enterprise,Low
TX-10755,2025-01-30,PROD-105,Strategic BI Advisory,Advisory,West,1,12000,12082.58,4500,7582.58,1595.67,CUST-993,At-Risk Midmarket,High
TX-10756,2025-01-30,PROD-101,Stratos Enterprise Suite,Cloud Services,North,5,4500,22887.12,6000,16887.12,2795.19,CUST-401,Growth SMB,Low
TX-10757,2025-01-30,PROD-103,Legacy Data Server V1,Hardware,West,1,3100,3101.21,2200,901.21,250.61,CUST-645,High-Value Enterprise,High
TX-10758,2025-01-30,PROD-104,Smart Edge Gateway,Hardware,Central,2,1800,3543.19,1900,1643.19,324.8,CUST-304,New Startup,Low
TX-10759,2025-01-30,PROD-105,Strategic BI Advisory,Advisory,North,1,12000,11492.07,4500,6992.07,1213.31,CUST-491,At-Risk Midmarket,High
TX-10760,2025-01-30,PROD-102,AI Analytics Engine Pro,Enterprise AI,West,2,8200,17185.43,4200,12985.43,1773.23,CUST-263,Growth SMB,Low
TX-10761,2025-01-31,PROD-106,Automated ETL Pipeline,Cloud Services,West,1,2900,2838.02,700,2138.02,269.18,CUST-944,High-Value Enterprise,Low
TX-10762,2025-01-31,PROD-106,Automated ETL Pipeline,Cloud Services,Central,1,2900,2834.36,700,2134.36,393.41,CUST-836,Growth SMB,Low
TX-10763,2025-01-31,PROD-103,Legacy Data Server V1,Hardware,North,1,3100,3185.52,2200,985.52,340.24,CUST-189,High-Value Enterprise,High
TX-10764,2025-01-31,PROD-101,Stratos Enterprise Suite,Cloud Services,APAC,1,4500,4656.82,1200,3456.82,625.7,CUST-229,Growth SMB,Low
TX-10765,2025-02-01,PROD-102,AI Analytics Engine Pro,Enterprise AI,West,1,8200,8203.05,2100,6103.05,1064.86,CUST-239,Growth SMB,Low
TX-10766,2025-02-01,PROD-106,Automated ETL Pipeline,Cloud Services,North,7,2900,19785.71,4900,14885.71,2128.49,CUST-521,High-Value Enterprise,Low
TX-10767,2025-02-01,PROD-106,Automated ETL Pipeline,Cloud Services,West,1,2900,2874.96,700,2174.96,359.4,CUST-436,Growth SMB,Medium
TX-10768,2025-02-01,PROD-106,Automated ETL Pipeline,Cloud Services,East,4,2900,12033.1,2800,9233.1,1005.8,CUST-630,Growth SMB,Low
TX-10769,2025-02-01,PROD-106,Automated ETL Pipeline,Cloud Services,East,2,2900,5619.92,1400,4219.92,491.95,CUST-787,Growth SMB,Low
TX-10770,2025-02-01,PROD-101,Stratos Enterprise Suite,Cloud Services,West,2,4500,8852.71,2400,6452.71,1019.88,CUST-348,At-Risk Midmarket,High
TX-10771,2025-02-01,PROD-106,Automated ETL Pipeline,Cloud Services,West,2,2900,5936.16,1400,4536.16,564.7,CUST-732,Growth SMB,Low
TX-10772,2025-02-02,PROD-106,Automated ETL Pipeline,Cloud Services,West,1,2900,2791.58,700,2091.58,312.02,CUST-145,Growth SMB,Medium
TX-10773,2025-02-02,PROD-103,Legacy Data Server V1,Hardware,West,1,3100,3254.84,2200,1054.84,381.93,CUST-260,High-Value Enterprise,Low
TX-10774,2025-02-02,PROD-102,AI Analytics Engine Pro,Enterprise AI,North,1,8200,8199.32,2100,6099.32,951.42,CUST-217,High-Value Enterprise,Low
TX-10775,2025-02-02,PROD-103,Legacy Data Server V1,Hardware,South,2,3100,6477.88,4400,2077.88,707.42,CUST-611,At-Risk Midmarket,High
TX-10776,2025-02-02,PROD-102,AI Analytics Engine Pro,Enterprise AI,APAC,1,8200,8566.21,2100,6466.21,1058.6,CUST-771,Growth SMB,Medium
TX-10777,2025-02-02,PROD-106,Automated ETL Pipeline,Cloud Services,Central,4,2900,11863.97,2800,9063.97,1397.48,CUST-280,Growth SMB,Low
TX-10778,2025-02-03,PROD-106,Automated ETL Pipeline,Cloud Services,North,2,2900,5670.63,1400,4270.63,476.04,CUST-938,Growth SMB,Low
TX-10779,2025-02-03,PROD-101,Stratos Enterprise Suite,Cloud Services,South,2,4500,9021.88,2400,6621.88,1243.01,CUST-426,Growth SMB,Low
TX-10780,2025-02-03,PROD-102,AI Analytics Engine Pro,Enterprise AI,Central,1,8200,8248.89,2100,6148.89,798.17,CUST-694,High-Value Enterprise,Low
TX-10781,2025-02-03,PROD-101,Stratos Enterprise Suite,Cloud Services,Central,1,4500,4655.4,1200,3455.4,575.55,CUST-626,At-Risk Midmarket,High
TX-10782,2025-02-03,PROD-101,Stratos Enterprise Suite,Cloud Services,North,1,4500,4631.64,1200,3431.64,422.47,CUST-688,High-Value Enterprise,Medium
TX-10783,2025-02-04,PROD-104,Smart Edge Gateway,Hardware,West,2,1800,3461.58,1900,1561.58,344.66,CUST-637,High-Value Enterprise,Low
TX-10784,2025-02-04,PROD-103,Legacy Data Server V1,Hardware,West,1,3100,3133.16,2200,933.16,286.09,CUST-724,New Startup,High
TX-10785,2025-02-04,PROD-105,Strategic BI Advisory,Advisory,South,1,12000,12070.96,4500,7570.96,1329.82,CUST-629,Growth SMB,Medium
TX-10786,2025-02-04,PROD-103,Legacy Data Server V1,Hardware,South,1,3100,2947.63,2200,747.63,370.4,CUST-817,Growth SMB,Low
TX-10787,2025-02-04,PROD-106,Automated ETL Pipeline,Cloud Services,Central,1,2900,2808.31,700,2108.31,321.88,CUST-871,New Startup,Low
TX-10788,2025-02-04,PROD-104,Smart Edge Gateway,Hardware,North,2,1800,3582.85,1900,1682.85,323.05,CUST-948,At-Risk Midmarket,High
TX-10789,2025-02-04,PROD-105,Strategic BI Advisory,Advisory,EMEA,1,12000,11851.48,4500,7351.48,1606.29,CUST-486,At-Risk Midmarket,High
TX-10790,2025-02-05,PROD-103,Legacy Data Server V1,Hardware,EMEA,1,3100,3152.44,2200,952.44,329.8,CUST-190,At-Risk Midmarket,High
TX-10791,2025-02-05,PROD-105,Strategic BI Advisory,Advisory,North,1,12000,11761.99,4500,7261.99,1211.97,CUST-418,High-Value Enterprise,Low
TX-10792,2025-02-05,PROD-103,Legacy Data Server V1,Hardware,South,1,3100,3230.43,2200,1030.43,371.16,CUST-276,High-Value Enterprise,High
TX-10793,2025-02-06,PROD-103,Legacy Data Server V1,Hardware,East,1,3100,3198.76,2200,998.76,428.56,CUST-654,Growth SMB,Low
TX-10794,2025-02-06,PROD-101,Stratos Enterprise Suite,Cloud Services,South,1,4500,4602.82,1200,3402.82,423.37,CUST-224,High-Value Enterprise,Low
TX-10795,2025-02-06,PROD-103,Legacy Data Server V1,Hardware,South,1,3100,3182.82,2200,982.82,440.38,CUST-815,Growth SMB,Low
TX-10796,2025-02-06,PROD-102,AI Analytics Engine Pro,Enterprise AI,West,1,8200,8335.93,2100,6235.93,929.29,CUST-413,Growth SMB,Low
TX-10797,2025-02-06,PROD-101,Stratos Enterprise Suite,Cloud Services,APAC,1,4500,4477.41,1200,3277.41,561.38,CUST-870,Growth SMB,Low
TX-10798,2025-02-06,PROD-106,Automated ETL Pipeline,Cloud Services,APAC,6,2900,18035.09,4200,13835.09,1789.75,CUST-699,Growth SMB,Low
TX-10799,2025-02-07,PROD-102,AI Analytics Engine Pro,Enterprise AI,East,1,8200,8388.12,2100,6288.12,952.75,CUST-475,High-Value Enterprise,Low
TX-10800,2025-02-07,PROD-102,AI Analytics Engine Pro,Enterprise AI,South,1,8200,7849.73,2100,5749.73,1067.24,CUST-503,At-Risk Midmarket,High
TX-10801,2025-02-07,PROD-102,AI Analytics Engine Pro,Enterprise AI,Central,2,8200,16942.24,4200,12742.24,1936.16,CUST-307,Growth SMB,Low
TX-10802,2025-02-07,PROD-106,Automated ETL Pipeline,Cloud Services,West,2,2900,5689.43,1400,4289.43,692.11,CUST-797,Growth SMB,Low
TX-10803,2025-02-07,PROD-102,AI Analytics Engine Pro,Enterprise AI,South,1,8200,8437.91,2100,6337.91,785.29,CUST-530,Growth SMB,Low
TX-10804,2025-02-07,PROD-102,AI Analytics Engine Pro,Enterprise AI,West,1,8200,8453.26,2100,6353.26,825.73,CUST-769,At-Risk Midmarket,High
TX-10805,2025-02-08,PROD-103,Legacy Data Server V1,Hardware,South,2,3100,6300.11,4400,1900.11,845.45,CUST-551,Growth SMB,High
TX-10806,2025-02-08,PROD-106,Automated ETL Pipeline,Cloud Services,North,1,2900,2799.65,700,2099.65,342.46,CUST-338,High-Value Enterprise,Low
TX-10807,2025-02-08,PROD-105,Strategic BI Advisory,Advisory,West,1,12000,11442.19,4500,6942.19,1310.18,CUST-313,New Startup,Low
TX-10808,2025-02-08,PROD-105,Strategic BI Advisory,Advisory,East,1,12000,11404.93,4500,6904.93,919.93,CUST-301,New Startup,Low
TX-10809,2025-02-08,PROD-104,Smart Edge Gateway,Hardware,West,1,1800,1869.94,950,919.94,199.18,CUST-275,At-Risk Midmarket,High
TX-10810,2025-02-08,PROD-101,Stratos Enterprise Suite,Cloud Services,Central,4,4500,18445.67,4800,13645.67,2582.12,CUST-936,At-Risk Midmarket,High
TX-10811,2025-02-09,PROD-102,AI Analytics Engine Pro,Enterprise AI,West,1,8200,7791.17,2100,5691.17,833.46,CUST-716,Growth SMB,Low
TX-10812,2025-02-09,PROD-102,AI Analytics Engine Pro,Enterprise AI,EMEA,1,8200,7920.99,2100,5820.99,711.65,CUST-386,Growth SMB,Medium
TX-10813,2025-02-09,PROD-106,Automated ETL Pipeline,Cloud Services,APAC,2,2900,5575.45,1400,4175.45,737.08,CUST-545,New Startup,Low
TX-10814,2025-02-10,PROD-103,Legacy Data Server V1,Hardware,South,1,3100,3251.68,2200,1051.68,270.82,CUST-868,At-Risk Midmarket,High
TX-10815,2025-02-10,PROD-105,Strategic BI Advisory,Advisory,East,1,12000,12526.46,4500,8026.46,1607.21,CUST-644,Growth SMB,Low
TX-10816,2025-02-10,PROD-105,Strategic BI Advisory,Advisory,South,1,12000,12226.03,4500,7726.03,1168.66,CUST-639,High-Value Enterprise,Medium
TX-10817,2025-02-10,PROD-105,Strategic BI Advisory,Advisory,North,1,12000,11532.65,4500,7032.65,1074.42,CUST-198,Growth SMB,Low
TX-10818,2025-02-10,PROD-101,Stratos Enterprise Suite,Cloud Services,West,1,4500,4623.3,1200,3423.3,384.31,CUST-119,Growth SMB,Medium
TX-10819,2025-02-10,PROD-102,AI Analytics Engine Pro,Enterprise AI,North,3,8200,24650.0,6300,18350.0,3414.39,CUST-961,High-Value Enterprise,Medium
TX-10820,2025-02-11,PROD-102,AI Analytics Engine Pro,Enterprise AI,North,1,8200,8579.0,2100,6479.0,835.56,CUST-405,Growth SMB,Low
TX-10821,2025-02-11,PROD-105,Strategic BI Advisory,Advisory,South,1,12000,11868.35,4500,7368.35,1025.02,CUST-238,New Startup,Low
TX-10822,2025-02-11,PROD-104,Smart Edge Gateway,Hardware,West,3,1800,5582.22,2850,2732.22,550.36,CUST-544,Growth SMB,Low
TX-10823,2025-02-11,PROD-106,Automated ETL Pipeline,Cloud Services,APAC,3,2900,8707.11,2100,6607.11,1080.8,CUST-252,Growth SMB,Medium
TX-10824,2025-02-12,PROD-106,Automated ETL Pipeline,Cloud Services,APAC,1,2900,2962.39,700,2262.39,292.97,CUST-805,At-Risk Midmarket,High
TX-10825,2025-02-12,PROD-101,Stratos Enterprise Suite,Cloud Services,EMEA,1,4500,4554.0,1200,3354.0,457.28,CUST-555,Growth SMB,Low
TX-10826,2025-02-12,PROD-102,AI Analytics Engine Pro,Enterprise AI,North,1,8200,7798.02,2100,5698.02,658.99,CUST-231,Growth SMB,Low
TX-10827,2025-02-12,PROD-102,AI Analytics Engine Pro,Enterprise AI,North,1,8200,8480.43,2100,6380.43,924.12,CUST-430,New Startup,Low
TX-10828,2025-02-13,PROD-105,Strategic BI Advisory,Advisory,EMEA,1,12000,12475.48,4500,7975.48,1601.88,CUST-781,Growth SMB,Medium
TX-10829,2025-02-13,PROD-102,AI Analytics Engine Pro,Enterprise AI,East,1,8200,7820.98,2100,5720.98,927.59,CUST-335,High-Value Enterprise,Low
TX-10830,2025-02-13,PROD-101,Stratos Enterprise Suite,Cloud Services,South,2,4500,8602.4,2400,6202.4,1166.66,CUST-152,At-Risk Midmarket,High
TX-10831,2025-02-13,PROD-106,Automated ETL Pipeline,Cloud Services,North,4,2900,11263.92,2800,8463.92,1283.56,CUST-935,Growth SMB,Low
TX-10832,2025-02-13,PROD-105,Strategic BI Advisory,Advisory,East,1,12000,11784.68,4500,7284.68,1008.9,CUST-575,Growth SMB,Low
TX-10833,2025-02-14,PROD-101,Stratos Enterprise Suite,Cloud Services,East,2,4500,9280.77,2400,6880.77,1225.33,CUST-992,Growth SMB,Low
TX-10834,2025-02-14,PROD-101,Stratos Enterprise Suite,Cloud Services,Central,1,4500,4284.05,1200,3084.05,536.21,CUST-323,High-Value Enterprise,Medium
TX-10835,2025-02-14,PROD-104,Smart Edge Gateway,Hardware,North,2,1800,3672.95,1900,1772.95,504.51,CUST-406,At-Risk Midmarket,High
TX-10836,2025-02-14,PROD-106,Automated ETL Pipeline,Cloud Services,South,2,2900,5998.68,1400,4598.68,610.25,CUST-929,New Startup,Low
TX-10837,2025-02-14,PROD-104,Smart Edge Gateway,Hardware,North,2,1800,3480.29,1900,1580.29,357.57,CUST-663,Growth SMB,Medium
TX-10838,2025-02-15,PROD-103,Legacy Data Server V1,Hardware,North,3,3100,9234.39,6600,2634.39,999.55,CUST-371,Growth SMB,Medium
TX-10839,2025-02-15,PROD-105,Strategic BI Advisory,Advisory,South,1,12000,12514.21,4500,8014.21,1436.43,CUST-460,High-Value Enterprise,Low
TX-10840,2025-02-15,PROD-102,AI Analytics Engine Pro,Enterprise AI,South,1,8200,7943.15,2100,5843.15,1031.61,CUST-682,Growth SMB,Low
TX-10841,2025-02-16,PROD-103,Legacy Data Server V1,Hardware,Central,1,3100,2949.8,2200,749.8,265.5,CUST-741,High-Value Enterprise,High
TX-10842,2025-02-16,PROD-103,Legacy Data Server V1,Hardware,APAC,1,3100,3055.49,2200,855.49,381.51,CUST-649,High-Value Enterprise,High
TX-10843,2025-02-16,PROD-102,AI Analytics Engine Pro,Enterprise AI,EMEA,1,8200,7822.86,2100,5722.86,1087.84,CUST-516,At-Risk Midmarket,High
TX-10844,2025-02-16,PROD-104,Smart Edge Gateway,Hardware,North,1,1800,1791.76,950,841.76,236.16,CUST-801,At-Risk Midmarket,High
TX-10845,2025-02-16,PROD-102,AI Analytics Engine Pro,Enterprise AI,EMEA,1,8200,8274.47,2100,6174.47,913.06,CUST-812,High-Value Enterprise,Low
TX-10846,2025-02-16,PROD-106,Automated ETL Pipeline,Cloud Services,North,2,2900,5769.59,1400,4369.59,748.7,CUST-716,At-Risk Midmarket,High
TX-10847,2025-02-16,PROD-103,Legacy Data Server V1,Hardware,East,1,3100,3220.23,2200,1020.23,345.55,CUST-356,Growth SMB,High
TX-10848,2025-02-17,PROD-102,AI Analytics Engine Pro,Enterprise AI,South,1,8200,8067.01,2100,5967.01,833.21,CUST-997,Growth SMB,Low
TX-10849,2025-02-17,PROD-103,Legacy Data Server V1,Hardware,East,1,3100,3246.62,2200,1046.62,302.87,CUST-192,High-Value Enterprise,Low
TX-10850,2025-02-17,PROD-101,Stratos Enterprise Suite,Cloud Services,West,2,4500,8985.77,2400,6585.77,1068.28,CUST-763,At-Risk Midmarket,High
TX-10851,2025-02-18,PROD-103,Legacy Data Server V1,Hardware,West,1,3100,2973.19,2200,773.19,402.55,CUST-127,Growth SMB,High
TX-10852,2025-02-18,PROD-104,Smart Edge Gateway,Hardware,South,2,1800,3768.39,1900,1868.39,374.17,CUST-474,Growth SMB,Low
TX-10853,2025-02-18,PROD-104,Smart Edge Gateway,Hardware,South,4,1800,6915.67,3800,3115.67,838.9,CUST-824,Growth SMB,Low
TX-10854,2025-02-18,PROD-104,Smart Edge Gateway,Hardware,Central,3,1800,5418.38,2850,2568.38,719.39,CUST-541,High-Value Enterprise,Low
TX-10855,2025-02-18,PROD-101,Stratos Enterprise Suite,Cloud Services,North,2,4500,8964.78,2400,6564.78,1078.27,CUST-458,Growth SMB,Medium
TX-10856,2025-02-18,PROD-106,Automated ETL Pipeline,Cloud Services,West,2,2900,6058.55,1400,4658.55,532.88,CUST-931,New Startup,Low
TX-10857,2025-02-18,PROD-102,AI Analytics Engine Pro,Enterprise AI,EMEA,1,8200,8153.29,2100,6053.29,954.5,CUST-535,At-Risk Midmarket,High
TX-10858,2025-02-19,PROD-101,Stratos Enterprise Suite,Cloud Services,South,3,4500,13811.75,3600,10211.75,1343.37,CUST-567,Growth SMB,Medium
TX-10859,2025-02-19,PROD-102,AI Analytics Engine Pro,Enterprise AI,APAC,1,8200,8301.84,2100,6201.84,729.92,CUST-689,Growth SMB,Low
TX-10860,2025-02-19,PROD-105,Strategic BI Advisory,Advisory,East,1,12000,12299.67,4500,7799.67,1055.42,CUST-637,New Startup,Medium
TX-10861,2025-02-19,PROD-106,Automated ETL Pipeline,Cloud Services,Central,1,2900,2873.77,700,2173.77,364.41,CUST-448,High-Value Enterprise,Low
TX-10862,2025-02-19,PROD-101,Stratos Enterprise Suite,Cloud Services,APAC,1,4500,4547.28,1200,3347.28,516.54,CUST-700,Growth SMB,Medium
TX-10863,2025-02-20,PROD-105,Strategic BI Advisory,Advisory,Central,1,12000,11669.47,4500,7169.47,1259.49,CUST-649,New Startup,Medium
TX-10864,2025-02-20,PROD-102,AI Analytics Engine Pro,Enterprise AI,APAC,1,8200,8192.37,2100,6092.37,870.99,CUST-310,High-Value Enterprise,Low
TX-10865,2025-02-20,PROD-102,AI Analytics Engine Pro,Enterprise AI,EMEA,1,8200,8490.49,2100,6390.49,1077.43,CUST-894,New Startup,Low
TX-10866,2025-02-21,PROD-101,Stratos Enterprise Suite,Cloud Services,EMEA,2,4500,8822.05,2400,6422.05,1179.55,CUST-891,New Startup,Medium
TX-10867,2025-02-21,PROD-102,AI Analytics Engine Pro,Enterprise AI,North,1,8200,8152.76,2100,6052.76,674.76,CUST-428,New Startup,Medium
TX-10868,2025-02-21,PROD-104,Smart Edge Gateway,Hardware,East,4,1800,6926.23,3800,3126.23,775.16,CUST-766,Growth SMB,Medium
TX-10869,2025-02-22,PROD-102,AI Analytics Engine Pro,Enterprise AI,North,1,8200,8552.11,2100,6452.11,1006.63,CUST-286,Growth SMB,Low
TX-10870,2025-02-22,PROD-104,Smart Edge Gateway,Hardware,EMEA,4,1800,7075.28,3800,3275.28,882.23,CUST-904,New Startup,Low
TX-10871,2025-02-22,PROD-102,AI Analytics Engine Pro,Enterprise AI,East,1,8200,7891.09,2100,5791.09,701.1,CUST-659,Growth SMB,Low
TX-10872,2025-02-22,PROD-101,Stratos Enterprise Suite,Cloud Services,South,3,4500,13014.67,3600,9414.67,1527.31,CUST-482,High-Value Enterprise,Medium
TX-10873,2025-02-22,PROD-101,Stratos Enterprise Suite,Cloud Services,East,3,4500,12968.28,3600,9368.28,1420.89,CUST-771,Growth SMB,Low
TX-10874,2025-02-23,PROD-101,Stratos Enterprise Suite,Cloud Services,West,3,4500,13329.28,3600,9729.28,1602.16,CUST-543,Growth SMB,Medium
TX-10875,2025-02-23,PROD-103,Legacy Data Server V1,Hardware,West,1,3100,2991.95,2200,791.95,318.68,CUST-516,Growth SMB,Low
TX-10876,2025-02-23,PROD-106,Automated ETL Pipeline,Cloud Services,West,1,2900,2848.01,700,2148.01,376.1,CUST-303,New Startup,Low
TX-10877,2025-02-23,PROD-101,Stratos Enterprise Suite,Cloud Services,East,3,4500,12957.11,3600,9357.11,1484.49,CUST-259,High-Value Enterprise,Medium
TX-10878,2025-02-23,PROD-105,Strategic BI Advisory,Advisory,North,3,12000,37658.05,13500,24158.05,3334.97,CUST-391,High-Value Enterprise,Medium
TX-10879,2025-02-24,PROD-105,Strategic BI Advisory,Advisory,North,1,12000,12210.64,4500,7710.64,1546.35,CUST-894,High-Value Enterprise,Low
TX-10880,2025-02-24,PROD-101,Stratos Enterprise Suite,Cloud Services,North,1,4500,4580.45,1200,3380.45,414.83,CUST-765,High-Value Enterprise,Low
TX-10881,2025-02-24,PROD-102,AI Analytics Engine Pro,Enterprise AI,South,1,8200,7949.53,2100,5849.53,984.95,CUST-696,Growth SMB,Low
TX-10882,2025-02-25,PROD-103,Legacy Data Server V1,Hardware,North,1,3100,2975.84,2200,775.84,345.94,CUST-924,New Startup,Low
TX-10883,2025-02-25,PROD-106,Automated ETL Pipeline,Cloud Services,East,1,2900,2879.99,700,2179.99,260.6,CUST-949,Growth SMB,Medium
TX-10884,2025-02-25,PROD-102,AI Analytics Engine Pro,Enterprise AI,West,1,8200,8590.21,2100,6490.21,834.76,CUST-483,Growth SMB,Medium
TX-10885,2025-02-25,PROD-105,Strategic BI Advisory,Advisory,North,1,12000,12286.71,4500,7786.71,1582.0,CUST-948,Growth SMB,Medium
TX-10886,2025-02-25,PROD-106,Automated ETL Pipeline,Cloud Services,West,1,2900,2891.02,700,2191.02,318.78,CUST-334,Growth SMB,Low
TX-10887,2025-02-25,PROD-104,Smart Edge Gateway,Hardware,East,1,1800,1726.11,950,776.11,183.01,CUST-656,Growth SMB,Low
TX-10888,2025-02-25,PROD-105,Strategic BI Advisory,Advisory,South,1,12000,11631.58,4500,7131.58,1011.61,CUST-931,At-Risk Midmarket,High
TX-10889,2025-02-26,PROD-104,Smart Edge Gateway,Hardware,South,1,1800,1728.11,950,778.11,170.35,CUST-786,Growth SMB,Medium
TX-10890,2025-02-26,PROD-102,AI Analytics Engine Pro,Enterprise AI,North,1,8200,8481.22,2100,6381.22,943.34,CUST-566,High-Value Enterprise,Low
TX-10891,2025-02-26,PROD-101,Stratos Enterprise Suite,Cloud Services,North,4,4500,18616.27,4800,13816.27,2338.88,CUST-551,New Startup,Low
TX-10892,2025-02-26,PROD-103,Legacy Data Server V1,Hardware,North,1,3100,3154.86,2200,954.86,346.51,CUST-640,New Startup,High
TX-10893,2025-02-26,PROD-104,Smart Edge Gateway,Hardware,EMEA,3,1800,5151.67,2850,2301.67,690.77,CUST-964,New Startup,Low
TX-10894,2025-02-26,PROD-101,Stratos Enterprise Suite,Cloud Services,Central,1,4500,4426.27,1200,3226.27,436.02,CUST-130,At-Risk Midmarket,High
TX-10895,2025-02-26,PROD-101,Stratos Enterprise Suite,Cloud Services,West,1,4500,4519.88,1200,3319.88,363.76,CUST-798,At-Risk Midmarket,High
TX-10896,2025-02-27,PROD-104,Smart Edge Gateway,Hardware,North,2,1800,3571.52,1900,1671.52,491.74,CUST-166,Growth SMB,Medium
TX-10897,2025-02-27,PROD-106,Automated ETL Pipeline,Cloud Services,West,1,2900,2930.04,700,2230.04,322.94,CUST-212,High-Value Enterprise,Low
TX-10898,2025-02-27,PROD-104,Smart Edge Gateway,Hardware,East,2,1800,3665.33,1900,1765.33,349.0,CUST-611,New Startup,Low
TX-10899,2025-02-27,PROD-101,Stratos Enterprise Suite,Cloud Services,North,3,4500,13280.92,3600,9680.92,1500.16,CUST-932,High-Value Enterprise,Medium
TX-10900,2025-02-28,PROD-104,Smart Edge Gateway,Hardware,South,2,1800,3640.57,1900,1740.57,419.11,CUST-507,Growth SMB,Medium
TX-10901,2025-02-28,PROD-102,AI Analytics Engine Pro,Enterprise AI,South,1,8200,7974.16,2100,5874.16,877.25,CUST-515,High-Value Enterprise,Low
TX-10902,2025-02-28,PROD-105,Strategic BI Advisory,Advisory,Central,1,12000,11872.42,4500,7372.42,1086.47,CUST-357,Growth SMB,Medium
TX-10903,2025-02-28,PROD-104,Smart Edge Gateway,Hardware,EMEA,1,1800,1850.32,950,900.32,176.07,CUST-449,High-Value Enterprise,Low
TX-10904,2025-02-28,PROD-103,Legacy Data Server V1,Hardware,West,1,3100,3024.12,2200,824.12,364.52,CUST-510,Growth SMB,High
TX-10905,2025-03-01,PROD-106,Automated ETL Pipeline,Cloud Services,West,5,2900,14964.93,3500,11464.93,1231.04,CUST-118,High-Value Enterprise,Medium
TX-10906,2025-03-01,PROD-106,Automated ETL Pipeline,Cloud Services,West,1,2900,3025.44,700,2325.44,330.64,CUST-158,Growth SMB,Medium
TX-10907,2025-03-01,PROD-103,Legacy Data Server V1,Hardware,South,1,3100,3110.71,2200,910.71,374.86,CUST-107,High-Value Enterprise,Medium
TX-10908,2025-03-01,PROD-101,Stratos Enterprise Suite,Cloud Services,North,4,4500,18882.4,4800,14082.4,1747.84,CUST-486,High-Value Enterprise,Low
TX-10909,2025-03-02,PROD-105,Strategic BI Advisory,Advisory,South,1,12000,12497.33,4500,7997.33,1630.13,CUST-330,High-Value Enterprise,Low
TX-10910,2025-03-02,PROD-106,Automated ETL Pipeline,Cloud Services,Central,4,2900,11065.33,2800,8265.33,1309.17,CUST-687,Growth SMB,Medium
TX-10911,2025-03-02,PROD-103,Legacy Data Server V1,Hardware,East,1,3100,2993.74,2200,793.74,363.55,CUST-476,New Startup,High
TX-10912,2025-03-02,PROD-104,Smart Edge Gateway,Hardware,North,1,1800,1813.84,950,863.84,149.56,CUST-155,Growth SMB,Low
TX-10913,2025-03-03,PROD-105,Strategic BI Advisory,Advisory,West,1,12000,12147.98,4500,7647.98,1012.9,CUST-665,High-Value Enterprise,Medium
TX-10914,2025-03-03,PROD-105,Strategic BI Advisory,Advisory,South,1,12000,11597.66,4500,7097.66,1407.36,CUST-826,Growth SMB,Low
TX-10915,2025-03-03,PROD-101,Stratos Enterprise Suite,Cloud Services,South,1,4500,4341.35,1200,3141.35,366.39,CUST-944,Growth SMB,Medium
TX-10916,2025-03-03,PROD-101,Stratos Enterprise Suite,Cloud Services,Central,2,4500,8584.53,2400,6184.53,1006.86,CUST-680,At-Risk Midmarket,High
TX-10917,2025-03-03,PROD-105,Strategic BI Advisory,Advisory,East,1,12000,12171.36,4500,7671.36,1479.65,CUST-392,Growth SMB,Low
TX-10918,2025-03-04,PROD-105,Strategic BI Advisory,Advisory,South,1,12000,12521.12,4500,8021.12,1394.4,CUST-360,New Startup,Low
TX-10919,2025-03-04,PROD-103,Legacy Data Server V1,Hardware,North,1,3100,3174.28,2200,974.28,349.03,CUST-949,Growth SMB,High
TX-10920,2025-03-04,PROD-101,Stratos Enterprise Suite,Cloud Services,West,2,4500,9344.22,2400,6944.22,1074.06,CUST-846,At-Risk Midmarket,High
TX-10921,2025-03-04,PROD-103,Legacy Data Server V1,Hardware,Central,1,3100,3165.49,2200,965.49,272.23,CUST-689,New Startup,High
TX-10922,2025-03-04,PROD-106,Automated ETL Pipeline,Cloud Services,West,1,2900,2894.06,700,2194.06,234.28,CUST-108,At-Risk Midmarket,High
TX-10923,2025-03-04,PROD-105,Strategic BI Advisory,Advisory,South,1,12000,12098.24,4500,7598.24,1008.04,CUST-378,Growth SMB,Low
TX-10924,2025-03-04,PROD-102,AI Analytics Engine Pro,Enterprise AI,North,1,8200,8124.05,2100,6024.05,736.4,CUST-121,Growth SMB,Low
TX-10925,2025-03-05,PROD-106,Automated ETL Pipeline,Cloud Services,North,4,2900,11020.92,2800,8220.92,1417.38,CUST-435,Growth SMB,Medium
TX-10926,2025-03-05,PROD-105,Strategic BI Advisory,Advisory,APAC,1,12000,11494.44,4500,6994.44,1335.94,CUST-584,High-Value Enterprise,Low
TX-10927,2025-03-05,PROD-103,Legacy Data Server V1,Hardware,East,1,3100,3174.91,2200,974.91,311.64,CUST-519,Growth SMB,Low
TX-10928,2025-03-05,PROD-101,Stratos Enterprise Suite,Cloud Services,APAC,4,4500,18107.06,4800,13307.06,1464.36,CUST-787,Growth SMB,Low
TX-10929,2025-03-06,PROD-104,Smart Edge Gateway,Hardware,APAC,5,1800,8972.98,4750,4222.98,1179.72,CUST-896,New Startup,Low
TX-10930,2025-03-06,PROD-102,AI Analytics Engine Pro,Enterprise AI,South,2,8200,17109.53,4200,12909.53,2018.04,CUST-327,At-Risk Midmarket,High
TX-10931,2025-03-06,PROD-101,Stratos Enterprise Suite,Cloud Services,West,1,4500,4658.59,1200,3458.59,512.53,CUST-632,Growth SMB,Low
TX-10932,2025-03-06,PROD-103,Legacy Data Server V1,Hardware,South,1,3100,3234.52,2200,1034.52,298.24,CUST-895,New Startup,High
TX-10933,2025-03-06,PROD-101,Stratos Enterprise Suite,Cloud Services,South,1,4500,4330.37,1200,3130.37,602.71,CUST-944,Growth SMB,Low
TX-10934,2025-03-07,PROD-105,Strategic BI Advisory,Advisory,EMEA,1,12000,12413.28,4500,7913.28,1171.24,CUST-842,High-Value Enterprise,Low
TX-10935,2025-03-07,PROD-104,Smart Edge Gateway,Hardware,East,2,1800,3655.18,1900,1755.18,307.85,CUST-290,Growth SMB,Low
TX-10936,2025-03-07,PROD-101,Stratos Enterprise Suite,Cloud Services,East,4,4500,17886.35,4800,13086.35,1852.01,CUST-531,At-Risk Midmarket,High
TX-10937,2025-03-07,PROD-104,Smart Edge Gateway,Hardware,East,1,1800,1792.02,950,842.02,208.49,CUST-673,High-Value Enterprise,Medium
TX-10938,2025-03-07,PROD-106,Automated ETL Pipeline,Cloud Services,APAC,1,2900,2889.76,700,2189.76,373.48,CUST-995,Growth SMB,Low
TX-10939,2025-03-07,PROD-106,Automated ETL Pipeline,Cloud Services,East,1,2900,2842.93,700,2142.93,346.49,CUST-370,High-Value Enterprise,Medium
TX-10940,2025-03-07,PROD-103,Legacy Data Server V1,Hardware,East,1,3100,3016.72,2200,816.72,266.02,CUST-718,Growth SMB,High
TX-10941,2025-03-08,PROD-105,Strategic BI Advisory,Advisory,West,1,12000,11619.52,4500,7119.52,1229.38,CUST-935,Growth SMB,Low
TX-10942,2025-03-08,PROD-102,AI Analytics Engine Pro,Enterprise AI,Central,4,8200,33304.39,8400,24904.39,3437.78,CUST-103,High-Value Enterprise,Low
TX-10943,2025-03-08,PROD-106,Automated ETL Pipeline,Cloud Services,North,2,2900,5987.14,1400,4587.14,554.43,CUST-718,Growth SMB,Medium
TX-10944,2025-03-08,PROD-105,Strategic BI Advisory,Advisory,East,1,12000,12361.97,4500,7861.97,1316.45,CUST-601,High-Value Enterprise,Low
TX-10945,2025-03-09,PROD-106,Automated ETL Pipeline,Cloud Services,East,2,2900,5666.09,1400,4266.09,726.32,CUST-804,Growth SMB,Medium
TX-10946,2025-03-09,PROD-101,Stratos Enterprise Suite,Cloud Services,Central,4,4500,18323.51,4800,13523.51,2135.45,CUST-812,High-Value Enterprise,Low
TX-10947,2025-03-09,PROD-105,Strategic BI Advisory,Advisory,North,1,12000,12254.49,4500,7754.49,1111.57,CUST-986,Growth SMB,Medium
TX-10948,2025-03-09,PROD-104,Smart Edge Gateway,Hardware,West,1,1800,1727.09,950,777.09,213.63,CUST-570,High-Value Enterprise,Low
TX-10949,2025-03-09,PROD-106,Automated ETL Pipeline,Cloud Services,East,4,2900,11673.38,2800,8873.38,1387.61,CUST-532,High-Value Enterprise,Low
TX-10950,2025-03-09,PROD-104,Smart Edge Gateway,Hardware,EMEA,2,1800,3481.7,1900,1581.7,295.04,CUST-466,New Startup,Low
TX-10951,2025-03-09,PROD-103,Legacy Data Server V1,Hardware,Central,2,3100,6363.25,4400,1963.25,732.97,CUST-635,New Startup,Low
TX-10952,2025-03-10,PROD-104,Smart Edge Gateway,Hardware,North,1,1800,1785.66,950,835.66,238.75,CUST-833,Growth SMB,Low
TX-10953,2025-03-10,PROD-106,Automated ETL Pipeline,Cloud Services,North,2,2900,5520.66,1400,4120.66,531.26,CUST-537,High-Value Enterprise,Low
TX-10954,2025-03-10,PROD-105,Strategic BI Advisory,Advisory,Central,1,12000,11979.37,4500,7479.37,1190.56,CUST-960,Growth SMB,Low
TX-10955,2025-03-10,PROD-106,Automated ETL Pipeline,Cloud Services,West,7,2900,19811.89,4900,14911.89,1932.52,CUST-597,High-Value Enterprise,Low
TX-10956,2025-03-10,PROD-106,Automated ETL Pipeline,Cloud Services,South,1,2900,2872.35,700,2172.35,240.55,CUST-375,Growth SMB,Low
TX-10957,2025-03-10,PROD-103,Legacy Data Server V1,Hardware,North,1,3100,3106.86,2200,906.86,323.4,CUST-299,At-Risk Midmarket,High
TX-10958,2025-03-10,PROD-102,AI Analytics Engine Pro,Enterprise AI,Central,1,8200,7994.88,2100,5894.88,800.99,CUST-128,Growth SMB,Low
TX-10959,2025-03-11,PROD-106,Automated ETL Pipeline,Cloud Services,North,2,2900,5864.33,1400,4464.33,602.22,CUST-860,High-Value Enterprise,Low
TX-10960,2025-03-11,PROD-105,Strategic BI Advisory,Advisory,North,1,12000,12567.65,4500,8067.65,1744.19,CUST-291,Growth SMB,Medium
TX-10961,2025-03-11,PROD-102,AI Analytics Engine Pro,Enterprise AI,West,1,8200,8370.17,2100,6270.17,685.27,CUST-555,Growth SMB,Medium
TX-10962,2025-03-11,PROD-106,Automated ETL Pipeline,Cloud Services,North,5,2900,14115.0,3500,10615.0,1536.26,CUST-575,High-Value Enterprise,Medium
TX-10963,2025-03-11,PROD-104,Smart Edge Gateway,Hardware,South,1,1800,1883.82,950,933.82,152.38,CUST-542,New Startup,Low
TX-10964,2025-03-12,PROD-104,Smart Edge Gateway,Hardware,West,4,1800,7019.97,3800,3219.97,818.33,CUST-946,Growth SMB,Low
TX-10965,2025-03-12,PROD-102,AI Analytics Engine Pro,Enterprise AI,East,1,8200,7965.32,2100,5865.32,687.65,CUST-563,Growth SMB,Low
TX-10966,2025-03-12,PROD-103,Legacy Data Server V1,Hardware,EMEA,1,3100,3219.12,2200,1019.12,424.15,CUST-307,At-Risk Midmarket,High
TX-10967,2025-03-13,PROD-106,Automated ETL Pipeline,Cloud Services,West,2,2900,5943.98,1400,4543.98,515.98,CUST-919,High-Value Enterprise,Medium
TX-10968,2025-03-13,PROD-102,AI Analytics Engine Pro,Enterprise AI,Central,4,8200,31807.71,8400,23407.71,3740.57,CUST-917,Growth SMB,Low
TX-10969,2025-03-13,PROD-106,Automated ETL Pipeline,Cloud Services,EMEA,1,2900,2967.02,700,2267.02,280.48,CUST-921,At-Risk Midmarket,High
TX-10970,2025-03-13,PROD-101,Stratos Enterprise Suite,Cloud Services,Central,2,4500,8854.33,2400,6454.33,765.64,CUST-734,New Startup,Medium
TX-10971,2025-03-13,PROD-105,Strategic BI Advisory,Advisory,North,1,12000,12073.38,4500,7573.38,1310.18,CUST-279,Growth SMB,Low
TX-10972,2025-03-13,PROD-105,Strategic BI Advisory,Advisory,South,1,12000,12450.45,4500,7950.45,1306.42,CUST-672,Growth SMB,Low
TX-10973,2025-03-14,PROD-105,Strategic BI Advisory,Advisory,North,1,12000,11702.7,4500,7202.7,1311.33,CUST-231,Growth SMB,Low
TX-10974,2025-03-14,PROD-103,Legacy Data Server V1,Hardware,North,1,3100,3069.71,2200,869.71,389.85,CUST-280,At-Risk Midmarket,High
TX-10975,2025-03-14,PROD-103,Legacy Data Server V1,Hardware,North,1,3100,3061.66,2200,861.66,311.65,CUST-794,Growth SMB,High
TX-10976,2025-03-15,PROD-105,Strategic BI Advisory,Advisory,North,1,12000,11758.14,4500,7258.14,1390.82,CUST-745,At-Risk Midmarket,High
TX-10977,2025-03-15,PROD-101,Stratos Enterprise Suite,Cloud Services,South,1,4500,4317.65,1200,3117.65,347.17,CUST-348,At-Risk Midmarket,High
TX-10978,2025-03-15,PROD-103,Legacy Data Server V1,Hardware,North,1,3100,2991.27,2200,791.27,282.55,CUST-352,New Startup,Low
TX-10979,2025-03-15,PROD-104,Smart Edge Gateway,Hardware,North,1,1800,1751.53,950,801.53,176.98,CUST-811,At-Risk Midmarket,High
TX-10980,2025-03-15,PROD-105,Strategic BI Advisory,Advisory,South,1,12000,11629.55,4500,7129.55,1214.64,CUST-117,Growth SMB,Low
TX-10981,2025-03-16,PROD-105,Strategic BI Advisory,Advisory,Central,1,12000,12449.93,4500,7949.93,1601.68,CUST-874,Growth SMB,Medium
TX-10982,2025-03-16,PROD-105,Strategic BI Advisory,Advisory,APAC,1,12000,11527.35,4500,7027.35,1398.48,CUST-850,At-Risk Midmarket,High
TX-10983,2025-03-16,PROD-104,Smart Edge Gateway,Hardware,West,1,1800,1754.86,950,804.86,176.38,CUST-573,New Startup,Low
TX-10984,2025-03-16,PROD-102,AI Analytics Engine Pro,Enterprise AI,EMEA,1,8200,8046.89,2100,5946.89,898.08,CUST-864,At-Risk Midmarket,High
TX-10985,2025-03-17,PROD-106,Automated ETL Pipeline,Cloud Services,East,1,2900,2769.25,700,2069.25,222.42,CUST-725,Growth SMB,Low
TX-10986,2025-03-17,PROD-102,AI Analytics Engine Pro,Enterprise AI,East,1,8200,8274.51,2100,6174.51,1115.34,CUST-791,Growth SMB,Medium
TX-10987,2025-03-17,PROD-104,Smart Edge Gateway,Hardware,EMEA,4,1800,7546.34,3800,3746.34,881.58,CUST-227,High-Value Enterprise,Low
TX-10988,2025-03-17,PROD-106,Automated ETL Pipeline,Cloud Services,North,1,2900,2991.89,700,2291.89,241.86,CUST-266,At-Risk Midmarket,High
TX-10989,2025-03-17,PROD-104,Smart Edge Gateway,Hardware,South,2,1800,3445.07,1900,1545.07,397.34,CUST-940,Growth SMB,Low
TX-10990,2025-03-17,PROD-102,AI Analytics Engine Pro,Enterprise AI,East,1,8200,8065.16,2100,5965.16,1117.52,CUST-755,Growth SMB,Medium
TX-10991,2025-03-17,PROD-106,Automated ETL Pipeline,Cloud Services,West,1,2900,2776.61,700,2076.61,307.16,CUST-557,At-Risk Midmarket,High
TX-10992,2025-03-18,PROD-102,AI Analytics Engine Pro,Enterprise AI,Central,2,8200,17148.06,4200,12948.06,2090.29,CUST-277,High-Value Enterprise,Medium
TX-10993,2025-03-18,PROD-102,AI Analytics Engine Pro,Enterprise AI,South,1,8200,7823.07,2100,5723.07,720.26,CUST-905,At-Risk Midmarket,High
TX-10994,2025-03-18,PROD-103,Legacy Data Server V1,Hardware,South,1,3100,3092.79,2200,892.79,297.65,CUST-752,Growth SMB,High
TX-10995,2025-03-18,PROD-103,Legacy Data Server V1,Hardware,South,2,3100,6196.89,4400,1796.89,544.43,CUST-481,Growth SMB,Low
TX-10996,2025-03-18,PROD-105,Strategic BI Advisory,Advisory,North,1,12000,12483.72,4500,7983.72,1646.03,CUST-458,At-Risk Midmarket,High
TX-10997,2025-03-18,PROD-106,Automated ETL Pipeline,Cloud Services,North,1,2900,2919.23,700,2219.23,303.32,CUST-359,Growth SMB,Medium
TX-10998,2025-03-19,PROD-101,Stratos Enterprise Suite,Cloud Services,East,2,4500,8970.98,2400,6570.98,1238.75,CUST-130,At-Risk Midmarket,High
TX-10999,2025-03-19,PROD-106,Automated ETL Pipeline,Cloud Services,North,2,2900,6004.41,1400,4604.41,677.92,CUST-879,Growth SMB,Medium
TX-11000,2025-03-19,PROD-103,Legacy Data Server V1,Hardware,South,1,3100,2994.15,2200,794.15,385.53,CUST-572,Growth SMB,Low
TX-11001,2025-03-19,PROD-105,Strategic BI Advisory,Advisory,East,1,12000,12347.84,4500,7847.84,1445.94,CUST-825,At-Risk Midmarket,High
TX-11002,2025-03-19,PROD-103,Legacy Data Server V1,Hardware,North,1,3100,3175.5,2200,975.5,364.69,CUST-257,Growth SMB,Low
TX-11003,2025-03-20,PROD-103,Legacy Data Server V1,Hardware,East,1,3100,3024.96,2200,824.96,331.21,CUST-271,High-Value Enterprise,High
TX-11004,2025-03-20,PROD-105,Strategic BI Advisory,Advisory,West,1,12000,11507.56,4500,7007.56,1582.91,CUST-839,High-Value Enterprise,Low
TX-11005,2025-03-20,PROD-103,Legacy Data Server V1,Hardware,West,1,3100,3195.24,2200,995.24,325.98,CUST-537,Growth SMB,High
TX-11006,2025-03-20,PROD-105,Strategic BI Advisory,Advisory,Central,2,12000,22959.54,9000,13959.54,1838.95,CUST-798,Growth SMB,Low
TX-11007,2025-03-20,PROD-103,Legacy Data Server V1,Hardware,EMEA,4,3100,11985.82,8800,3185.82,1495.27,CUST-835,At-Risk Midmarket,High
TX-11008,2025-03-21,PROD-104,Smart Edge Gateway,Hardware,South,1,1800,1733.46,950,783.46,170.84,CUST-150,High-Value Enterprise,Low
TX-11009,2025-03-21,PROD-105,Strategic BI Advisory,Advisory,South,1,12000,12105.24,4500,7605.24,1014.93,CUST-131,High-Value Enterprise,Medium
TX-11010,2025-03-21,PROD-106,Automated ETL Pipeline,Cloud Services,North,2,2900,5943.44,1400,4543.44,494.39,CUST-447,Growth SMB,Low
TX-11011,2025-03-21,PROD-105,Strategic BI Advisory,Advisory,West,1,12000,11690.35,4500,7190.35,1130.55,CUST-818,Growth SMB,Low
TX-11012,2025-03-21,PROD-103,Legacy Data Server V1,Hardware,East,1,3100,3144.28,2200,944.28,323.61,CUST-708,New Startup,Medium
TX-11013,2025-03-21,PROD-105,Strategic BI Advisory,Advisory,APAC,2,12000,23848.27,9000,14848.27,2652.19,CUST-947,Growth SMB,Medium
TX-11014,2025-03-21,PROD-101,Stratos Enterprise Suite,Cloud Services,North,1,4500,4683.52,1200,3483.52,577.36,CUST-829,High-Value Enterprise,Low
TX-11015,2025-03-22,PROD-105,Strategic BI Advisory,Advisory,North,1,12000,11532.49,4500,7032.49,1212.88,CUST-775,Growth SMB,Medium
TX-11016,2025-03-22,PROD-104,Smart Edge Gateway,Hardware,North,1,1800,1878.17,950,928.17,159.99,CUST-672,At-Risk Midmarket,High
TX-11017,2025-03-22,PROD-101,Stratos Enterprise Suite,Cloud Services,East,1,4500,4715.1,1200,3515.1,658.5,CUST-376,New Startup,Low
TX-11018,2025-03-22,PROD-101,Stratos Enterprise Suite,Cloud Services,South,1,4500,4712.5,1200,3512.5,420.36,CUST-286,Growth SMB,Medium
TX-11019,2025-03-23,PROD-105,Strategic BI Advisory,Advisory,South,2,12000,24857.26,9000,15857.26,2060.76,CUST-335,New Startup,Low
TX-11020,2025-03-23,PROD-101,Stratos Enterprise Suite,Cloud Services,East,1,4500,4495.11,1200,3295.11,573.71,CUST-648,Growth SMB,Low
TX-11021,2025-03-23,PROD-102,AI Analytics Engine Pro,Enterprise AI,East,1,8200,8299.97,2100,6199.97,1146.38,CUST-754,At-Risk Midmarket,High
TX-11022,2025-03-24,PROD-103,Legacy Data Server V1,Hardware,West,1,3100,3045.41,2200,845.41,268.53,CUST-423,At-Risk Midmarket,High
TX-11023,2025-03-24,PROD-105,Strategic BI Advisory,Advisory,East,1,12000,12209.03,4500,7709.03,1565.88,CUST-846,New Startup,Low
TX-11024,2025-03-24,PROD-104,Smart Edge Gateway,Hardware,East,1,1800,1727.22,950,777.22,232.96,CUST-462,At-Risk Midmarket,High
TX-11025,2025-03-24,PROD-106,Automated ETL Pipeline,Cloud Services,North,4,2900,11318.11,2800,8518.11,1356.47,CUST-151,High-Value Enterprise,Medium
TX-11026,2025-03-24,PROD-105,Strategic BI Advisory,Advisory,West,1,12000,11495.02,4500,6995.02,1256.05,CUST-744,At-Risk Midmarket,High
TX-11027,2025-03-24,PROD-103,Legacy Data Server V1,Hardware,North,1,3100,2999.16,2200,799.16,275.68,CUST-806,New Startup,High
TX-11028,2025-03-24,PROD-106,Automated ETL Pipeline,Cloud Services,West,1,2900,2833.29,700,2133.29,357.29,CUST-428,High-Value Enterprise,Low
TX-11029,2025-03-25,PROD-101,Stratos Enterprise Suite,Cloud Services,East,4,4500,17117.17,4800,12317.17,1783.15,CUST-770,New Startup,Low
TX-11030,2025-03-25,PROD-105,Strategic BI Advisory,Advisory,East,1,12000,12024.62,4500,7524.62,1434.81,CUST-893,Growth SMB,Low
TX-11031,2025-03-25,PROD-102,AI Analytics Engine Pro,Enterprise AI,APAC,1,8200,8353.72,2100,6253.72,793.54,CUST-429,High-Value Enterprise,Medium
TX-11032,2025-03-26,PROD-105,Strategic BI Advisory,Advisory,EMEA,1,12000,12540.46,4500,8040.46,1724.31,CUST-126,High-Value Enterprise,Low
TX-11033,2025-03-26,PROD-106,Automated ETL Pipeline,Cloud Services,North,1,2900,3001.04,700,2301.04,243.76,CUST-645,New Startup,Medium
TX-11034,2025-03-26,PROD-101,Stratos Enterprise Suite,Cloud Services,APAC,2,4500,8581.32,2400,6181.32,897.22,CUST-902,Growth SMB,Medium
TX-11035,2025-03-26,PROD-103,Legacy Data Server V1,Hardware,EMEA,1,3100,3062.38,2200,862.38,321.82,CUST-231,Growth SMB,Low
TX-11036,2025-03-26,PROD-102,AI Analytics Engine Pro,Enterprise AI,South,1,8200,8323.97,2100,6223.97,1049.47,CUST-797,New Startup,Low
TX-11037,2025-03-26,PROD-106,Automated ETL Pipeline,Cloud Services,North,5,2900,15186.98,3500,11686.98,1222.43,CUST-342,Growth SMB,Low
TX-11038,2025-03-26,PROD-102,AI Analytics Engine Pro,Enterprise AI,North,1,8200,7842.16,2100,5742.16,731.4,CUST-274,High-Value Enterprise,Low
TX-11039,2025-03-27,PROD-103,Legacy Data Server V1,Hardware,North,1,3100,3165.08,2200,965.08,354.56,CUST-584,Growth SMB,High
TX-11040,2025-03-27,PROD-105,Strategic BI Advisory,Advisory,Central,1,12000,11804.31,4500,7304.31,1359.02,CUST-359,High-Value Enterprise,Low
TX-11041,2025-03-27,PROD-105,Strategic BI Advisory,Advisory,West,1,12000,12348.84,4500,7848.84,996.72,CUST-255,Growth SMB,Low
TX-11042,2025-03-27,PROD-101,Stratos Enterprise Suite,Cloud Services,South,2,4500,8864.87,2400,6464.87,1042.96,CUST-201,High-Value Enterprise,Low
TX-11043,2025-03-28,PROD-105,Strategic BI Advisory,Advisory,APAC,1,12000,12165.24,4500,7665.24,1342.62,CUST-581,New Startup,Low
TX-11044,2025-03-28,PROD-105,Strategic BI Advisory,Advisory,West,1,12000,11437.94,4500,6937.94,1092.44,CUST-467,At-Risk Midmarket,High
TX-11045,2025-03-28,PROD-101,Stratos Enterprise Suite,Cloud Services,Central,7,4500,30598.28,8400,22198.28,3654.63,CUST-112,At-Risk Midmarket,High
TX-11046,2025-03-28,PROD-103,Legacy Data Server V1,Hardware,West,1,3100,3064.62,2200,864.62,425.75,CUST-895,Growth SMB,High
TX-11047,2025-03-28,PROD-103,Legacy Data Server V1,Hardware,North,1,3100,3074.82,2200,874.82,325.66,CUST-741,Growth SMB,High
TX-11048,2025-03-28,PROD-104,Smart Edge Gateway,Hardware,East,1,1800,1732.24,950,782.24,149.08,CUST-613,High-Value Enterprise,Medium
TX-11049,2025-03-29,PROD-106,Automated ETL Pipeline,Cloud Services,Central,1,2900,2969.49,700,2269.49,311.97,CUST-658,Growth SMB,Low
TX-11050,2025-03-29,PROD-106,Automated ETL Pipeline,Cloud Services,East,1,2900,2984.67,700,2284.67,261.55,CUST-657,New Startup,Low
TX-11051,2025-03-29,PROD-105,Strategic BI Advisory,Advisory,Central,1,12000,12042.3,4500,7542.3,1472.63,CUST-243,Growth SMB,Medium
TX-11052,2025-03-30,PROD-106,Automated ETL Pipeline,Cloud Services,Central,1,2900,2844.57,700,2144.57,340.02,CUST-118,Growth SMB,Low
TX-11053,2025-03-30,PROD-105,Strategic BI Advisory,Advisory,North,1,12000,11809.83,4500,7309.83,1628.31,CUST-259,High-Value Enterprise,Low
TX-11054,2025-03-30,PROD-104,Smart Edge Gateway,Hardware,South,2,1800,3695.16,1900,1795.16,404.84,CUST-873,High-Value Enterprise,Low
TX-11055,2025-03-31,PROD-106,Automated ETL Pipeline,Cloud Services,West,2,2900,5581.29,1400,4181.29,514.51,CUST-691,At-Risk Midmarket,High
TX-11056,2025-03-31,PROD-103,Legacy Data Server V1,Hardware,North,1,3100,2971.8,2200,771.8,373.16,CUST-106,Growth SMB,High
TX-11057,2025-03-31,PROD-103,Legacy Data Server V1,Hardware,South,1,3100,3245.09,2200,1045.09,396.47,CUST-905,Growth SMB,Low
TX-11058,2025-03-31,PROD-105,Strategic BI Advisory,Advisory,East,1,12000,11473.87,4500,6973.87,1369.12,CUST-265,At-Risk Midmarket,High
TX-11059,2025-04-01,PROD-105,Strategic BI Advisory,Advisory,North,1,12000,12504.24,4500,8004.24,1037.22,CUST-727,Growth SMB,Low
TX-11060,2025-04-01,PROD-104,Smart Edge Gateway,Hardware,South,1,1800,1841.84,950,891.84,250.47,CUST-885,New Startup,Medium
TX-11061,2025-04-01,PROD-105,Strategic BI Advisory,Advisory,North,1,12000,11573.0,4500,7073.0,1564.86,CUST-561,Growth SMB,Low
TX-11062,2025-04-01,PROD-105,Strategic BI Advisory,Advisory,North,1,12000,12006.89,4500,7506.89,1549.2,CUST-843,Growth SMB,Medium
TX-11063,2025-04-02,PROD-106,Automated ETL Pipeline,Cloud Services,West,1,2900,2955.64,700,2255.64,349.49,CUST-610,At-Risk Midmarket,High
TX-11064,2025-04-02,PROD-105,Strategic BI Advisory,Advisory,South,1,12000,11584.59,4500,7084.59,1478.27,CUST-402,High-Value Enterprise,Low
TX-11065,2025-04-02,PROD-105,Strategic BI Advisory,Advisory,Central,2,12000,23654.91,9000,14654.91,1902.72,CUST-489,New Startup,Low
TX-11066,2025-04-02,PROD-104,Smart Edge Gateway,Hardware,North,3,1800,5205.62,2850,2355.62,517.05,CUST-945,Growth SMB,Medium
TX-11067,2025-04-02,PROD-105,Strategic BI Advisory,Advisory,EMEA,2,12000,24256.13,9000,15256.13,2852.69,CUST-641,Growth SMB,Low
TX-11068,2025-04-02,PROD-104,Smart Edge Gateway,Hardware,West,3,1800,5175.25,2850,2325.25,563.97,CUST-828,New Startup,Medium
TX-11069,2025-04-03,PROD-101,Stratos Enterprise Suite,Cloud Services,West,4,4500,17110.67,4800,12310.67,1977.08,CUST-890,High-Value Enterprise,Low
TX-11070,2025-04-03,PROD-103,Legacy Data Server V1,Hardware,South,1,3100,3151.96,2200,951.96,367.41,CUST-353,High-Value Enterprise,High
TX-11071,2025-04-03,PROD-105,Strategic BI Advisory,Advisory,West,2,12000,23554.52,9000,14554.52,3029.29,CUST-272,Growth SMB,Medium
TX-11072,2025-04-03,PROD-106,Automated ETL Pipeline,Cloud Services,Central,2,2900,5608.68,1400,4208.68,705.09,CUST-265,New Startup,Low
TX-11073,2025-04-03,PROD-104,Smart Edge Gateway,Hardware,North,1,1800,1851.29,950,901.29,169.43,CUST-478,Growth SMB,Low
TX-11074,2025-04-03,PROD-102,AI Analytics Engine Pro,Enterprise AI,EMEA,2,8200,16277.92,4200,12077.92,1838.91,CUST-679,At-Risk Midmarket,High
TX-11075,2025-04-04,PROD-101,Stratos Enterprise Suite,Cloud Services,South,1,4500,4587.23,1200,3387.23,544.61,CUST-176,Growth SMB,Low
TX-11076,2025-04-04,PROD-104,Smart Edge Gateway,Hardware,South,3,1800,5509.05,2850,2659.05,716.97,CUST-707,At-Risk Midmarket,High
TX-11077,2025-04-04,PROD-102,AI Analytics Engine Pro,Enterprise AI,East,2,8200,16604.91,4200,12404.91,1424.62,CUST-952,Growth SMB,Medium
TX-11078,2025-04-04,PROD-105,Strategic BI Advisory,Advisory,West,1,12000,11700.96,4500,7200.96,1420.29,CUST-818,High-Value Enterprise,Low
TX-11079,2025-04-04,PROD-101,Stratos Enterprise Suite,Cloud Services,East,1,4500,4328.26,1200,3128.26,543.81,CUST-987,Growth SMB,Low
TX-11080,2025-04-04,PROD-101,Stratos Enterprise Suite,Cloud Services,West,1,4500,4621.72,1200,3421.72,540.78,CUST-449,New Startup,Low
TX-11081,2025-04-04,PROD-102,AI Analytics Engine Pro,Enterprise AI,South,1,8200,8214.46,2100,6114.46,845.41,CUST-295,New Startup,Medium
TX-11082,2025-04-05,PROD-102,AI Analytics Engine Pro,Enterprise AI,South,1,8200,8216.87,2100,6116.87,850.5,CUST-345,High-Value Enterprise,Medium
TX-11083,2025-04-05,PROD-105,Strategic BI Advisory,Advisory,West,1,12000,11915.68,4500,7415.68,1256.98,CUST-271,New Startup,Low
TX-11084,2025-04-05,PROD-106,Automated ETL Pipeline,Cloud Services,South,4,2900,11385.41,2800,8585.41,1304.0,CUST-180,Growth SMB,Low
TX-11085,2025-04-05,PROD-106,Automated ETL Pipeline,Cloud Services,West,6,2900,17964.95,4200,13764.95,1734.82,CUST-719,Growth SMB,Low
TX-11086,2025-04-05,PROD-101,Stratos Enterprise Suite,Cloud Services,APAC,1,4500,4572.05,1200,3372.05,595.12,CUST-389,Growth SMB,Medium
TX-11087,2025-04-05,PROD-101,Stratos Enterprise Suite,Cloud Services,North,1,4500,4614.72,1200,3414.72,460.37,CUST-488,Growth SMB,Low
TX-11088,2025-04-05,PROD-106,Automated ETL Pipeline,Cloud Services,EMEA,2,2900,5792.97,1400,4392.97,707.49,CUST-722,High-Value Enterprise,Low
TX-11089,2025-04-06,PROD-104,Smart Edge Gateway,Hardware,APAC,3,1800,5197.36,2850,2347.36,474.53,CUST-613,At-Risk Midmarket,High
TX-11090,2025-04-06,PROD-101,Stratos Enterprise Suite,Cloud Services,Central,1,4500,4591.96,1200,3391.96,588.53,CUST-723,Growth SMB,Low
TX-11091,2025-04-06,PROD-106,Automated ETL Pipeline,Cloud Services,East,2,2900,5758.31,1400,4358.31,764.79,CUST-259,Growth SMB,Low
TX-11092,2025-04-06,PROD-105,Strategic BI Advisory,Advisory,West,1,12000,11700.0,4500,7200.0,1311.65,CUST-799,Growth SMB,Low
TX-11093,2025-04-06,PROD-104,Smart Edge Gateway,Hardware,South,3,1800,5636.93,2850,2786.93,631.54,CUST-973,Growth SMB,Medium
TX-11094,2025-04-06,PROD-102,AI Analytics Engine Pro,Enterprise AI,North,1,8200,7841.64,2100,5741.64,1019.79,CUST-980,Growth SMB,Low
TX-11095,2025-04-07,PROD-102,AI Analytics Engine Pro,Enterprise AI,Central,1,8200,8328.01,2100,6228.01,771.4,CUST-316,Growth SMB,Low
TX-11096,2025-04-07,PROD-105,Strategic BI Advisory,Advisory,West,1,12000,11662.76,4500,7162.76,1280.49,CUST-141,High-Value Enterprise,Medium
TX-11097,2025-04-07,PROD-103,Legacy Data Server V1,Hardware,South,1,3100,3080.92,2200,880.92,252.07,CUST-161,High-Value Enterprise,Low
TX-11098,2025-04-07,PROD-103,Legacy Data Server V1,Hardware,East,1,3100,2959.82,2200,759.82,270.79,CUST-972,Growth SMB,Low
TX-11099,2025-04-08,PROD-101,Stratos Enterprise Suite,Cloud Services,West,1,4500,4704.26,1200,3504.26,606.16,CUST-146,At-Risk Midmarket,High
TX-11100,2025-04-08,PROD-104,Smart Edge Gateway,Hardware,North,2,1800,3685.96,1900,1785.96,507.17,CUST-934,New Startup,Low
TX-11101,2025-04-08,PROD-102,AI Analytics Engine Pro,Enterprise AI,EMEA,1,8200,8554.93,2100,6454.93,723.45,CUST-469,Growth SMB,Medium
TX-11102,2025-04-08,PROD-106,Automated ETL Pipeline,Cloud Services,Central,2,2900,5743.37,1400,4343.37,467.55,CUST-723,Growth SMB,Low
TX-11103,2025-04-09,PROD-103,Legacy Data Server V1,Hardware,South,1,3100,3066.68,2200,866.68,298.95,CUST-793,At-Risk Midmarket,High
TX-11104,2025-04-09,PROD-103,Legacy Data Server V1,Hardware,APAC,1,3100,3173.41,2200,973.41,344.49,CUST-102,Growth SMB,High
TX-11105,2025-04-09,PROD-103,Legacy Data Server V1,Hardware,West,1,3100,2976.16,2200,776.16,326.7,CUST-376,Growth SMB,High
TX-11106,2025-04-09,PROD-102,AI Analytics Engine Pro,Enterprise AI,West,1,8200,8540.21,2100,6440.21,933.89,CUST-209,At-Risk Midmarket,High
TX-11107,2025-04-09,PROD-105,Strategic BI Advisory,Advisory,North,1,12000,12160.24,4500,7660.24,1154.15,CUST-735,Growth SMB,Low
TX-11108,2025-04-10,PROD-102,AI Analytics Engine Pro,Enterprise AI,South,1,8200,8162.08,2100,6062.08,901.22,CUST-358,High-Value Enterprise,Low
TX-11109,2025-04-10,PROD-101,Stratos Enterprise Suite,Cloud Services,North,1,4500,4405.13,1200,3205.13,434.28,CUST-168,Growth SMB,Medium
TX-11110,2025-04-10,PROD-106,Automated ETL Pipeline,Cloud Services,West,2,2900,5556.28,1400,4156.28,583.84,CUST-649,Growth SMB,Medium
TX-11111,2025-04-10,PROD-106,Automated ETL Pipeline,Cloud Services,North,4,2900,11613.95,2800,8813.95,1311.57,CUST-565,At-Risk Midmarket,High
TX-11112,2025-04-10,PROD-101,Stratos Enterprise Suite,Cloud Services,West,4,4500,17577.22,4800,12777.22,1928.28,CUST-126,New Startup,Low
TX-11113,2025-04-11,PROD-106,Automated ETL Pipeline,Cloud Services,North,1,2900,2856.89,700,2156.89,273.95,CUST-393,Growth SMB,Medium
TX-11114,2025-04-11,PROD-101,Stratos Enterprise Suite,Cloud Services,South,1,4500,4637.26,1200,3437.26,473.9,CUST-542,Growth SMB,Low
TX-11115,2025-04-11,PROD-104,Smart Edge Gateway,Hardware,North,2,1800,3759.23,1900,1859.23,471.05,CUST-362,New Startup,Low
TX-11116,2025-04-11,PROD-106,Automated ETL Pipeline,Cloud Services,Central,3,2900,8448.8,2100,6348.8,996.63,CUST-216,At-Risk Midmarket,High
TX-11117,2025-04-11,PROD-106,Automated ETL Pipeline,Cloud Services,South,4,2900,12178.17,2800,9378.17,1524.03,CUST-228,Growth SMB,Low
TX-11118,2025-04-11,PROD-106,Automated ETL Pipeline,Cloud Services,APAC,2,2900,5555.38,1400,4155.38,707.13,CUST-798,High-Value Enterprise,Low
TX-11119,2025-04-11,PROD-102,AI Analytics Engine Pro,Enterprise AI,West,1,8200,7949.08,2100,5849.08,771.79,CUST-566,Growth SMB,Medium
TX-11120,2025-04-12,PROD-106,Automated ETL Pipeline,Cloud Services,South,3,2900,8941.85,2100,6841.85,979.86,CUST-142,Growth SMB,Low
TX-11121,2025-04-12,PROD-103,Legacy Data Server V1,Hardware,APAC,1,3100,3038.2,2200,838.2,348.43,CUST-932,Growth SMB,High
TX-11122,2025-04-12,PROD-104,Smart Edge Gateway,Hardware,APAC,2,1800,3628.81,1900,1728.81,447.0,CUST-796,At-Risk Midmarket,High
TX-11123,2025-04-12,PROD-103,Legacy Data Server V1,Hardware,West,1,3100,2985.0,2200,785.0,333.1,CUST-822,Growth SMB,High
TX-11124,2025-04-13,PROD-103,Legacy Data Server V1,Hardware,West,1,3100,3071.22,2200,871.22,288.5,CUST-967,Growth SMB,Low
TX-11125,2025-04-13,PROD-101,Stratos Enterprise Suite,Cloud Services,West,1,4500,4412.4,1200,3212.4,590.35,CUST-368,High-Value Enterprise,Low
TX-11126,2025-04-13,PROD-106,Automated ETL Pipeline,Cloud Services,East,3,2900,9090.7,2100,6990.7,1151.17,CUST-670,Growth SMB,Low
TX-11127,2025-04-13,PROD-102,AI Analytics Engine Pro,Enterprise AI,North,1,8200,8332.56,2100,6232.56,1166.31,CUST-467,Growth SMB,Low
TX-11128,2025-04-13,PROD-105,Strategic BI Advisory,Advisory,West,1,12000,11947.57,4500,7447.57,1232.38,CUST-802,High-Value Enterprise,Low
TX-11129,2025-04-14,PROD-105,Strategic BI Advisory,Advisory,North,1,12000,11782.44,4500,7282.44,1259.69,CUST-267,New Startup,Low
TX-11130,2025-04-14,PROD-103,Legacy Data Server V1,Hardware,South,1,3100,3039.51,2200,839.51,423.74,CUST-597,High-Value Enterprise,High
TX-11131,2025-04-14,PROD-105,Strategic BI Advisory,Advisory,East,1,12000,11710.42,4500,7210.42,1439.61,CUST-400,Growth SMB,Medium
TX-11132,2025-04-14,PROD-105,Strategic BI Advisory,Advisory,Central,1,12000,11602.44,4500,7102.44,1148.04,CUST-206,Growth SMB,Medium
TX-11133,2025-04-14,PROD-103,Legacy Data Server V1,Hardware,North,1,3100,2994.66,2200,794.66,240.97,CUST-915,Growth SMB,High
TX-11134,2025-04-14,PROD-101,Stratos Enterprise Suite,Cloud Services,North,2,4500,9189.38,2400,6789.38,828.51,CUST-319,Growth SMB,Low
TX-11135,2025-04-15,PROD-101,Stratos Enterprise Suite,Cloud Services,East,1,4500,4507.5,1200,3307.5,559.66,CUST-851,Growth SMB,Medium
TX-11136,2025-04-15,PROD-101,Stratos Enterprise Suite,Cloud Services,South,1,4500,4549.05,1200,3349.05,442.59,CUST-968,Growth SMB,Low
TX-11137,2025-04-15,PROD-103,Legacy Data Server V1,Hardware,East,1,3100,3003.6,2200,803.6,324.89,CUST-403,High-Value Enterprise,Low
TX-11138,2025-04-15,PROD-104,Smart Edge Gateway,Hardware,South,2,1800,3585.85,1900,1685.85,478.53,CUST-255,Growth SMB,Low
TX-11139,2025-04-15,PROD-101,Stratos Enterprise Suite,Cloud Services,EMEA,3,4500,13420.15,3600,9820.15,1584.31,CUST-866,High-Value Enterprise,Low
TX-11140,2025-04-15,PROD-103,Legacy Data Server V1,Hardware,North,1,3100,3188.83,2200,988.83,285.6,CUST-287,High-Value Enterprise,Low
TX-11141,2025-04-15,PROD-106,Automated ETL Pipeline,Cloud Services,East,1,2900,2959.14,700,2259.14,296.73,CUST-897,At-Risk Midmarket,High
TX-11142,2025-04-16,PROD-105,Strategic BI Advisory,Advisory,Central,1,12000,12236.51,4500,7736.51,1409.76,CUST-690,High-Value Enterprise,Medium
TX-11143,2025-04-16,PROD-101,Stratos Enterprise Suite,Cloud Services,West,1,4500,4554.37,1200,3354.37,607.82,CUST-779,Growth SMB,Low
TX-11144,2025-04-16,PROD-102,AI Analytics Engine Pro,Enterprise AI,APAC,1,8200,8353.65,2100,6253.65,844.94,CUST-461,High-Value Enterprise,Medium
TX-11145,2025-04-16,PROD-101,Stratos Enterprise Suite,Cloud Services,South,2,4500,8562.78,2400,6162.78,763.84,CUST-925,High-Value Enterprise,Medium
TX-11146,2025-04-17,PROD-106,Automated ETL Pipeline,Cloud Services,East,2,2900,5931.58,1400,4531.58,726.45,CUST-826,At-Risk Midmarket,High
TX-11147,2025-04-17,PROD-106,Automated ETL Pipeline,Cloud Services,APAC,1,2900,2809.33,700,2109.33,378.04,CUST-295,High-Value Enterprise,Medium
TX-11148,2025-04-17,PROD-105,Strategic BI Advisory,Advisory,South,1,12000,12393.39,4500,7893.39,1008.28,CUST-663,Growth SMB,Low
TX-11149,2025-04-17,PROD-102,AI Analytics Engine Pro,Enterprise AI,APAC,1,8200,8586.98,2100,6486.98,1125.03,CUST-456,Growth SMB,Low
TX-11150,2025-04-17,PROD-106,Automated ETL Pipeline,Cloud Services,North,1,2900,2891.57,700,2191.57,390.57,CUST-998,New Startup,Low
TX-11151,2025-04-18,PROD-106,Automated ETL Pipeline,Cloud Services,East,7,2900,20910.64,4900,16010.64,2824.93,CUST-525,High-Value Enterprise,Low
TX-11152,2025-04-18,PROD-102,AI Analytics Engine Pro,Enterprise AI,Central,1,8200,8206.44,2100,6106.44,736.4,CUST-474,High-Value Enterprise,Medium
TX-11153,2025-04-18,PROD-101,Stratos Enterprise Suite,Cloud Services,EMEA,3,4500,13768.79,3600,10168.79,1863.02,CUST-274,Growth SMB,Medium
TX-11154,2025-04-18,PROD-104,Smart Edge Gateway,Hardware,APAC,1,1800,1866.67,950,916.67,189.56,CUST-827,New Startup,Low
TX-11155,2025-04-18,PROD-106,Automated ETL Pipeline,Cloud Services,North,2,2900,5808.75,1400,4408.75,703.69,CUST-606,Growth SMB,Low
TX-11156,2025-04-19,PROD-104,Smart Edge Gateway,Hardware,West,1,1800,1801.33,950,851.33,179.66,CUST-890,New Startup,Medium
TX-11157,2025-04-19,PROD-104,Smart Edge Gateway,Hardware,South,2,1800,3527.3,1900,1627.3,363.26,CUST-701,At-Risk Midmarket,High
TX-11158,2025-04-19,PROD-101,Stratos Enterprise Suite,Cloud Services,North,2,4500,9360.21,2400,6960.21,1042.53,CUST-918,At-Risk Midmarket,High
TX-11159,2025-04-19,PROD-103,Legacy Data Server V1,Hardware,East,1,3100,3101.97,2200,901.97,373.21,CUST-241,High-Value Enterprise,Low
TX-11160,2025-04-19,PROD-101,Stratos Enterprise Suite,Cloud Services,APAC,1,4500,4373.06,1200,3173.06,519.78,CUST-739,Growth SMB,Low
TX-11161,2025-04-19,PROD-105,Strategic BI Advisory,Advisory,East,1,12000,12154.94,4500,7654.94,1550.73,CUST-848,High-Value Enterprise,Low
TX-11162,2025-04-19,PROD-102,AI Analytics Engine Pro,Enterprise AI,Central,1,8200,8066.19,2100,5966.19,913.75,CUST-637,Growth SMB,Low
TX-11163,2025-04-20,PROD-104,Smart Edge Gateway,Hardware,North,3,1800,5500.64,2850,2650.64,446.11,CUST-354,At-Risk Midmarket,High
TX-11164,2025-04-20,PROD-103,Legacy Data Server V1,Hardware,West,1,3100,3209.09,2200,1009.09,388.43,CUST-435,High-Value Enterprise,High
TX-11165,2025-04-20,PROD-106,Automated ETL Pipeline,Cloud Services,West,4,2900,11687.24,2800,8887.24,1625.88,CUST-557,Growth SMB,Low
TX-11166,2025-04-20,PROD-101,Stratos Enterprise Suite,Cloud Services,North,1,4500,4711.88,1200,3511.88,644.81,CUST-933,Growth SMB,Low
TX-11167,2025-04-20,PROD-106,Automated ETL Pipeline,Cloud Services,Central,2,2900,5617.42,1400,4217.42,679.03,CUST-426,Growth SMB,Low
TX-11168,2025-04-20,PROD-106,Automated ETL Pipeline,Cloud Services,EMEA,2,2900,5913.47,1400,4513.47,805.85,CUST-447,Growth SMB,Low
TX-11169,2025-04-21,PROD-104,Smart Edge Gateway,Hardware,West,1,1800,1724.19,950,774.19,216.87,CUST-579,High-Value Enterprise,Low
TX-11170,2025-04-21,PROD-105,Strategic BI Advisory,Advisory,East,2,12000,23126.0,9000,14126.0,2178.83,CUST-300,At-Risk Midmarket,High
TX-11171,2025-04-21,PROD-106,Automated ETL Pipeline,Cloud Services,EMEA,1,2900,2843.4,700,2143.4,271.23,CUST-240,Growth SMB,Medium
TX-11172,2025-04-22,PROD-101,Stratos Enterprise Suite,Cloud Services,North,1,4500,4705.7,1200,3505.7,573.19,CUST-815,At-Risk Midmarket,High
TX-11173,2025-04-22,PROD-101,Stratos Enterprise Suite,Cloud Services,East,2,4500,9160.67,2400,6760.67,841.91,CUST-502,Growth SMB,Medium
TX-11174,2025-04-22,PROD-103,Legacy Data Server V1,Hardware,East,1,3100,3071.9,2200,871.9,410.79,CUST-804,Growth SMB,High
TX-11175,2025-04-22,PROD-106,Automated ETL Pipeline,Cloud Services,North,3,2900,9012.32,2100,6912.32,1257.18,CUST-717,High-Value Enterprise,Medium
TX-11176,2025-04-22,PROD-104,Smart Edge Gateway,Hardware,Central,1,1800,1822.14,950,872.14,146.51,CUST-831,At-Risk Midmarket,High
TX-11177,2025-04-23,PROD-106,Automated ETL Pipeline,Cloud Services,East,4,2900,11199.21,2800,8399.21,1164.93,CUST-604,At-Risk Midmarket,High
TX-11178,2025-04-23,PROD-101,Stratos Enterprise Suite,Cloud Services,West,3,4500,12871.58,3600,9271.58,1252.24,CUST-206,At-Risk Midmarket,High
TX-11179,2025-04-23,PROD-104,Smart Edge Gateway,Hardware,North,1,1800,1757.09,950,807.09,192.89,CUST-831,At-Risk Midmarket,High
TX-11180,2025-04-24,PROD-103,Legacy Data Server V1,Hardware,West,1,3100,3120.38,2200,920.38,318.05,CUST-424,Growth SMB,Medium
TX-11181,2025-04-24,PROD-105,Strategic BI Advisory,Advisory,APAC,1,12000,11755.11,4500,7255.11,1446.15,CUST-433,At-Risk Midmarket,High
TX-11182,2025-04-24,PROD-102,AI Analytics Engine Pro,Enterprise AI,Central,3,8200,25491.04,6300,19191.04,3175.26,CUST-108,At-Risk Midmarket,High
TX-11183,2025-04-24,PROD-106,Automated ETL Pipeline,Cloud Services,North,3,2900,8411.61,2100,6311.61,688.28,CUST-155,Growth SMB,Low
TX-11184,2025-04-25,PROD-106,Automated ETL Pipeline,Cloud Services,East,1,2900,2816.49,700,2116.49,230.31,CUST-469,New Startup,Low
TX-11185,2025-04-25,PROD-105,Strategic BI Advisory,Advisory,APAC,1,12000,12038.29,4500,7538.29,1029.41,CUST-767,Growth SMB,Low
TX-11186,2025-04-25,PROD-101,Stratos Enterprise Suite,Cloud Services,Central,1,4500,4377.35,1200,3177.35,351.01,CUST-866,New Startup,Low
TX-11187,2025-04-25,PROD-102,AI Analytics Engine Pro,Enterprise AI,East,3,8200,23399.96,6300,17099.96,2800.51,CUST-434,At-Risk Midmarket,High
TX-11188,2025-04-25,PROD-105,Strategic BI Advisory,Advisory,North,1,12000,12082.98,4500,7582.98,1639.5,CUST-278,New Startup,Low
TX-11189,2025-04-26,PROD-102,AI Analytics Engine Pro,Enterprise AI,North,3,8200,24816.69,6300,18516.69,2835.09,CUST-745,Growth SMB,Medium
TX-11190,2025-04-26,PROD-106,Automated ETL Pipeline,Cloud Services,South,1,2900,2843.08,700,2143.08,284.9,CUST-813,At-Risk Midmarket,High
TX-11191,2025-04-26,PROD-103,Legacy Data Server V1,Hardware,Central,2,3100,6131.66,4400,1731.66,635.01,CUST-994,New Startup,High
TX-11192,2025-04-26,PROD-104,Smart Edge Gateway,Hardware,West,3,1800,5388.78,2850,2538.78,649.48,CUST-785,At-Risk Midmarket,High
TX-11193,2025-04-26,PROD-101,Stratos Enterprise Suite,Cloud Services,West,3,4500,13781.03,3600,10181.03,1462.55,CUST-288,New Startup,Low
TX-11194,2025-04-26,PROD-104,Smart Edge Gateway,Hardware,North,4,1800,6878.86,3800,3078.86,865.21,CUST-121,New Startup,Medium
TX-11195,2025-04-27,PROD-102,AI Analytics Engine Pro,Enterprise AI,East,1,8200,7986.9,2100,5886.9,687.26,CUST-705,High-Value Enterprise,Low
TX-11196,2025-04-27,PROD-103,Legacy Data Server V1,Hardware,North,1,3100,3173.19,2200,973.19,282.82,CUST-460,New Startup,Low
TX-11197,2025-04-27,PROD-106,Automated ETL Pipeline,Cloud Services,South,4,2900,11380.98,2800,8580.98,1436.27,CUST-848,Growth SMB,Low
TX-11198,2025-04-27,PROD-105,Strategic BI Advisory,Advisory,EMEA,1,12000,12147.79,4500,7647.79,1313.87,CUST-401,High-Value Enterprise,Low
TX-11199,2025-04-27,PROD-103,Legacy Data Server V1,Hardware,North,2,3100,6178.78,4400,1778.78,684.13,CUST-263,Growth SMB,High
TX-11200,2025-04-28,PROD-106,Automated ETL Pipeline,Cloud Services,Central,1,2900,2765.95,700,2065.95,318.06,CUST-171,Growth SMB,Medium
TX-11201,2025-04-28,PROD-105,Strategic BI Advisory,Advisory,West,1,12000,12472.87,4500,7972.87,1698.56,CUST-264,At-Risk Midmarket,High
TX-11202,2025-04-28,PROD-102,AI Analytics Engine Pro,Enterprise AI,West,1,8200,7956.18,2100,5856.18,847.57,CUST-742,Growth SMB,Low
TX-11203,2025-04-28,PROD-102,AI Analytics Engine Pro,Enterprise AI,West,1,8200,7816.29,2100,5716.29,912.46,CUST-180,Growth SMB,Low
TX-11204,2025-04-28,PROD-103,Legacy Data Server V1,Hardware,North,1,3100,3052.89,2200,852.89,333.4,CUST-382,At-Risk Midmarket,High
TX-11205,2025-04-28,PROD-106,Automated ETL Pipeline,Cloud Services,EMEA,1,2900,2832.95,700,2132.95,317.11,CUST-634,Growth SMB,Low
TX-11206,2025-04-28,PROD-105,Strategic BI Advisory,Advisory,East,1,12000,11809.32,4500,7309.32,1328.5,CUST-774,High-Value Enterprise,Low
TX-11207,2025-04-29,PROD-106,Automated ETL Pipeline,Cloud Services,South,2,2900,5609.58,1400,4209.58,483.28,CUST-553,High-Value Enterprise,Medium
TX-11208,2025-04-29,PROD-105,Strategic BI Advisory,Advisory,Central,1,12000,12468.8,4500,7968.8,1535.06,CUST-482,High-Value Enterprise,Medium
TX-11209,2025-04-29,PROD-106,Automated ETL Pipeline,Cloud Services,East,3,2900,8807.83,2100,6707.83,947.89,CUST-583,At-Risk Midmarket,High
TX-11210,2025-04-30,PROD-104,Smart Edge Gateway,Hardware,West,1,1800,1765.34,950,815.34,171.73,CUST-235,At-Risk Midmarket,High
TX-11211,2025-04-30,PROD-105,Strategic BI Advisory,Advisory,South,1,12000,12023.14,4500,7523.14,1580.77,CUST-807,Growth SMB,Low
TX-11212,2025-04-30,PROD-105,Strategic BI Advisory,Advisory,South,1,12000,11674.94,4500,7174.94,1096.36,CUST-500,High-Value Enterprise,Low
TX-11213,2025-04-30,PROD-103,Legacy Data Server V1,Hardware,West,1,3100,3066.42,2200,866.42,413.75,CUST-994,Growth SMB,High
TX-11214,2025-04-30,PROD-101,Stratos Enterprise Suite,Cloud Services,East,1,4500,4377.37,1200,3177.37,475.11,CUST-193,New Startup,Low
TX-11215,2025-04-30,PROD-105,Strategic BI Advisory,Advisory,East,1,12000,11927.59,4500,7427.59,1273.59,CUST-138,At-Risk Midmarket,High
TX-11216,2025-05-01,PROD-104,Smart Edge Gateway,Hardware,South,1,1800,1727.38,950,777.38,139.58,CUST-460,New Startup,Low
TX-11217,2025-05-01,PROD-105,Strategic BI Advisory,Advisory,South,1,12000,12515.14,4500,8015.14,1539.94,CUST-696,High-Value Enterprise,Low
TX-11218,2025-05-01,PROD-103,Legacy Data Server V1,Hardware,West,1,3100,3208.84,2200,1008.84,339.0,CUST-855,Growth SMB,Medium
TX-11219,2025-05-01,PROD-105,Strategic BI Advisory,Advisory,West,1,12000,11542.39,4500,7042.39,1318.41,CUST-176,New Startup,Medium
TX-11220,2025-05-02,PROD-106,Automated ETL Pipeline,Cloud Services,East,2,2900,5648.21,1400,4248.21,748.43,CUST-875,High-Value Enterprise,Low
TX-11221,2025-05-02,PROD-105,Strategic BI Advisory,Advisory,East,1,12000,11898.88,4500,7398.88,1222.94,CUST-824,At-Risk Midmarket,High
TX-11222,2025-05-02,PROD-105,Strategic BI Advisory,Advisory,West,1,12000,12562.43,4500,8062.43,1068.19,CUST-864,Growth SMB,Low
TX-11223,2025-05-02,PROD-101,Stratos Enterprise Suite,Cloud Services,North,1,4500,4426.38,1200,3226.38,546.97,CUST-258,Growth SMB,Low
TX-11224,2025-05-02,PROD-102,AI Analytics Engine Pro,Enterprise AI,Central,1,8200,8363.2,2100,6263.2,795.97,CUST-344,New Startup,Medium
TX-11225,2025-05-02,PROD-102,AI Analytics Engine Pro,Enterprise AI,EMEA,1,8200,8506.18,2100,6406.18,723.37,CUST-455,High-Value Enterprise,Low
TX-11226,2025-05-02,PROD-101,Stratos Enterprise Suite,Cloud Services,West,1,4500,4704.47,1200,3504.47,636.42,CUST-573,New Startup,Low
TX-11227,2025-05-03,PROD-103,Legacy Data Server V1,Hardware,East,1,3100,3230.89,2200,1030.89,351.57,CUST-727,New Startup,Low
TX-11228,2025-05-03,PROD-106,Automated ETL Pipeline,Cloud Services,East,3,2900,8359.07,2100,6259.07,883.32,CUST-122,Growth SMB,Medium
TX-11229,2025-05-03,PROD-106,Automated ETL Pipeline,Cloud Services,North,1,2900,2846.81,700,2146.81,343.41,CUST-549,Growth SMB,Medium
TX-11230,2025-05-03,PROD-104,Smart Edge Gateway,Hardware,East,1,1800,1855.09,950,905.09,179.49,CUST-385,High-Value Enterprise,Medium
TX-11231,2025-05-03,PROD-102,AI Analytics Engine Pro,Enterprise AI,West,1,8200,7793.56,2100,5693.56,925.25,CUST-591,High-Value Enterprise,Medium
TX-11232,2025-05-03,PROD-101,Stratos Enterprise Suite,Cloud Services,APAC,2,4500,9049.22,2400,6649.22,767.56,CUST-132,High-Value Enterprise,Low
TX-11233,2025-05-04,PROD-101,Stratos Enterprise Suite,Cloud Services,South,2,4500,9281.21,2400,6881.21,909.94,CUST-855,Growth SMB,Medium
TX-11234,2025-05-04,PROD-106,Automated ETL Pipeline,Cloud Services,West,1,2900,2797.62,700,2097.62,377.75,CUST-113,Growth SMB,Low
TX-11235,2025-05-04,PROD-104,Smart Edge Gateway,Hardware,South,7,1800,11980.12,6650,5330.12,1312.12,CUST-979,Growth SMB,Low
TX-11236,2025-05-04,PROD-104,Smart Edge Gateway,Hardware,North,1,1800,1851.51,950,901.51,190.0,CUST-905,At-Risk Midmarket,High
TX-11237,2025-05-04,PROD-106,Automated ETL Pipeline,Cloud Services,West,3,2900,8595.81,2100,6495.81,1109.83,CUST-561,New Startup,Low
TX-11238,2025-05-04,PROD-104,Smart Edge Gateway,Hardware,North,1,1800,1733.62,950,783.62,200.22,CUST-198,New Startup,Low
TX-11239,2025-05-04,PROD-105,Strategic BI Advisory,Advisory,South,1,12000,12426.11,4500,7926.11,1484.79,CUST-313,At-Risk Midmarket,High
TX-11240,2025-05-05,PROD-103,Legacy Data Server V1,Hardware,APAC,1,3100,3247.44,2200,1047.44,428.98,CUST-858,High-Value Enterprise,High
TX-11241,2025-05-05,PROD-101,Stratos Enterprise Suite,Cloud Services,Central,3,4500,13396.49,3600,9796.49,1575.04,CUST-603,Growth SMB,Low
TX-11242,2025-05-05,PROD-104,Smart Edge Gateway,Hardware,West,3,1800,5152.66,2850,2302.66,466.86,CUST-780,Growth SMB,Medium
TX-11243,2025-05-06,PROD-105,Strategic BI Advisory,Advisory,South,2,12000,22997.36,9000,13997.36,2416.93,CUST-190,Growth SMB,Low
TX-11244,2025-05-06,PROD-106,Automated ETL Pipeline,Cloud Services,East,1,2900,2855.37,700,2155.37,356.36,CUST-970,At-Risk Midmarket,High
TX-11245,2025-05-06,PROD-102,AI Analytics Engine Pro,Enterprise AI,South,6,8200,48652.19,12600,36052.19,5156.06,CUST-903,Growth SMB,Low
TX-11246,2025-05-06,PROD-102,AI Analytics Engine Pro,Enterprise AI,Central,1,8200,8377.2,2100,6277.2,868.34,CUST-731,New Startup,Medium
TX-11247,2025-05-06,PROD-101,Stratos Enterprise Suite,Cloud Services,North,2,4500,8810.76,2400,6410.76,847.34,CUST-921,Growth SMB,Low
TX-11248,2025-05-06,PROD-101,Stratos Enterprise Suite,Cloud Services,North,1,4500,4282.56,1200,3082.56,476.28,CUST-358,Growth SMB,Low
TX-11249,2025-05-07,PROD-103,Legacy Data Server V1,Hardware,East,2,3100,6332.63,4400,1932.63,672.06,CUST-180,Growth SMB,Low
TX-11250,2025-05-07,PROD-104,Smart Edge Gateway,Hardware,West,1,1800,1724.82,950,774.82,200.75,CUST-987,At-Risk Midmarket,High
TX-11251,2025-05-07,PROD-102,AI Analytics Engine Pro,Enterprise AI,Central,1,8200,7810.97,2100,5710.97,998.26,CUST-755,At-Risk Midmarket,High
TX-11252,2025-05-08,PROD-103,Legacy Data Server V1,Hardware,West,1,3100,3127.94,2200,927.94,306.17,CUST-158,High-Value Enterprise,High
TX-11253,2025-05-08,PROD-104,Smart Edge Gateway,Hardware,North,2,1800,3583.08,1900,1683.08,396.91,CUST-819,At-Risk Midmarket,High
TX-11254,2025-05-08,PROD-101,Stratos Enterprise Suite,Cloud Services,West,2,4500,9108.25,2400,6708.25,1026.06,CUST-784,Growth SMB,Medium
TX-11255,2025-05-08,PROD-106,Automated ETL Pipeline,Cloud Services,EMEA,1,2900,2994.73,700,2294.73,394.96,CUST-289,High-Value Enterprise,Low
TX-11256,2025-05-08,PROD-105,Strategic BI Advisory,Advisory,APAC,1,12000,12424.18,4500,7924.18,1290.74,CUST-896,High-Value Enterprise,Low
TX-11257,2025-05-08,PROD-104,Smart Edge Gateway,Hardware,South,5,1800,8703.77,4750,3953.77,858.78,CUST-413,High-Value Enterprise,Low
TX-11258,2025-05-08,PROD-105,Strategic BI Advisory,Advisory,APAC,1,12000,11922.47,4500,7422.47,1241.3,CUST-929,Growth SMB,Low
TX-11259,2025-05-09,PROD-104,Smart Edge Gateway,Hardware,East,3,1800,5647.46,2850,2797.46,482.64,CUST-905,High-Value Enterprise,Low
TX-11260,2025-05-09,PROD-101,Stratos Enterprise Suite,Cloud Services,West,3,4500,13966.32,3600,10366.32,1366.02,CUST-235,New Startup,Low
TX-11261,2025-05-09,PROD-106,Automated ETL Pipeline,Cloud Services,East,2,2900,5729.73,1400,4329.73,765.85,CUST-997,At-Risk Midmarket,High
TX-11262,2025-05-09,PROD-101,Stratos Enterprise Suite,Cloud Services,West,1,4500,4419.46,1200,3219.46,413.21,CUST-842,Growth SMB,Low
TX-11263,2025-05-09,PROD-104,Smart Edge Gateway,Hardware,West,2,1800,3617.19,1900,1717.19,421.67,CUST-357,Growth SMB,Low
TX-11264,2025-05-10,PROD-102,AI Analytics Engine Pro,Enterprise AI,North,2,8200,16643.94,4200,12443.94,2201.51,CUST-658,At-Risk Midmarket,High
TX-11265,2025-05-10,PROD-106,Automated ETL Pipeline,Cloud Services,APAC,1,2900,2856.0,700,2156.0,295.23,CUST-919,Growth SMB,Low
TX-11266,2025-05-10,PROD-104,Smart Edge Gateway,Hardware,APAC,1,1800,1774.38,950,824.38,172.9,CUST-363,High-Value Enterprise,Low
TX-11267,2025-05-10,PROD-104,Smart Edge Gateway,Hardware,EMEA,2,1800,3608.89,1900,1708.89,408.91,CUST-867,At-Risk Midmarket,High
TX-11268,2025-05-10,PROD-105,Strategic BI Advisory,Advisory,South,1,12000,12518.52,4500,8018.52,1540.23,CUST-519,At-Risk Midmarket,High
TX-11269,2025-05-10,PROD-103,Legacy Data Server V1,Hardware,West,1,3100,3237.99,2200,1037.99,300.7,CUST-949,New Startup,High
TX-11270,2025-05-10,PROD-104,Smart Edge Gateway,Hardware,Central,6,1800,11269.32,5700,5569.32,1193.73,CUST-333,New Startup,Low
TX-11271,2025-05-11,PROD-102,AI Analytics Engine Pro,Enterprise AI,Central,2,8200,16273.21,4200,12073.21,1937.97,CUST-301,At-Risk Midmarket,High
TX-11272,2025-05-11,PROD-106,Automated ETL Pipeline,Cloud Services,West,2,2900,5615.27,1400,4215.27,453.93,CUST-874,High-Value Enterprise,Low
TX-11273,2025-05-11,PROD-104,Smart Edge Gateway,Hardware,West,1,1800,1773.52,950,823.52,157.1,CUST-852,New Startup,Low
TX-11274,2025-05-11,PROD-106,Automated ETL Pipeline,Cloud Services,South,3,2900,8376.6,2100,6276.6,783.03,CUST-403,High-Value Enterprise,Medium
TX-11275,2025-05-11,PROD-105,Strategic BI Advisory,Advisory,North,1,12000,11559.6,4500,7059.6,940.28,CUST-486,High-Value Enterprise,Low
TX-11276,2025-05-11,PROD-106,Automated ETL Pipeline,Cloud Services,North,3,2900,8747.87,2100,6647.87,850.58,CUST-329,Growth SMB,Low
TX-11277,2025-05-11,PROD-101,Stratos Enterprise Suite,Cloud Services,EMEA,1,4500,4280.02,1200,3080.02,404.63,CUST-945,High-Value Enterprise,Low
TX-11278,2025-05-12,PROD-105,Strategic BI Advisory,Advisory,EMEA,1,12000,12277.62,4500,7777.62,1368.55,CUST-388,Growth SMB,Low
TX-11279,2025-05-12,PROD-101,Stratos Enterprise Suite,Cloud Services,North,1,4500,4634.34,1200,3434.34,608.92,CUST-880,Growth SMB,Medium
TX-11280,2025-05-12,PROD-103,Legacy Data Server V1,Hardware,North,1,3100,3134.51,2200,934.51,259.13,CUST-963,Growth SMB,High
TX-11281,2025-05-12,PROD-105,Strategic BI Advisory,Advisory,West,1,12000,12018.6,4500,7518.6,1150.05,CUST-141,High-Value Enterprise,Low
TX-11282,2025-05-13,PROD-104,Smart Edge Gateway,Hardware,West,1,1800,1845.09,950,895.09,185.15,CUST-372,High-Value Enterprise,Low
TX-11283,2025-05-13,PROD-105,Strategic BI Advisory,Advisory,East,1,12000,12354.34,4500,7854.34,1455.92,CUST-804,At-Risk Midmarket,High
TX-11284,2025-05-13,PROD-105,Strategic BI Advisory,Advisory,South,1,12000,11966.95,4500,7466.95,1458.76,CUST-904,Growth SMB,Low
TX-11285,2025-05-13,PROD-103,Legacy Data Server V1,Hardware,North,1,3100,3177.16,2200,977.16,405.56,CUST-525,High-Value Enterprise,High
TX-11286,2025-05-14,PROD-105,Strategic BI Advisory,Advisory,APAC,1,12000,11663.99,4500,7163.99,939.29,CUST-120,At-Risk Midmarket,High
TX-11287,2025-05-14,PROD-102,AI Analytics Engine Pro,Enterprise AI,South,1,8200,8461.85,2100,6361.85,743.3,CUST-856,At-Risk Midmarket,High
TX-11288,2025-05-14,PROD-102,AI Analytics Engine Pro,Enterprise AI,South,1,8200,8416.19,2100,6316.19,722.25,CUST-169,Growth SMB,Low
TX-11289,2025-05-14,PROD-103,Legacy Data Server V1,Hardware,EMEA,1,3100,3035.29,2200,835.29,310.64,CUST-521,New Startup,High
TX-11290,2025-05-15,PROD-105,Strategic BI Advisory,Advisory,South,1,12000,11705.53,4500,7205.53,1602.86,CUST-707,Growth SMB,Medium
TX-11291,2025-05-15,PROD-105,Strategic BI Advisory,Advisory,West,1,12000,11561.66,4500,7061.66,1207.96,CUST-631,At-Risk Midmarket,High
TX-11292,2025-05-15,PROD-102,AI Analytics Engine Pro,Enterprise AI,Central,1,8200,7941.08,2100,5841.08,686.0,CUST-886,At-Risk Midmarket,High
TX-11293,2025-05-15,PROD-106,Automated ETL Pipeline,Cloud Services,North,3,2900,8758.24,2100,6658.24,909.92,CUST-626,High-Value Enterprise,Low
TX-11294,2025-05-15,PROD-102,AI Analytics Engine Pro,Enterprise AI,East,1,8200,7869.68,2100,5769.68,692.06,CUST-234,At-Risk Midmarket,High
TX-11295,2025-05-15,PROD-102,AI Analytics Engine Pro,Enterprise AI,West,1,8200,8493.01,2100,6393.01,732.68,CUST-360,New Startup,Low
TX-11296,2025-05-16,PROD-105,Strategic BI Advisory,Advisory,West,1,12000,12539.44,4500,8039.44,1258.61,CUST-116,High-Value Enterprise,Low
TX-11297,2025-05-16,PROD-101,Stratos Enterprise Suite,Cloud Services,North,3,4500,14174.1,3600,10574.1,1976.1,CUST-621,High-Value Enterprise,Medium
TX-11298,2025-05-16,PROD-103,Legacy Data Server V1,Hardware,East,1,3100,3233.97,2200,1033.97,331.39,CUST-704,Growth SMB,High
TX-11299,2025-05-16,PROD-106,Automated ETL Pipeline,Cloud Services,West,1,2900,2837.52,700,2137.52,366.48,CUST-545,Growth SMB,Low
TX-11300,2025-05-16,PROD-105,Strategic BI Advisory,Advisory,North,1,12000,12134.65,4500,7634.65,1082.09,CUST-852,At-Risk Midmarket,High
TX-11301,2025-05-17,PROD-102,AI Analytics Engine Pro,Enterprise AI,North,1,8200,8437.69,2100,6337.69,1007.24,CUST-585,Growth SMB,Low
TX-11302,2025-05-17,PROD-101,Stratos Enterprise Suite,Cloud Services,East,1,4500,4277.57,1200,3077.57,509.37,CUST-380,Growth SMB,Medium
TX-11303,2025-05-17,PROD-102,AI Analytics Engine Pro,Enterprise AI,West,1,8200,7856.82,2100,5756.82,931.67,CUST-882,Growth SMB,Medium
TX-11304,2025-05-17,PROD-106,Automated ETL Pipeline,Cloud Services,West,2,2900,6045.46,1400,4645.46,775.64,CUST-326,High-Value Enterprise,Medium
TX-11305,2025-05-18,PROD-104,Smart Edge Gateway,Hardware,South,2,1800,3745.59,1900,1845.59,344.17,CUST-205,High-Value Enterprise,Low
TX-11306,2025-05-18,PROD-105,Strategic BI Advisory,Advisory,West,1,12000,11784.01,4500,7284.01,1182.76,CUST-806,At-Risk Midmarket,High
TX-11307,2025-05-18,PROD-103,Legacy Data Server V1,Hardware,North,1,3100,3254.9,2200,1054.9,293.89,CUST-511,New Startup,High
TX-11308,2025-05-18,PROD-104,Smart Edge Gateway,Hardware,North,3,1800,5590.6,2850,2740.6,552.93,CUST-342,New Startup,Medium
TX-11309,2025-05-18,PROD-102,AI Analytics Engine Pro,Enterprise AI,South,1,8200,7912.6,2100,5812.6,906.9,CUST-794,New Startup,Medium
TX-11310,2025-05-18,PROD-106,Automated ETL Pipeline,Cloud Services,South,2,2900,5769.91,1400,4369.91,786.16,CUST-407,New Startup,Low
TX-11311,2025-05-18,PROD-106,Automated ETL Pipeline,Cloud Services,West,3,2900,8451.04,2100,6351.04,695.24,CUST-766,At-Risk Midmarket,High
TX-11312,2025-05-19,PROD-101,Stratos Enterprise Suite,Cloud Services,South,1,4500,4585.03,1200,3385.03,414.93,CUST-860,At-Risk Midmarket,High
TX-11313,2025-05-19,PROD-101,Stratos Enterprise Suite,Cloud Services,Central,3,4500,14063.65,3600,10463.65,1586.26,CUST-502,At-Risk Midmarket,High
TX-11314,2025-05-19,PROD-103,Legacy Data Server V1,Hardware,EMEA,1,3100,3055.66,2200,855.66,338.45,CUST-448,Growth SMB,High
TX-11315,2025-05-19,PROD-101,Stratos Enterprise Suite,Cloud Services,South,5,4500,22956.26,6000,16956.26,1894.36,CUST-471,New Startup,Low
TX-11316,2025-05-20,PROD-105,Strategic BI Advisory,Advisory,North,1,12000,11512.14,4500,7012.14,1409.19,CUST-783,At-Risk Midmarket,High
TX-11317,2025-05-20,PROD-101,Stratos Enterprise Suite,Cloud Services,North,5,4500,23454.33,6000,17454.33,2967.42,CUST-798,Growth SMB,Medium
TX-11318,2025-05-20,PROD-105,Strategic BI Advisory,Advisory,West,1,12000,11863.7,4500,7363.7,1238.33,CUST-363,Growth SMB,Medium
TX-11319,2025-05-20,PROD-105,Strategic BI Advisory,Advisory,North,2,12000,24238.51,9000,15238.51,3301.98,CUST-104,At-Risk Midmarket,High
TX-11320,2025-05-20,PROD-102,AI Analytics Engine Pro,Enterprise AI,West,1,8200,8496.22,2100,6396.22,1094.2,CUST-456,At-Risk Midmarket,High
TX-11321,2025-05-21,PROD-102,AI Analytics Engine Pro,Enterprise AI,North,1,8200,8009.49,2100,5909.49,1078.84,CUST-182,Growth SMB,Medium
TX-11322,2025-05-21,PROD-102,AI Analytics Engine Pro,Enterprise AI,South,1,8200,7897.69,2100,5797.69,1019.99,CUST-518,Growth SMB,Low
TX-11323,2025-05-21,PROD-106,Automated ETL Pipeline,Cloud Services,East,3,2900,8933.99,2100,6833.99,1083.85,CUST-972,Growth SMB,Medium
TX-11324,2025-05-21,PROD-106,Automated ETL Pipeline,Cloud Services,South,3,2900,9125.72,2100,7025.72,879.29,CUST-507,Growth SMB,Medium
TX-11325,2025-05-22,PROD-106,Automated ETL Pipeline,Cloud Services,South,1,2900,3015.35,700,2315.35,335.21,CUST-990,Growth SMB,Low
TX-11326,2025-05-22,PROD-104,Smart Edge Gateway,Hardware,EMEA,1,1800,1856.83,950,906.83,193.47,CUST-499,Growth SMB,Medium
TX-11327,2025-05-22,PROD-105,Strategic BI Advisory,Advisory,North,1,12000,12175.5,4500,7675.5,999.43,CUST-974,New Startup,Medium
TX-11328,2025-05-23,PROD-101,Stratos Enterprise Suite,Cloud Services,APAC,6,4500,26856.86,7200,19656.86,2561.05,CUST-189,Growth SMB,Low
TX-11329,2025-05-23,PROD-102,AI Analytics Engine Pro,Enterprise AI,Central,1,8200,7957.65,2100,5857.65,676.86,CUST-154,High-Value Enterprise,Low
TX-11330,2025-05-23,PROD-102,AI Analytics Engine Pro,Enterprise AI,North,2,8200,16792.82,4200,12592.82,1780.25,CUST-886,High-Value Enterprise,Medium
TX-11331,2025-05-24,PROD-103,Legacy Data Server V1,Hardware,Central,1,3100,3124.63,2200,924.63,419.11,CUST-963,High-Value Enterprise,High
TX-11332,2025-05-24,PROD-106,Automated ETL Pipeline,Cloud Services,East,1,2900,2779.93,700,2079.93,363.06,CUST-443,High-Value Enterprise,Low
TX-11333,2025-05-24,PROD-104,Smart Edge Gateway,Hardware,West,5,1800,9201.42,4750,4451.42,1236.01,CUST-536,New Startup,Low
TX-11334,2025-05-24,PROD-102,AI Analytics Engine Pro,Enterprise AI,West,1,8200,8337.14,2100,6237.14,808.73,CUST-812,New Startup,Medium
TX-11335,2025-05-24,PROD-106,Automated ETL Pipeline,Cloud Services,North,1,2900,2831.9,700,2131.9,368.47,CUST-302,High-Value Enterprise,Medium
TX-11336,2025-05-24,PROD-102,AI Analytics Engine Pro,Enterprise AI,South,5,8200,39886.16,10500,29386.16,3250.27,CUST-627,Growth SMB,Medium
TX-11337,2025-05-24,PROD-104,Smart Edge Gateway,Hardware,West,1,1800,1860.59,950,910.59,176.62,CUST-884,At-Risk Midmarket,High
TX-11338,2025-05-25,PROD-102,AI Analytics Engine Pro,Enterprise AI,East,1,8200,8119.18,2100,6019.18,1022.13,CUST-873,Growth SMB,Low
TX-11339,2025-05-25,PROD-106,Automated ETL Pipeline,Cloud Services,South,1,2900,2939.58,700,2239.58,304.64,CUST-702,At-Risk Midmarket,High
TX-11340,2025-05-25,PROD-101,Stratos Enterprise Suite,Cloud Services,West,1,4500,4482.63,1200,3282.63,483.07,CUST-313,At-Risk Midmarket,High
TX-11341,2025-05-25,PROD-102,AI Analytics Engine Pro,Enterprise AI,West,1,8200,8071.55,2100,5971.55,969.41,CUST-816,High-Value Enterprise,Medium
TX-11342,2025-05-25,PROD-103,Legacy Data Server V1,Hardware,EMEA,1,3100,3129.66,2200,929.66,432.7,CUST-332,Growth SMB,High
TX-11343,2025-05-25,PROD-106,Automated ETL Pipeline,Cloud Services,West,2,2900,5986.22,1400,4586.22,674.96,CUST-926,Growth SMB,Low
TX-11344,2025-05-25,PROD-104,Smart Edge Gateway,Hardware,APAC,2,1800,3473.96,1900,1573.96,296.67,CUST-783,At-Risk Midmarket,High
TX-11345,2025-05-26,PROD-105,Strategic BI Advisory,Advisory,East,1,12000,12318.66,4500,7818.66,1036.59,CUST-213,High-Value Enterprise,Low
TX-11346,2025-05-26,PROD-104,Smart Edge Gateway,Hardware,APAC,1,1800,1820.72,950,870.72,150.84,CUST-663,Growth SMB,Medium
TX-11347,2025-05-26,PROD-106,Automated ETL Pipeline,Cloud Services,APAC,2,2900,5687.83,1400,4287.83,739.74,CUST-746,Growth SMB,Low
TX-11348,2025-05-26,PROD-101,Stratos Enterprise Suite,Cloud Services,South,1,4500,4601.04,1200,3401.04,546.18,CUST-241,High-Value Enterprise,Low
TX-11349,2025-05-26,PROD-102,AI Analytics Engine Pro,Enterprise AI,EMEA,2,8200,16067.6,4200,11867.6,1341.87,CUST-382,New Startup,Medium
TX-11350,2025-05-27,PROD-103,Legacy Data Server V1,Hardware,West,1,3100,3238.6,2200,1038.6,376.24,CUST-341,Growth SMB,Low
TX-11351,2025-05-27,PROD-101,Stratos Enterprise Suite,Cloud Services,EMEA,1,4500,4651.62,1200,3451.62,379.84,CUST-902,Growth SMB,Low
TX-11352,2025-05-27,PROD-105,Strategic BI Advisory,Advisory,APAC,1,12000,11955.74,4500,7455.74,1069.52,CUST-117,Growth SMB,Medium
TX-11353,2025-05-27,PROD-103,Legacy Data Server V1,Hardware,APAC,1,3100,3167.9,2200,967.9,405.64,CUST-790,New Startup,High
TX-11354,2025-05-28,PROD-104,Smart Edge Gateway,Hardware,North,2,1800,3518.59,1900,1618.59,407.66,CUST-555,High-Value Enterprise,Low
TX-11355,2025-05-28,PROD-103,Legacy Data Server V1,Hardware,APAC,1,3100,3183.45,2200,983.45,336.59,CUST-334,At-Risk Midmarket,High
TX-11356,2025-05-28,PROD-106,Automated ETL Pipeline,Cloud Services,Central,1,2900,2916.79,700,2216.79,277.77,CUST-340,New Startup,Medium
TX-11357,2025-05-28,PROD-102,AI Analytics Engine Pro,Enterprise AI,West,1,8200,8013.6,2100,5913.6,732.81,CUST-774,High-Value Enterprise,Low
TX-11358,2025-05-28,PROD-104,Smart Edge Gateway,Hardware,APAC,1,1800,1713.34,950,763.34,211.57,CUST-100,Growth SMB,Low
TX-11359,2025-05-29,PROD-101,Stratos Enterprise Suite,Cloud Services,Central,1,4500,4351.41,1200,3151.41,518.48,CUST-864,New Startup,Low
TX-11360,2025-05-29,PROD-104,Smart Edge Gateway,Hardware,North,1,1800,1868.96,950,918.96,258.35,CUST-555,At-Risk Midmarket,High
TX-11361,2025-05-29,PROD-102,AI Analytics Engine Pro,Enterprise AI,Central,2,8200,17039.54,4200,12839.54,2227.41,CUST-109,High-Value Enterprise,Low
TX-11362,2025-05-29,PROD-104,Smart Edge Gateway,Hardware,North,1,1800,1832.95,950,882.95,210.48,CUST-966,At-Risk Midmarket,High
TX-11363,2025-05-29,PROD-102,AI Analytics Engine Pro,Enterprise AI,South,1,8200,8155.94,2100,6055.94,992.47,CUST-896,Growth SMB,Low
TX-11364,2025-05-29,PROD-101,Stratos Enterprise Suite,Cloud Services,West,1,4500,4423.49,1200,3223.49,568.37,CUST-336,At-Risk Midmarket,High
TX-11365,2025-05-30,PROD-101,Stratos Enterprise Suite,Cloud Services,Central,5,4500,22601.27,6000,16601.27,2111.72,CUST-678,Growth SMB,Low
TX-11366,2025-05-30,PROD-103,Legacy Data Server V1,Hardware,APAC,1,3100,3212.15,2200,1012.15,290.56,CUST-131,Growth SMB,Low
TX-11367,2025-05-30,PROD-104,Smart Edge Gateway,Hardware,EMEA,1,1800,1872.92,950,922.92,247.53,CUST-983,High-Value Enterprise,Low
TX-11368,2025-05-30,PROD-101,Stratos Enterprise Suite,Cloud Services,South,2,4500,9130.53,2400,6730.53,1195.32,CUST-302,Growth SMB,Low
TX-11369,2025-05-31,PROD-104,Smart Edge Gateway,Hardware,EMEA,1,1800,1819.78,950,869.78,224.86,CUST-713,Growth SMB,Low
TX-11370,2025-05-31,PROD-101,Stratos Enterprise Suite,Cloud Services,West,2,4500,8912.46,2400,6512.46,896.65,CUST-321,Growth SMB,Medium
TX-11371,2025-05-31,PROD-105,Strategic BI Advisory,Advisory,West,2,12000,23634.32,9000,14634.32,3259.37,CUST-406,At-Risk Midmarket,High
TX-11372,2025-05-31,PROD-101,Stratos Enterprise Suite,Cloud Services,North,3,4500,14012.57,3600,10412.57,1419.7,CUST-285,Growth SMB,Medium
TX-11373,2025-05-31,PROD-101,Stratos Enterprise Suite,Cloud Services,East,1,4500,4694.01,1200,3494.01,477.32,CUST-855,Growth SMB,Low
TX-11374,2025-06-01,PROD-104,Smart Edge Gateway,Hardware,Central,2,1800,3709.45,1900,1809.45,455.34,CUST-821,New Startup,Medium
TX-11375,2025-06-01,PROD-103,Legacy Data Server V1,Hardware,Central,2,3100,6448.76,4400,2048.76,564.69,CUST-835,Growth SMB,Low
TX-11376,2025-06-01,PROD-104,Smart Edge Gateway,Hardware,East,2,1800,3711.62,1900,1811.62,404.11,CUST-740,Growth SMB,Low
TX-11377,2025-06-01,PROD-101,Stratos Enterprise Suite,Cloud Services,East,2,4500,9201.72,2400,6801.72,1184.58,CUST-881,New Startup,Medium
TX-11378,2025-06-01,PROD-101,Stratos Enterprise Suite,Cloud Services,West,1,4500,4656.86,1200,3456.86,488.24,CUST-758,New Startup,Low
TX-11379,2025-06-02,PROD-103,Legacy Data Server V1,Hardware,South,1,3100,2976.07,2200,776.07,372.79,CUST-157,High-Value Enterprise,High
TX-11380,2025-06-02,PROD-101,Stratos Enterprise Suite,Cloud Services,North,1,4500,4566.22,1200,3366.22,616.65,CUST-151,Growth SMB,Low
TX-11381,2025-06-02,PROD-103,Legacy Data Server V1,Hardware,North,2,3100,6301.54,4400,1901.54,660.73,CUST-162,Growth SMB,High
TX-11382,2025-06-02,PROD-103,Legacy Data Server V1,Hardware,West,1,3100,3036.24,2200,836.24,401.9,CUST-615,Growth SMB,Low
TX-11383,2025-06-02,PROD-106,Automated ETL Pipeline,Cloud Services,North,5,2900,14918.6,3500,11418.6,1508.07,CUST-697,At-Risk Midmarket,High
TX-11384,2025-06-02,PROD-103,Legacy Data Server V1,Hardware,North,2,3100,6114.58,4400,1714.58,568.95,CUST-522,At-Risk Midmarket,High
TX-11385,2025-06-03,PROD-101,Stratos Enterprise Suite,Cloud Services,South,1,4500,4327.0,1200,3127.0,364.69,CUST-565,High-Value Enterprise,Low
TX-11386,2025-06-03,PROD-104,Smart Edge Gateway,Hardware,East,1,1800,1736.12,950,786.12,211.72,CUST-801,Growth SMB,Low
TX-11387,2025-06-03,PROD-104,Smart Edge Gateway,Hardware,West,1,1800,1858.04,950,908.04,204.9,CUST-290,At-Risk Midmarket,High
TX-11388,2025-06-03,PROD-103,Legacy Data Server V1,Hardware,APAC,1,3100,3108.18,2200,908.18,375.16,CUST-213,High-Value Enterprise,High
TX-11389,2025-06-04,PROD-103,Legacy Data Server V1,Hardware,West,1,3100,3220.81,2200,1020.81,375.29,CUST-322,High-Value Enterprise,Low
TX-11390,2025-06-04,PROD-101,Stratos Enterprise Suite,Cloud Services,South,5,4500,22667.11,6000,16667.11,2946.35,CUST-918,New Startup,Low
TX-11391,2025-06-04,PROD-106,Automated ETL Pipeline,Cloud Services,South,2,2900,5637.48,1400,4237.48,555.71,CUST-436,High-Value Enterprise,Low
TX-11392,2025-06-04,PROD-101,Stratos Enterprise Suite,Cloud Services,North,1,4500,4611.86,1200,3411.86,447.04,CUST-892,New Startup,Low
TX-11393,2025-06-05,PROD-101,Stratos Enterprise Suite,Cloud Services,North,1,4500,4403.55,1200,3203.55,580.77,CUST-631,Growth SMB,Low
TX-11394,2025-06-05,PROD-105,Strategic BI Advisory,Advisory,East,1,12000,11558.32,4500,7058.32,1268.3,CUST-761,New Startup,Low
TX-11395,2025-06-05,PROD-106,Automated ETL Pipeline,Cloud Services,West,5,2900,14774.87,3500,11274.87,1544.43,CUST-796,New Startup,Low
TX-11396,2025-06-05,PROD-101,Stratos Enterprise Suite,Cloud Services,North,1,4500,4329.49,1200,3129.49,570.97,CUST-422,At-Risk Midmarket,High
TX-11397,2025-06-05,PROD-104,Smart Edge Gateway,Hardware,West,1,1800,1844.12,950,894.12,161.59,CUST-361,Growth SMB,Low
TX-11398,2025-06-05,PROD-104,Smart Edge Gateway,Hardware,East,3,1800,5580.03,2850,2730.03,757.48,CUST-822,At-Risk Midmarket,High
TX-11399,2025-06-06,PROD-101,Stratos Enterprise Suite,Cloud Services,South,1,4500,4348.02,1200,3148.02,580.69,CUST-403,New Startup,Medium
TX-11400,2025-06-06,PROD-101,Stratos Enterprise Suite,Cloud Services,East,1,4500,4454.68,1200,3254.68,492.12,CUST-757,New Startup,Low
TX-11401,2025-06-06,PROD-106,Automated ETL Pipeline,Cloud Services,EMEA,1,2900,2991.81,700,2291.81,395.25,CUST-427,Growth SMB,Low
TX-11402,2025-06-07,PROD-101,Stratos Enterprise Suite,Cloud Services,West,5,4500,21416.1,6000,15416.1,2829.88,CUST-865,New Startup,Low
TX-11403,2025-06-07,PROD-105,Strategic BI Advisory,Advisory,APAC,1,12000,12073.94,4500,7573.94,1483.78,CUST-703,At-Risk Midmarket,High
TX-11404,2025-06-07,PROD-104,Smart Edge Gateway,Hardware,West,3,1800,5571.83,2850,2721.83,447.64,CUST-113,New Startup,Medium
TX-11405,2025-06-07,PROD-103,Legacy Data Server V1,Hardware,East,1,3100,3092.81,2200,892.81,272.03,CUST-295,New Startup,High
TX-11406,2025-06-07,PROD-104,Smart Edge Gateway,Hardware,South,2,1800,3681.35,1900,1781.35,305.94,CUST-583,Growth SMB,Medium
TX-11407,2025-06-08,PROD-106,Automated ETL Pipeline,Cloud Services,North,1,2900,2920.21,700,2220.21,272.44,CUST-199,High-Value Enterprise,Low
TX-11408,2025-06-08,PROD-104,Smart Edge Gateway,Hardware,West,2,1800,3542.3,1900,1642.3,482.31,CUST-633,Growth SMB,Low
TX-11409,2025-06-08,PROD-102,AI Analytics Engine Pro,Enterprise AI,Central,5,8200,42408.97,10500,31908.97,4057.16,CUST-875,Growth SMB,Low
TX-11410,2025-06-08,PROD-101,Stratos Enterprise Suite,Cloud Services,APAC,1,4500,4681.35,1200,3481.35,603.16,CUST-577,At-Risk Midmarket,High
TX-11411,2025-06-08,PROD-101,Stratos Enterprise Suite,Cloud Services,EMEA,5,4500,22571.94,6000,16571.94,2288.97,CUST-169,Growth SMB,Low
TX-11412,2025-06-09,PROD-105,Strategic BI Advisory,Advisory,Central,1,12000,12101.53,4500,7601.53,1685.99,CUST-958,At-Risk Midmarket,High
TX-11413,2025-06-09,PROD-104,Smart Edge Gateway,Hardware,Central,3,1800,5382.65,2850,2532.65,441.35,CUST-378,At-Risk Midmarket,High
TX-11414,2025-06-09,PROD-104,Smart Edge Gateway,Hardware,North,1,1800,1731.56,950,781.56,211.25,CUST-359,New Startup,Low
TX-11415,2025-06-10,PROD-101,Stratos Enterprise Suite,Cloud Services,North,1,4500,4454.08,1200,3254.08,536.63,CUST-562,High-Value Enterprise,Low
TX-11416,2025-06-10,PROD-101,Stratos Enterprise Suite,Cloud Services,East,1,4500,4678.07,1200,3478.07,568.43,CUST-637,Growth SMB,Low
TX-11417,2025-06-10,PROD-103,Legacy Data Server V1,Hardware,EMEA,1,3100,3162.54,2200,962.54,396.52,CUST-687,At-Risk Midmarket,High
TX-11418,2025-06-10,PROD-104,Smart Edge Gateway,Hardware,East,1,1800,1876.78,950,926.78,218.08,CUST-479,Growth SMB,Medium
TX-11419,2025-06-10,PROD-106,Automated ETL Pipeline,Cloud Services,APAC,6,2900,16701.28,4200,12501.28,2317.56,CUST-496,New Startup,Medium
TX-11420,2025-06-11,PROD-106,Automated ETL Pipeline,Cloud Services,North,2,2900,5554.94,1400,4154.94,498.6,CUST-737,Growth SMB,Low
TX-11421,2025-06-11,PROD-105,Strategic BI Advisory,Advisory,Central,1,12000,11981.21,4500,7481.21,1023.8,CUST-387,Growth SMB,Low
TX-11422,2025-06-11,PROD-105,Strategic BI Advisory,Advisory,APAC,1,12000,11726.94,4500,7226.94,1324.55,CUST-728,New Startup,Low
TX-11423,2025-06-12,PROD-103,Legacy Data Server V1,Hardware,North,2,3100,6481.49,4400,2081.49,717.24,CUST-165,At-Risk Midmarket,High
TX-11424,2025-06-12,PROD-104,Smart Edge Gateway,Hardware,EMEA,1,1800,1808.66,950,858.66,193.85,CUST-450,At-Risk Midmarket,High
TX-11425,2025-06-12,PROD-104,Smart Edge Gateway,Hardware,North,1,1800,1767.74,950,817.74,182.48,CUST-743,Growth SMB,Medium
TX-11426,2025-06-12,PROD-101,Stratos Enterprise Suite,Cloud Services,APAC,2,4500,8677.65,2400,6277.65,696.16,CUST-375,Growth SMB,Low
TX-11427,2025-06-12,PROD-106,Automated ETL Pipeline,Cloud Services,South,1,2900,2979.67,700,2279.67,407.64,CUST-744,Growth SMB,Low
TX-11428,2025-06-12,PROD-102,AI Analytics Engine Pro,Enterprise AI,North,1,8200,8506.41,2100,6406.41,837.37,CUST-129,New Startup,Low
TX-11429,2025-06-12,PROD-104,Smart Edge Gateway,Hardware,West,1,1800,1805.16,950,855.16,244.92,CUST-850,High-Value Enterprise,Medium
TX-11430,2025-06-13,PROD-105,Strategic BI Advisory,Advisory,Central,2,12000,24898.04,9000,15898.04,2385.4,CUST-867,High-Value Enterprise,Low
TX-11431,2025-06-13,PROD-105,Strategic BI Advisory,Advisory,North,1,12000,12092.31,4500,7592.31,1587.66,CUST-448,High-Value Enterprise,Low
TX-11432,2025-06-13,PROD-106,Automated ETL Pipeline,Cloud Services,North,2,2900,5801.39,1400,4401.39,582.0,CUST-996,At-Risk Midmarket,High
TX-11433,2025-06-13,PROD-104,Smart Edge Gateway,Hardware,East,1,1800,1863.2,950,913.2,211.35,CUST-293,New Startup,Low
TX-11434,2025-06-13,PROD-105,Strategic BI Advisory,Advisory,East,1,12000,12132.49,4500,7632.49,1502.49,CUST-436,At-Risk Midmarket,High
TX-11435,2025-06-13,PROD-103,Legacy Data Server V1,Hardware,Central,1,3100,3047.24,2200,847.24,362.69,CUST-237,High-Value Enterprise,High
TX-11436,2025-06-14,PROD-104,Smart Edge Gateway,Hardware,East,5,1800,9387.51,4750,4637.51,992.27,CUST-879,High-Value Enterprise,Low
TX-11437,2025-06-14,PROD-106,Automated ETL Pipeline,Cloud Services,West,1,2900,2876.2,700,2176.2,272.53,CUST-876,New Startup,Low
TX-11438,2025-06-14,PROD-104,Smart Edge Gateway,Hardware,West,2,1800,3631.05,1900,1731.05,411.13,CUST-481,At-Risk Midmarket,High
TX-11439,2025-06-14,PROD-102,AI Analytics Engine Pro,Enterprise AI,North,1,8200,7847.13,2100,5747.13,835.18,CUST-664,At-Risk Midmarket,High
TX-11440,2025-06-14,PROD-106,Automated ETL Pipeline,Cloud Services,West,5,2900,14267.85,3500,10767.85,1911.85,CUST-573,Growth SMB,Low
TX-11441,2025-06-15,PROD-102,AI Analytics Engine Pro,Enterprise AI,South,1,8200,8485.0,2100,6385.0,1065.17,CUST-228,New Startup,Low
TX-11442,2025-06-15,PROD-102,AI Analytics Engine Pro,Enterprise AI,North,1,8200,8462.45,2100,6362.45,1182.51,CUST-912,High-Value Enterprise,Low
TX-11443,2025-06-15,PROD-103,Legacy Data Server V1,Hardware,East,1,3100,3200.27,2200,1000.27,285.64,CUST-714,At-Risk Midmarket,High
TX-11444,2025-06-15,PROD-102,AI Analytics Engine Pro,Enterprise AI,APAC,2,8200,16585.96,4200,12385.96,1598.09,CUST-621,Growth SMB,Low
TX-11445,2025-06-15,PROD-101,Stratos Enterprise Suite,Cloud Services,North,2,4500,9317.01,2400,6917.01,1081.54,CUST-493,Growth SMB,Low
TX-11446,2025-06-15,PROD-102,AI Analytics Engine Pro,Enterprise AI,North,1,8200,7802.23,2100,5702.23,684.76,CUST-259,Growth SMB,Low
TX-11447,2025-06-15,PROD-105,Strategic BI Advisory,Advisory,APAC,1,12000,11788.83,4500,7288.83,1310.51,CUST-146,High-Value Enterprise,Low
TX-11448,2025-06-16,PROD-102,AI Analytics Engine Pro,Enterprise AI,South,1,8200,8071.93,2100,5971.93,943.14,CUST-819,Growth SMB,Low
TX-11449,2025-06-16,PROD-104,Smart Edge Gateway,Hardware,West,2,1800,3775.67,1900,1875.67,452.56,CUST-688,Growth SMB,Low
TX-11450,2025-06-16,PROD-102,AI Analytics Engine Pro,Enterprise AI,West,1,8200,8017.9,2100,5917.9,1069.74,CUST-726,Growth SMB,Low
TX-11451,2025-06-16,PROD-105,Strategic BI Advisory,Advisory,North,1,12000,12012.32,4500,7512.32,1273.63,CUST-426,At-Risk Midmarket,High
TX-11452,2025-06-17,PROD-102,AI Analytics Engine Pro,Enterprise AI,South,5,8200,42738.74,10500,32238.74,5905.14,CUST-779,High-Value Enterprise,Medium
TX-11453,2025-06-17,PROD-105,Strategic BI Advisory,Advisory,West,3,12000,36994.61,13500,23494.61,4553.9,CUST-106,New Startup,Low
TX-11454,2025-06-17,PROD-103,Legacy Data Server V1,Hardware,East,1,3100,2984.6,2200,784.6,239.66,CUST-612,New Startup,High
TX-11455,2025-06-18,PROD-106,Automated ETL Pipeline,Cloud Services,North,2,2900,5557.76,1400,4157.76,628.13,CUST-652,Growth SMB,Low
TX-11456,2025-06-18,PROD-101,Stratos Enterprise Suite,Cloud Services,North,1,4500,4289.81,1200,3089.81,498.94,CUST-401,Growth SMB,Medium
TX-11457,2025-06-18,PROD-101,Stratos Enterprise Suite,Cloud Services,Central,1,4500,4578.31,1200,3378.31,402.91,CUST-226,High-Value Enterprise,Low
TX-11458,2025-06-19,PROD-101,Stratos Enterprise Suite,Cloud Services,North,1,4500,4443.64,1200,3243.64,357.57,CUST-900,At-Risk Midmarket,High
TX-11459,2025-06-19,PROD-106,Automated ETL Pipeline,Cloud Services,South,5,2900,13919.66,3500,10419.66,1762.37,CUST-559,Growth SMB,Low
TX-11460,2025-06-19,PROD-102,AI Analytics Engine Pro,Enterprise AI,South,1,8200,8547.71,2100,6447.71,723.65,CUST-194,Growth SMB,Medium
TX-11461,2025-06-20,PROD-106,Automated ETL Pipeline,Cloud Services,South,3,2900,9126.18,2100,7026.18,847.23,CUST-985,At-Risk Midmarket,High
TX-11462,2025-06-20,PROD-104,Smart Edge Gateway,Hardware,South,2,1800,3424.12,1900,1524.12,361.75,CUST-733,At-Risk Midmarket,High
TX-11463,2025-06-20,PROD-105,Strategic BI Advisory,Advisory,EMEA,1,12000,12469.48,4500,7969.48,1364.96,CUST-885,Growth SMB,Low
TX-11464,2025-06-20,PROD-104,Smart Edge Gateway,Hardware,South,2,1800,3747.75,1900,1847.75,361.43,CUST-183,New Startup,Low
TX-11465,2025-06-20,PROD-104,Smart Edge Gateway,Hardware,West,5,1800,8561.15,4750,3811.15,890.05,CUST-173,High-Value Enterprise,Low
TX-11466,2025-06-21,PROD-101,Stratos Enterprise Suite,Cloud Services,EMEA,1,4500,4563.66,1200,3363.66,383.78,CUST-419,New Startup,Medium
TX-11467,2025-06-21,PROD-102,AI Analytics Engine Pro,Enterprise AI,West,1,8200,7895.44,2100,5795.44,674.94,CUST-452,High-Value Enterprise,Low
TX-11468,2025-06-21,PROD-104,Smart Edge Gateway,Hardware,Central,1,1800,1885.19,950,935.19,190.4,CUST-310,Growth SMB,Medium
TX-11469,2025-06-21,PROD-103,Legacy Data Server V1,Hardware,North,1,3100,2946.76,2200,746.76,244.9,CUST-341,At-Risk Midmarket,High
TX-11470,2025-06-22,PROD-101,Stratos Enterprise Suite,Cloud Services,South,2,4500,8984.92,2400,6584.92,1144.8,CUST-611,Growth SMB,Low
TX-11471,2025-06-22,PROD-106,Automated ETL Pipeline,Cloud Services,East,1,2900,2899.24,700,2199.24,257.7,CUST-964,Growth SMB,Low
TX-11472,2025-06-22,PROD-105,Strategic BI Advisory,Advisory,Central,2,12000,23196.78,9000,14196.78,3157.63,CUST-573,New Startup,Low
TX-11473,2025-06-22,PROD-103,Legacy Data Server V1,Hardware,West,1,3100,3176.9,2200,976.9,271.6,CUST-498,Growth SMB,High
TX-11474,2025-06-22,PROD-101,Stratos Enterprise Suite,Cloud Services,North,5,4500,23035.3,6000,17035.3,2020.23,CUST-291,At-Risk Midmarket,High
TX-11475,2025-06-23,PROD-104,Smart Edge Gateway,Hardware,West,1,1800,1843.87,950,893.87,205.93,CUST-676,High-Value Enterprise,Low
TX-11476,2025-06-23,PROD-102,AI Analytics Engine Pro,Enterprise AI,EMEA,1,8200,7968.15,2100,5868.15,1101.71,CUST-680,High-Value Enterprise,Low
TX-11477,2025-06-23,PROD-103,Legacy Data Server V1,Hardware,APAC,1,3100,2976.35,2200,776.35,258.15,CUST-851,High-Value Enterprise,High
TX-11478,2025-06-23,PROD-102,AI Analytics Engine Pro,Enterprise AI,South,1,8200,8172.09,2100,6072.09,986.72,CUST-109,New Startup,Low
TX-11479,2025-06-23,PROD-101,Stratos Enterprise Suite,Cloud Services,East,1,4500,4303.36,1200,3103.36,453.84,CUST-828,New Startup,Low
TX-11480,2025-06-23,PROD-104,Smart Edge Gateway,Hardware,South,2,1800,3748.77,1900,1848.77,352.08,CUST-115,High-Value Enterprise,Low
TX-11481,2025-06-23,PROD-104,Smart Edge Gateway,Hardware,East,2,1800,3701.42,1900,1801.42,299.54,CUST-288,New Startup,Medium
TX-11482,2025-06-24,PROD-104,Smart Edge Gateway,Hardware,South,8,1800,14536.48,7600,6936.48,1467.05,CUST-874,High-Value Enterprise,Low
TX-11483,2025-06-24,PROD-104,Smart Edge Gateway,Hardware,East,1,1800,1832.0,950,882.0,206.58,CUST-396,High-Value Enterprise,Low
TX-11484,2025-06-24,PROD-106,Automated ETL Pipeline,Cloud Services,South,3,2900,8907.78,2100,6807.78,825.68,CUST-154,High-Value Enterprise,Low
TX-11485,2025-06-24,PROD-102,AI Analytics Engine Pro,Enterprise AI,South,1,8200,8065.45,2100,5965.45,710.2,CUST-666,At-Risk Midmarket,High
TX-11486,2025-06-24,PROD-104,Smart Edge Gateway,Hardware,EMEA,5,1800,8718.13,4750,3968.13,1040.02,CUST-627,At-Risk Midmarket,High
TX-11487,2025-06-25,PROD-105,Strategic BI Advisory,Advisory,South,1,12000,11848.9,4500,7348.9,1140.17,CUST-990,High-Value Enterprise,Low
TX-11488,2025-06-25,PROD-103,Legacy Data Server V1,Hardware,East,1,3100,3132.26,2200,932.26,260.83,CUST-210,Growth SMB,High
TX-11489,2025-06-25,PROD-103,Legacy Data Server V1,Hardware,East,1,3100,2948.92,2200,748.92,236.13,CUST-786,High-Value Enterprise,Low
TX-11490,2025-06-25,PROD-105,Strategic BI Advisory,Advisory,West,1,12000,11579.32,4500,7079.32,1329.43,CUST-344,High-Value Enterprise,Low
TX-11491,2025-06-25,PROD-105,Strategic BI Advisory,Advisory,South,1,12000,11911.38,4500,7411.38,1628.89,CUST-899,High-Value Enterprise,Low
TX-11492,2025-06-26,PROD-105,Strategic BI Advisory,Advisory,Central,1,12000,11423.56,4500,6923.56,1416.68,CUST-812,Growth SMB,Low
TX-11493,2025-06-26,PROD-105,Strategic BI Advisory,Advisory,EMEA,1,12000,12097.48,4500,7597.48,1537.66,CUST-638,Growth SMB,Low
TX-11494,2025-06-26,PROD-102,AI Analytics Engine Pro,Enterprise AI,South,2,8200,17055.8,4200,12855.8,1656.28,CUST-468,Growth SMB,Low
TX-11495,2025-06-26,PROD-106,Automated ETL Pipeline,Cloud Services,West,2,2900,5603.83,1400,4203.83,572.48,CUST-880,Growth SMB,Low
TX-11496,2025-06-27,PROD-102,AI Analytics Engine Pro,Enterprise AI,North,3,8200,24018.39,6300,17718.39,2221.98,CUST-731,At-Risk Midmarket,High
TX-11497,2025-06-27,PROD-103,Legacy Data Server V1,Hardware,EMEA,1,3100,3065.17,2200,865.17,323.52,CUST-181,At-Risk Midmarket,High
TX-11498,2025-06-27,PROD-101,Stratos Enterprise Suite,Cloud Services,South,3,4500,13602.26,3600,10002.26,1402.41,CUST-871,Growth SMB,Medium
TX-11499,2025-06-27,PROD-103,Legacy Data Server V1,Hardware,West,2,3100,5911.69,4400,1511.69,565.54,CUST-444,New Startup,High
TX-11500,2025-06-27,PROD-101,Stratos Enterprise Suite,Cloud Services,West,1,4500,4345.05,1200,3145.05,511.96,CUST-364,High-Value Enterprise,Medium
TX-11501,2025-06-28,PROD-104,Smart Edge Gateway,Hardware,South,2,1800,3685.75,1900,1785.75,403.25,CUST-974,High-Value Enterprise,Low
TX-11502,2025-06-28,PROD-104,Smart Edge Gateway,Hardware,East,1,1800,1855.92,950,905.92,194.34,CUST-268,At-Risk Midmarket,High
TX-11503,2025-06-28,PROD-101,Stratos Enterprise Suite,Cloud Services,East,3,4500,13048.59,3600,9448.59,1203.66,CUST-547,At-Risk Midmarket,High
TX-11504,2025-06-28,PROD-102,AI Analytics Engine Pro,Enterprise AI,South,1,8200,8163.14,2100,6063.14,795.41,CUST-774,High-Value Enterprise,Medium
TX-11505,2025-06-28,PROD-101,Stratos Enterprise Suite,Cloud Services,North,1,4500,4546.48,1200,3346.48,546.19,CUST-835,Growth SMB,Low
TX-11506,2025-06-29,PROD-106,Automated ETL Pipeline,Cloud Services,Central,1,2900,2775.82,700,2075.82,237.77,CUST-393,At-Risk Midmarket,High
TX-11507,2025-06-29,PROD-101,Stratos Enterprise Suite,Cloud Services,North,1,4500,4618.49,1200,3418.49,576.06,CUST-861,Growth SMB,Low
TX-11508,2025-06-29,PROD-103,Legacy Data Server V1,Hardware,West,1,3100,3106.59,2200,906.59,420.27,CUST-131,Growth SMB,High
TX-11509,2025-06-29,PROD-103,Legacy Data Server V1,Hardware,West,1,3100,3172.56,2200,972.56,351.83,CUST-348,Growth SMB,High
TX-11510,2025-06-29,PROD-104,Smart Edge Gateway,Hardware,West,2,1800,3595.77,1900,1695.77,343.52,CUST-235,High-Value Enterprise,Low
TX-11511,2025-06-29,PROD-106,Automated ETL Pipeline,Cloud Services,North,2,2900,5700.4,1400,4300.4,510.15,CUST-241,New Startup,Low
TX-11512,2025-06-30,PROD-102,AI Analytics Engine Pro,Enterprise AI,APAC,1,8200,8220.55,2100,6120.55,698.77,CUST-303,At-Risk Midmarket,High
TX-11513,2025-06-30,PROD-101,Stratos Enterprise Suite,Cloud Services,West,1,4500,4289.21,1200,3089.21,473.71,CUST-728,High-Value Enterprise,Medium
TX-11514,2025-06-30,PROD-102,AI Analytics Engine Pro,Enterprise AI,South,1,8200,8110.9,2100,6010.9,921.21,CUST-204,Growth SMB,Low
TX-11515,2025-06-30,PROD-104,Smart Edge Gateway,Hardware,West,1,1800,1711.01,950,761.01,139.94,CUST-593,At-Risk Midmarket,High
TX-11516,2025-06-30,PROD-105,Strategic BI Advisory,Advisory,Central,1,12000,12019.64,4500,7519.64,1029.92,CUST-996,Growth SMB,Low
TX-11517,2025-06-30,PROD-101,Stratos Enterprise Suite,Cloud Services,North,1,4500,4570.5,1200,3370.5,595.17,CUST-407,High-Value Enterprise,Low
TX-11518,2025-06-30,PROD-105,Strategic BI Advisory,Advisory,North,1,12000,12144.67,4500,7644.67,1277.52,CUST-920,Growth SMB,Low
TX-11519,2025-07-01,PROD-103,Legacy Data Server V1,Hardware,West,1,3100,3056.34,2200,856.34,376.12,CUST-286,New Startup,High
TX-11520,2025-07-01,PROD-106,Automated ETL Pipeline,Cloud Services,South,1,2900,3023.08,700,2323.08,380.12,CUST-824,Growth SMB,Low
TX-11521,2025-07-01,PROD-106,Automated ETL Pipeline,Cloud Services,APAC,2,2900,5531.03,1400,4131.03,769.04,CUST-694,High-Value Enterprise,Low
TX-11522,2025-07-01,PROD-102,AI Analytics Engine Pro,Enterprise AI,South,2,8200,17141.97,4200,12941.97,2218.65,CUST-782,High-Value Enterprise,Low
TX-11523,2025-07-01,PROD-104,Smart Edge Gateway,Hardware,East,1,1800,1835.33,950,885.33,152.64,CUST-795,Growth SMB,Low
TX-11524,2025-07-01,PROD-103,Legacy Data Server V1,Hardware,South,1,3100,3129.97,2200,929.97,304.36,CUST-213,Growth SMB,Low
TX-11525,2025-07-02,PROD-105,Strategic BI Advisory,Advisory,EMEA,1,12000,11640.38,4500,7140.38,1220.45,CUST-323,High-Value Enterprise,Low
TX-11526,2025-07-02,PROD-101,Stratos Enterprise Suite,Cloud Services,South,2,4500,9263.85,2400,6863.85,1074.86,CUST-250,New Startup,Medium
TX-11527,2025-07-02,PROD-103,Legacy Data Server V1,Hardware,South,1,3100,3148.55,2200,948.55,425.47,CUST-885,Growth SMB,High
TX-11528,2025-07-02,PROD-105,Strategic BI Advisory,Advisory,South,1,12000,11946.01,4500,7446.01,1062.93,CUST-147,New Startup,Low
TX-11529,2025-07-02,PROD-105,Strategic BI Advisory,Advisory,EMEA,1,12000,12019.98,4500,7519.98,1123.91,CUST-618,New Startup,Medium
TX-11530,2025-07-02,PROD-103,Legacy Data Server V1,Hardware,South,1,3100,3035.35,2200,835.35,264.19,CUST-948,Growth SMB,Low
TX-11531,2025-07-02,PROD-105,Strategic BI Advisory,Advisory,East,1,12000,12334.79,4500,7834.79,1238.49,CUST-910,Growth SMB,Low
TX-11532,2025-07-03,PROD-106,Automated ETL Pipeline,Cloud Services,North,2,2900,5831.06,1400,4431.06,783.9,CUST-500,Growth SMB,Low
TX-11533,2025-07-03,PROD-102,AI Analytics Engine Pro,Enterprise AI,South,3,8200,24030.08,6300,17730.08,2038.05,CUST-549,Growth SMB,Medium
TX-11534,2025-07-03,PROD-103,Legacy Data Server V1,Hardware,North,1,3100,3166.68,2200,966.68,345.87,CUST-734,Growth SMB,Low
TX-11535,2025-07-03,PROD-104,Smart Edge Gateway,Hardware,South,1,1800,1864.92,950,914.92,165.6,CUST-748,Growth SMB,Medium
TX-11536,2025-07-03,PROD-105,Strategic BI Advisory,Advisory,APAC,1,12000,12203.36,4500,7703.36,1214.85,CUST-467,At-Risk Midmarket,High
TX-11537,2025-07-04,PROD-101,Stratos Enterprise Suite,Cloud Services,EMEA,2,4500,9101.77,2400,6701.77,758.7,CUST-320,High-Value Enterprise,Medium
TX-11538,2025-07-04,PROD-106,Automated ETL Pipeline,Cloud Services,West,2,2900,5516.88,1400,4116.88,482.83,CUST-919,New Startup,Medium
TX-11539,2025-07-04,PROD-101,Stratos Enterprise Suite,Cloud Services,APAC,1,4500,4403.66,1200,3203.66,449.18,CUST-537,At-Risk Midmarket,High
TX-11540,2025-07-04,PROD-104,Smart Edge Gateway,Hardware,North,2,1800,3692.05,1900,1792.05,354.14,CUST-972,Growth SMB,Medium
TX-11541,2025-07-04,PROD-102,AI Analytics Engine Pro,Enterprise AI,North,1,8200,8154.39,2100,6054.39,1067.94,CUST-632,New Startup,Low
TX-11542,2025-07-04,PROD-101,Stratos Enterprise Suite,Cloud Services,East,4,4500,17149.73,4800,12349.73,2219.7,CUST-245,At-Risk Midmarket,High
TX-11543,2025-07-05,PROD-106,Automated ETL Pipeline,Cloud Services,North,4,2900,12027.05,2800,9227.05,1055.32,CUST-272,Growth SMB,Medium
TX-11544,2025-07-05,PROD-106,Automated ETL Pipeline,Cloud Services,North,1,2900,2808.28,700,2108.28,310.85,CUST-409,High-Value Enterprise,Low
TX-11545,2025-07-05,PROD-106,Automated ETL Pipeline,Cloud Services,South,1,2900,2889.6,700,2189.6,235.44,CUST-813,New Startup,Low
TX-11546,2025-07-05,PROD-106,Automated ETL Pipeline,Cloud Services,North,4,2900,11070.13,2800,8270.13,1532.76,CUST-853,High-Value Enterprise,Medium
TX-11547,2025-07-05,PROD-104,Smart Edge Gateway,Hardware,South,3,1800,5227.87,2850,2377.87,595.62,CUST-280,High-Value Enterprise,Medium
TX-11548,2025-07-05,PROD-106,Automated ETL Pipeline,Cloud Services,North,3,2900,9115.15,2100,7015.15,1047.58,CUST-429,New Startup,Medium
TX-11549,2025-07-06,PROD-102,AI Analytics Engine Pro,Enterprise AI,South,1,8200,8515.22,2100,6415.22,738.72,CUST-666,Growth SMB,Low
TX-11550,2025-07-06,PROD-101,Stratos Enterprise Suite,Cloud Services,East,1,4500,4613.76,1200,3413.76,470.34,CUST-245,Growth SMB,Low
TX-11551,2025-07-06,PROD-101,Stratos Enterprise Suite,Cloud Services,East,2,4500,9370.61,2400,6970.61,847.95,CUST-188,Growth SMB,Low
TX-11552,2025-07-06,PROD-102,AI Analytics Engine Pro,Enterprise AI,West,2,8200,15810.13,4200,11610.13,1616.93,CUST-463,High-Value Enterprise,Low
TX-11553,2025-07-06,PROD-103,Legacy Data Server V1,Hardware,Central,1,3100,3005.24,2200,805.24,416.03,CUST-573,Growth SMB,Medium
TX-11554,2025-07-06,PROD-106,Automated ETL Pipeline,Cloud Services,West,3,2900,8738.49,2100,6638.49,1197.46,CUST-898,New Startup,Medium
TX-11555,2025-07-07,PROD-102,AI Analytics Engine Pro,Enterprise AI,West,1,8200,7946.85,2100,5846.85,1044.04,CUST-353,Growth SMB,Medium
TX-11556,2025-07-07,PROD-105,Strategic BI Advisory,Advisory,North,2,12000,23262.18,9000,14262.18,2357.98,CUST-304,Growth SMB,Medium
TX-11557,2025-07-07,PROD-103,Legacy Data Server V1,Hardware,APAC,1,3100,2961.9,2200,761.9,295.55,CUST-976,New Startup,Low
TX-11558,2025-07-07,PROD-106,Automated ETL Pipeline,Cloud Services,Central,2,2900,5975.26,1400,4575.26,817.5,CUST-468,Growth SMB,Low
TX-11559,2025-07-08,PROD-102,AI Analytics Engine Pro,Enterprise AI,North,1,8200,8061.35,2100,5961.35,907.28,CUST-779,Growth SMB,Low
TX-11560,2025-07-08,PROD-102,AI Analytics Engine Pro,Enterprise AI,West,1,8200,7930.01,2100,5830.01,1046.82,CUST-251,New Startup,Medium
TX-11561,2025-07-08,PROD-105,Strategic BI Advisory,Advisory,West,1,12000,11894.35,4500,7394.35,1418.14,CUST-857,High-Value Enterprise,Low
TX-11562,2025-07-08,PROD-105,Strategic BI Advisory,Advisory,Central,1,12000,11967.04,4500,7467.04,1202.08,CUST-979,High-Value Enterprise,Low
TX-11563,2025-07-08,PROD-104,Smart Edge Gateway,Hardware,West,3,1800,5154.42,2850,2304.42,412.93,CUST-834,New Startup,Low
TX-11564,2025-07-08,PROD-106,Automated ETL Pipeline,Cloud Services,North,1,2900,3020.31,700,2320.31,267.04,CUST-211,High-Value Enterprise,Low
TX-11565,2025-07-08,PROD-103,Legacy Data Server V1,Hardware,North,1,3100,3067.66,2200,867.66,280.13,CUST-703,Growth SMB,High
TX-11566,2025-07-09,PROD-106,Automated ETL Pipeline,Cloud Services,West,3,2900,8810.3,2100,6710.3,997.39,CUST-936,At-Risk Midmarket,High
TX-11567,2025-07-09,PROD-104,Smart Edge Gateway,Hardware,North,3,1800,5166.24,2850,2316.24,543.99,CUST-319,Growth SMB,Medium
TX-11568,2025-07-09,PROD-106,Automated ETL Pipeline,Cloud Services,Central,1,2900,2919.96,700,2219.96,331.48,CUST-892,Growth SMB,Low
TX-11569,2025-07-09,PROD-102,AI Analytics Engine Pro,Enterprise AI,North,1,8200,8267.06,2100,6167.06,710.74,CUST-802,At-Risk Midmarket,High
TX-11570,2025-07-10,PROD-102,AI Analytics Engine Pro,Enterprise AI,South,1,8200,8323.08,2100,6223.08,1117.47,CUST-439,Growth SMB,Low
TX-11571,2025-07-10,PROD-101,Stratos Enterprise Suite,Cloud Services,Central,1,4500,4493.86,1200,3293.86,416.07,CUST-908,Growth SMB,Low
TX-11572,2025-07-10,PROD-102,AI Analytics Engine Pro,Enterprise AI,Central,1,8200,7887.23,2100,5787.23,1043.09,CUST-812,At-Risk Midmarket,High
TX-11573,2025-07-11,PROD-103,Legacy Data Server V1,Hardware,South,1,3100,3041.47,2200,841.47,398.44,CUST-408,Growth SMB,High
TX-11574,2025-07-11,PROD-102,AI Analytics Engine Pro,Enterprise AI,West,1,8200,8012.98,2100,5912.98,825.71,CUST-687,High-Value Enterprise,Medium
TX-11575,2025-07-11,PROD-101,Stratos Enterprise Suite,Cloud Services,East,1,4500,4427.63,1200,3227.63,470.11,CUST-736,High-Value Enterprise,Low
TX-11576,2025-07-11,PROD-101,Stratos Enterprise Suite,Cloud Services,South,2,4500,9332.82,2400,6932.82,1248.64,CUST-626,Growth SMB,Low
TX-11577,2025-07-11,PROD-106,Automated ETL Pipeline,Cloud Services,EMEA,1,2900,2875.17,700,2175.17,263.59,CUST-325,High-Value Enterprise,Medium
TX-11578,2025-07-11,PROD-106,Automated ETL Pipeline,Cloud Services,EMEA,3,2900,8549.33,2100,6449.33,772.41,CUST-187,High-Value Enterprise,Low
TX-11579,2025-07-12,PROD-103,Legacy Data Server V1,Hardware,East,1,3100,3209.74,2200,1009.74,405.37,CUST-732,At-Risk Midmarket,High
TX-11580,2025-07-12,PROD-102,AI Analytics Engine Pro,Enterprise AI,East,2,8200,16506.35,4200,12306.35,2060.81,CUST-517,At-Risk Midmarket,High
TX-11581,2025-07-12,PROD-102,AI Analytics Engine Pro,Enterprise AI,EMEA,1,8200,8324.92,2100,6224.92,1121.32,CUST-410,At-Risk Midmarket,High
TX-11582,2025-07-12,PROD-102,AI Analytics Engine Pro,Enterprise AI,North,1,8200,8229.87,2100,6129.87,1070.89,CUST-274,Growth SMB,Low
TX-11583,2025-07-12,PROD-104,Smart Edge Gateway,Hardware,East,2,1800,3585.45,1900,1685.45,326.97,CUST-615,New Startup,Low
TX-11584,2025-07-13,PROD-103,Legacy Data Server V1,Hardware,North,1,3100,3156.28,2200,956.28,316.71,CUST-188,Growth SMB,High
TX-11585,2025-07-13,PROD-102,AI Analytics Engine Pro,Enterprise AI,West,1,8200,8057.47,2100,5957.47,1109.15,CUST-690,High-Value Enterprise,Low
TX-11586,2025-07-13,PROD-103,Legacy Data Server V1,Hardware,East,1,3100,3175.6,2200,975.6,417.22,CUST-960,New Startup,High
TX-11587,2025-07-13,PROD-106,Automated ETL Pipeline,Cloud Services,South,1,2900,2844.44,700,2144.44,343.51,CUST-459,At-Risk Midmarket,High
TX-11588,2025-07-14,PROD-105,Strategic BI Advisory,Advisory,East,1,12000,12002.04,4500,7502.04,1609.13,CUST-958,High-Value Enterprise,Medium
TX-11589,2025-07-14,PROD-104,Smart Edge Gateway,Hardware,North,1,1800,1852.39,950,902.39,213.92,CUST-213,High-Value Enterprise,Low
TX-11590,2025-07-14,PROD-105,Strategic BI Advisory,Advisory,East,1,12000,12475.01,4500,7975.01,1486.09,CUST-467,New Startup,Medium
TX-11591,2025-07-14,PROD-105,Strategic BI Advisory,Advisory,West,1,12000,12428.52,4500,7928.52,1167.76,CUST-378,Growth SMB,Medium
TX-11592,2025-07-14,PROD-105,Strategic BI Advisory,Advisory,EMEA,1,12000,12189.99,4500,7689.99,1033.32,CUST-862,Growth SMB,Low
TX-11593,2025-07-15,PROD-105,Strategic BI Advisory,Advisory,West,1,12000,11608.56,4500,7108.56,973.14,CUST-698,High-Value Enterprise,Low
TX-11594,2025-07-15,PROD-101,Stratos Enterprise Suite,Cloud Services,EMEA,2,4500,9207.42,2400,6807.42,963.47,CUST-114,At-Risk Midmarket,High
TX-11595,2025-07-15,PROD-104,Smart Edge Gateway,Hardware,South,1,1800,1826.83,950,876.83,242.91,CUST-399,Growth SMB,Low
TX-11596,2025-07-15,PROD-104,Smart Edge Gateway,Hardware,North,1,1800,1735.35,950,785.35,234.34,CUST-869,High-Value Enterprise,Medium
TX-11597,2025-07-15,PROD-103,Legacy Data Server V1,Hardware,EMEA,2,3100,6408.55,4400,2008.55,777.99,CUST-830,New Startup,Medium
TX-11598,2025-07-16,PROD-102,AI Analytics Engine Pro,Enterprise AI,North,1,8200,8530.32,2100,6430.32,823.66,CUST-568,At-Risk Midmarket,High
TX-11599,2025-07-16,PROD-106,Automated ETL Pipeline,Cloud Services,North,2,2900,5738.48,1400,4338.48,710.26,CUST-744,Growth SMB,Medium
TX-11600,2025-07-16,PROD-106,Automated ETL Pipeline,Cloud Services,North,4,2900,11024.19,2800,8224.19,1049.74,CUST-590,At-Risk Midmarket,High
TX-11601,2025-07-16,PROD-105,Strategic BI Advisory,Advisory,East,1,12000,11534.64,4500,7034.64,1608.32,CUST-523,At-Risk Midmarket,High
TX-11602,2025-07-16,PROD-103,Legacy Data Server V1,Hardware,North,1,3100,3052.56,2200,852.56,282.37,CUST-751,High-Value Enterprise,High
TX-11603,2025-07-16,PROD-101,Stratos Enterprise Suite,Cloud Services,South,2,4500,8898.3,2400,6498.3,980.73,CUST-216,Growth SMB,Low
TX-11604,2025-07-17,PROD-102,AI Analytics Engine Pro,Enterprise AI,East,1,8200,8295.7,2100,6195.7,710.31,CUST-275,New Startup,Low
TX-11605,2025-07-17,PROD-106,Automated ETL Pipeline,Cloud Services,East,1,2900,3003.27,700,2303.27,270.43,CUST-162,At-Risk Midmarket,High
TX-11606,2025-07-17,PROD-101,Stratos Enterprise Suite,Cloud Services,East,2,4500,8883.72,2400,6483.72,1088.59,CUST-293,At-Risk Midmarket,High
TX-11607,2025-07-17,PROD-101,Stratos Enterprise Suite,Cloud Services,North,1,4500,4693.49,1200,3493.49,530.86,CUST-382,High-Value Enterprise,Low
TX-11608,2025-07-17,PROD-104,Smart Edge Gateway,Hardware,North,1,1800,1747.19,950,797.19,193.12,CUST-197,New Startup,Medium
TX-11609,2025-07-17,PROD-101,Stratos Enterprise Suite,Cloud Services,South,1,4500,4333.13,1200,3133.13,569.57,CUST-556,Growth SMB,Medium
TX-11610,2025-07-18,PROD-102,AI Analytics Engine Pro,Enterprise AI,APAC,1,8200,8602.74,2100,6502.74,906.21,CUST-188,High-Value Enterprise,Low
TX-11611,2025-07-18,PROD-102,AI Analytics Engine Pro,Enterprise AI,EMEA,1,8200,8102.72,2100,6002.72,775.93,CUST-605,High-Value Enterprise,Low
TX-11612,2025-07-18,PROD-102,AI Analytics Engine Pro,Enterprise AI,North,3,8200,25683.83,6300,19383.83,3441.47,CUST-997,New Startup,Low
TX-11613,2025-07-18,PROD-101,Stratos Enterprise Suite,Cloud Services,West,1,4500,4338.77,1200,3138.77,502.84,CUST-767,At-Risk Midmarket,High
TX-11614,2025-07-18,PROD-104,Smart Edge Gateway,Hardware,East,2,1800,3565.68,1900,1665.68,377.05,CUST-565,High-Value Enterprise,Low
TX-11615,2025-07-19,PROD-106,Automated ETL Pipeline,Cloud Services,APAC,1,2900,3025.72,700,2325.72,337.69,CUST-442,High-Value Enterprise,Low
TX-11616,2025-07-19,PROD-104,Smart Edge Gateway,Hardware,South,2,1800,3467.96,1900,1567.96,319.94,CUST-949,Growth SMB,Medium
TX-11617,2025-07-19,PROD-102,AI Analytics Engine Pro,Enterprise AI,North,1,8200,7797.84,2100,5697.84,734.77,CUST-271,New Startup,Medium
TX-11618,2025-07-19,PROD-104,Smart Edge Gateway,Hardware,APAC,1,1800,1809.9,950,859.9,171.23,CUST-862,New Startup,Low
TX-11619,2025-07-19,PROD-105,Strategic BI Advisory,Advisory,North,1,12000,11989.94,4500,7489.94,972.46,CUST-242,High-Value Enterprise,Medium
TX-11620,2025-07-19,PROD-105,Strategic BI Advisory,Advisory,West,1,12000,12068.81,4500,7568.81,1608.96,CUST-926,High-Value Enterprise,Medium
TX-11621,2025-07-20,PROD-104,Smart Edge Gateway,Hardware,East,2,1800,3461.12,1900,1561.12,306.15,CUST-973,At-Risk Midmarket,High
TX-11622,2025-07-20,PROD-104,Smart Edge Gateway,Hardware,West,2,1800,3741.41,1900,1841.41,523.42,CUST-281,Growth SMB,Low
TX-11623,2025-07-20,PROD-106,Automated ETL Pipeline,Cloud Services,North,4,2900,11818.41,2800,9018.41,1309.06,CUST-946,At-Risk Midmarket,High
TX-11624,2025-07-20,PROD-106,Automated ETL Pipeline,Cloud Services,West,4,2900,11810.88,2800,9010.88,1263.4,CUST-707,Growth SMB,Medium
TX-11625,2025-07-20,PROD-101,Stratos Enterprise Suite,Cloud Services,West,2,4500,8731.62,2400,6331.62,735.48,CUST-618,Growth SMB,Low
TX-11626,2025-07-20,PROD-105,Strategic BI Advisory,Advisory,North,1,12000,12046.21,4500,7546.21,1147.58,CUST-940,High-Value Enterprise,Medium
TX-11627,2025-07-21,PROD-106,Automated ETL Pipeline,Cloud Services,EMEA,3,2900,8806.41,2100,6706.41,734.08,CUST-726,New Startup,Low
TX-11628,2025-07-21,PROD-103,Legacy Data Server V1,Hardware,West,1,3100,3038.39,2200,838.39,295.02,CUST-477,High-Value Enterprise,High
TX-11629,2025-07-21,PROD-105,Strategic BI Advisory,Advisory,East,1,12000,11836.27,4500,7336.27,1653.35,CUST-433,Growth SMB,Low
TX-11630,2025-07-21,PROD-103,Legacy Data Server V1,Hardware,East,1,3100,3065.64,2200,865.64,384.29,CUST-808,At-Risk Midmarket,High
TX-11631,2025-07-21,PROD-104,Smart Edge Gateway,Hardware,West,1,1800,1810.77,950,860.77,171.69,CUST-684,Growth SMB,Low
TX-11632,2025-07-21,PROD-106,Automated ETL Pipeline,Cloud Services,East,1,2900,2809.91,700,2109.91,260.45,CUST-747,High-Value Enterprise,Low
TX-11633,2025-07-21,PROD-104,Smart Edge Gateway,Hardware,South,2,1800,3499.17,1900,1599.17,478.8,CUST-913,High-Value Enterprise,Low
TX-11634,2025-07-22,PROD-106,Automated ETL Pipeline,Cloud Services,North,1,2900,3032.39,700,2332.39,386.16,CUST-269,High-Value Enterprise,Low
TX-11635,2025-07-22,PROD-104,Smart Edge Gateway,Hardware,North,1,1800,1828.23,950,878.23,232.39,CUST-578,Growth SMB,Low
TX-11636,2025-07-22,PROD-101,Stratos Enterprise Suite,Cloud Services,EMEA,1,4500,4662.24,1200,3462.24,409.55,CUST-206,Growth SMB,Low
TX-11637,2025-07-22,PROD-102,AI Analytics Engine Pro,Enterprise AI,South,1,8200,8261.3,2100,6161.3,823.54,CUST-484,High-Value Enterprise,Low
TX-11638,2025-07-22,PROD-102,AI Analytics Engine Pro,Enterprise AI,East,1,8200,8591.73,2100,6491.73,1094.89,CUST-617,High-Value Enterprise,Medium
TX-11639,2025-07-22,PROD-106,Automated ETL Pipeline,Cloud Services,Central,6,2900,17519.66,4200,13319.66,2232.7,CUST-389,High-Value Enterprise,Medium
TX-11640,2025-07-22,PROD-106,Automated ETL Pipeline,Cloud Services,North,1,2900,2819.53,700,2119.53,345.53,CUST-510,Growth SMB,Medium
TX-11641,2025-07-23,PROD-101,Stratos Enterprise Suite,Cloud Services,South,5,4500,23419.48,6000,17419.48,3009.66,CUST-968,Growth SMB,Low
TX-11642,2025-07-23,PROD-106,Automated ETL Pipeline,Cloud Services,North,2,2900,5760.59,1400,4360.59,643.31,CUST-991,Growth SMB,Medium
TX-11643,2025-07-23,PROD-103,Legacy Data Server V1,Hardware,East,1,3100,3198.41,2200,998.41,279.34,CUST-790,Growth SMB,High
TX-11644,2025-07-23,PROD-106,Automated ETL Pipeline,Cloud Services,South,2,2900,5821.73,1400,4421.73,515.55,CUST-326,Growth SMB,Low
TX-11645,2025-07-23,PROD-104,Smart Edge Gateway,Hardware,South,3,1800,5650.01,2850,2800.01,733.89,CUST-699,High-Value Enterprise,Medium
TX-11646,2025-07-24,PROD-104,Smart Edge Gateway,Hardware,East,1,1800,1786.73,950,836.73,156.98,CUST-157,Growth SMB,Low
TX-11647,2025-07-24,PROD-103,Legacy Data Server V1,Hardware,North,1,3100,3250.35,2200,1050.35,278.8,CUST-606,High-Value Enterprise,Low
TX-11648,2025-07-24,PROD-103,Legacy Data Server V1,Hardware,East,2,3100,6406.4,4400,2006.4,610.1,CUST-459,Growth SMB,High
TX-11649,2025-07-24,PROD-105,Strategic BI Advisory,Advisory,North,1,12000,11786.93,4500,7286.93,1345.48,CUST-304,New Startup,Low
TX-11650,2025-07-24,PROD-106,Automated ETL Pipeline,Cloud Services,East,2,2900,5672.97,1400,4272.97,594.4,CUST-854,High-Value Enterprise,Low
TX-11651,2025-07-24,PROD-104,Smart Edge Gateway,Hardware,West,1,1800,1792.09,950,842.09,147.52,CUST-311,At-Risk Midmarket,High
TX-11652,2025-07-25,PROD-105,Strategic BI Advisory,Advisory,Central,1,12000,12235.85,4500,7735.85,1416.96,CUST-211,Growth SMB,Low
TX-11653,2025-07-25,PROD-102,AI Analytics Engine Pro,Enterprise AI,North,3,8200,24297.4,6300,17997.4,3287.7,CUST-355,Growth SMB,Low
TX-11654,2025-07-25,PROD-102,AI Analytics Engine Pro,Enterprise AI,South,1,8200,8265.78,2100,6165.78,1101.72,CUST-326,At-Risk Midmarket,High
TX-11655,2025-07-25,PROD-101,Stratos Enterprise Suite,Cloud Services,West,3,4500,12889.54,3600,9289.54,1221.77,CUST-981,At-Risk Midmarket,High
TX-11656,2025-07-26,PROD-102,AI Analytics Engine Pro,Enterprise AI,East,1,8200,8400.6,2100,6300.6,684.16,CUST-826,New Startup,Medium
TX-11657,2025-07-26,PROD-102,AI Analytics Engine Pro,Enterprise AI,EMEA,1,8200,8346.84,2100,6246.84,1050.06,CUST-243,Growth SMB,Medium
TX-11658,2025-07-26,PROD-105,Strategic BI Advisory,Advisory,North,1,12000,11653.05,4500,7153.05,1099.16,CUST-689,Growth SMB,Low
TX-11659,2025-07-26,PROD-102,AI Analytics Engine Pro,Enterprise AI,East,6,8200,48717.45,12600,36117.45,5787.43,CUST-141,New Startup,Low
TX-11660,2025-07-26,PROD-103,Legacy Data Server V1,Hardware,West,1,3100,3183.46,2200,983.46,392.72,CUST-807,New Startup,High
TX-11661,2025-07-26,PROD-106,Automated ETL Pipeline,Cloud Services,Central,1,2900,2976.95,700,2276.95,398.14,CUST-332,Growth SMB,Low
TX-11662,2025-07-26,PROD-102,AI Analytics Engine Pro,Enterprise AI,West,1,8200,7954.18,2100,5854.18,690.37,CUST-315,Growth SMB,Low
TX-11663,2025-07-27,PROD-101,Stratos Enterprise Suite,Cloud Services,West,1,4500,4571.88,1200,3371.88,523.52,CUST-703,At-Risk Midmarket,High
TX-11664,2025-07-27,PROD-106,Automated ETL Pipeline,Cloud Services,North,4,2900,11890.45,2800,9090.45,1003.44,CUST-670,Growth SMB,Low
TX-11665,2025-07-27,PROD-102,AI Analytics Engine Pro,Enterprise AI,East,1,8200,8279.06,2100,6179.06,911.04,CUST-582,At-Risk Midmarket,High
TX-11666,2025-07-27,PROD-102,AI Analytics Engine Pro,Enterprise AI,Central,1,8200,8423.47,2100,6323.47,808.05,CUST-748,New Startup,Low
TX-11667,2025-07-28,PROD-102,AI Analytics Engine Pro,Enterprise AI,North,1,8200,8077.58,2100,5977.58,751.26,CUST-672,At-Risk Midmarket,High
TX-11668,2025-07-28,PROD-102,AI Analytics Engine Pro,Enterprise AI,West,1,8200,7871.72,2100,5771.72,827.63,CUST-988,High-Value Enterprise,Low
TX-11669,2025-07-28,PROD-106,Automated ETL Pipeline,Cloud Services,South,2,2900,5813.91,1400,4413.91,512.16,CUST-764,Growth SMB,Low
TX-11670,2025-07-28,PROD-102,AI Analytics Engine Pro,Enterprise AI,West,1,8200,8067.04,2100,5967.04,683.05,CUST-119,High-Value Enterprise,Low
TX-11671,2025-07-28,PROD-105,Strategic BI Advisory,Advisory,North,1,12000,12207.18,4500,7707.18,1407.75,CUST-866,At-Risk Midmarket,High
TX-11672,2025-07-29,PROD-106,Automated ETL Pipeline,Cloud Services,East,5,2900,14870.41,3500,11370.41,1975.05,CUST-699,At-Risk Midmarket,High
TX-11673,2025-07-29,PROD-103,Legacy Data Server V1,Hardware,South,1,3100,3114.13,2200,914.13,282.73,CUST-229,At-Risk Midmarket,High
TX-11674,2025-07-29,PROD-105,Strategic BI Advisory,Advisory,North,1,12000,11784.25,4500,7284.25,1213.59,CUST-757,At-Risk Midmarket,High
TX-11675,2025-07-29,PROD-104,Smart Edge Gateway,Hardware,East,1,1800,1884.63,950,934.63,233.27,CUST-783,Growth SMB,Low
TX-11676,2025-07-29,PROD-105,Strategic BI Advisory,Advisory,West,1,12000,11449.57,4500,6949.57,1471.89,CUST-564,High-Value Enterprise,Low
TX-11677,2025-07-29,PROD-104,Smart Edge Gateway,Hardware,East,3,1800,5329.76,2850,2479.76,690.82,CUST-941,Growth SMB,Medium
TX-11678,2025-07-29,PROD-106,Automated ETL Pipeline,Cloud Services,North,1,2900,2842.79,700,2142.79,310.33,CUST-248,Growth SMB,Low
TX-11679,2025-07-30,PROD-106,Automated ETL Pipeline,Cloud Services,South,1,2900,3040.93,700,2340.93,249.03,CUST-398,Growth SMB,Low
TX-11680,2025-07-30,PROD-103,Legacy Data Server V1,Hardware,West,1,3100,3159.07,2200,959.07,274.33,CUST-848,Growth SMB,Low
TX-11681,2025-07-30,PROD-101,Stratos Enterprise Suite,Cloud Services,South,1,4500,4441.48,1200,3241.48,395.69,CUST-137,High-Value Enterprise,Low
TX-11682,2025-07-31,PROD-103,Legacy Data Server V1,Hardware,South,1,3100,3090.47,2200,890.47,342.05,CUST-609,At-Risk Midmarket,High
TX-11683,2025-07-31,PROD-103,Legacy Data Server V1,Hardware,North,1,3100,3232.22,2200,1032.22,260.48,CUST-278,New Startup,High
TX-11684,2025-07-31,PROD-101,Stratos Enterprise Suite,Cloud Services,Central,4,4500,18312.77,4800,13512.77,1890.14,CUST-854,Growth SMB,Low
TX-11685,2025-07-31,PROD-101,Stratos Enterprise Suite,Cloud Services,South,1,4500,4432.09,1200,3232.09,389.7,CUST-155,New Startup,Medium
TX-11686,2025-07-31,PROD-104,Smart Edge Gateway,Hardware,APAC,2,1800,3607.45,1900,1707.45,468.04,CUST-362,At-Risk Midmarket,High
TX-11687,2025-07-31,PROD-101,Stratos Enterprise Suite,Cloud Services,EMEA,2,4500,9227.13,2400,6827.13,1177.03,CUST-571,Growth SMB,Medium
TX-11688,2025-08-01,PROD-104,Smart Edge Gateway,Hardware,West,1,1800,1798.08,950,848.08,231.59,CUST-910,Growth SMB,Low
TX-11689,2025-08-01,PROD-101,Stratos Enterprise Suite,Cloud Services,West,1,4500,4341.12,1200,3141.12,496.57,CUST-377,High-Value Enterprise,Medium
TX-11690,2025-08-01,PROD-102,AI Analytics Engine Pro,Enterprise AI,South,1,8200,8121.44,2100,6021.44,991.72,CUST-922,Growth SMB,Medium
TX-11691,2025-08-01,PROD-104,Smart Edge Gateway,Hardware,South,1,1800,1724.48,950,774.48,154.15,CUST-124,New Startup,Medium
TX-11692,2025-08-01,PROD-101,Stratos Enterprise Suite,Cloud Services,East,5,4500,22960.77,6000,16960.77,2279.1,CUST-386,At-Risk Midmarket,High
TX-11693,2025-08-01,PROD-103,Legacy Data Server V1,Hardware,South,1,3100,2991.26,2200,791.26,389.64,CUST-921,Growth SMB,Medium
TX-11694,2025-08-01,PROD-104,Smart Edge Gateway,Hardware,APAC,1,1800,1717.24,950,767.24,214.99,CUST-426,Growth SMB,Low
TX-11695,2025-08-02,PROD-102,AI Analytics Engine Pro,Enterprise AI,APAC,2,8200,16053.95,4200,11853.95,2054.52,CUST-421,Growth SMB,Medium
TX-11696,2025-08-02,PROD-101,Stratos Enterprise Suite,Cloud Services,East,3,4500,14105.99,3600,10505.99,1179.92,CUST-278,At-Risk Midmarket,High
TX-11697,2025-08-02,PROD-101,Stratos Enterprise Suite,Cloud Services,South,1,4500,4436.17,1200,3236.17,406.25,CUST-986,Growth SMB,Low
TX-11698,2025-08-02,PROD-103,Legacy Data Server V1,Hardware,Central,1,3100,3158.7,2200,958.7,379.22,CUST-581,Growth SMB,High
TX-11699,2025-08-02,PROD-103,Legacy Data Server V1,Hardware,North,1,3100,3183.09,2200,983.09,257.06,CUST-266,New Startup,Low
TX-11700,2025-08-02,PROD-103,Legacy Data Server V1,Hardware,South,1,3100,2958.31,2200,758.31,312.63,CUST-668,Growth SMB,Low
TX-11701,2025-08-03,PROD-105,Strategic BI Advisory,Advisory,APAC,1,12000,12462.49,4500,7962.49,1504.32,CUST-748,At-Risk Midmarket,High
TX-11702,2025-08-03,PROD-105,Strategic BI Advisory,Advisory,West,1,12000,12228.45,4500,7728.45,1663.94,CUST-215,Growth SMB,Medium
TX-11703,2025-08-03,PROD-105,Strategic BI Advisory,Advisory,North,1,12000,12098.84,4500,7598.84,1684.33,CUST-225,High-Value Enterprise,Low
TX-11704,2025-08-03,PROD-105,Strategic BI Advisory,Advisory,South,1,12000,11565.7,4500,7065.7,1017.05,CUST-482,Growth SMB,Low
TX-11705,2025-08-03,PROD-103,Legacy Data Server V1,Hardware,EMEA,1,3100,3086.86,2200,886.86,307.06,CUST-503,Growth SMB,High
TX-11706,2025-08-03,PROD-103,Legacy Data Server V1,Hardware,EMEA,1,3100,2991.61,2200,791.61,315.35,CUST-338,New Startup,High
TX-11707,2025-08-03,PROD-102,AI Analytics Engine Pro,Enterprise AI,East,1,8200,7867.34,2100,5767.34,831.48,CUST-424,Growth SMB,Low
TX-11708,2025-08-04,PROD-105,Strategic BI Advisory,Advisory,North,1,12000,12028.61,4500,7528.61,1643.84,CUST-146,High-Value Enterprise,Low
TX-11709,2025-08-04,PROD-103,Legacy Data Server V1,Hardware,Central,2,3100,5996.84,4400,1596.84,774.87,CUST-797,Growth SMB,High
TX-11710,2025-08-04,PROD-102,AI Analytics Engine Pro,Enterprise AI,Central,1,8200,8331.93,2100,6231.93,942.13,CUST-232,Growth SMB,Low
TX-11711,2025-08-04,PROD-101,Stratos Enterprise Suite,Cloud Services,APAC,1,4500,4623.98,1200,3423.98,594.32,CUST-659,New Startup,Low
TX-11712,2025-08-04,PROD-104,Smart Edge Gateway,Hardware,East,1,1800,1849.21,950,899.21,153.71,CUST-943,Growth SMB,Low
TX-11713,2025-08-04,PROD-106,Automated ETL Pipeline,Cloud Services,North,1,2900,2766.75,700,2066.75,323.05,CUST-127,At-Risk Midmarket,High
TX-11714,2025-08-05,PROD-101,Stratos Enterprise Suite,Cloud Services,West,3,4500,14133.48,3600,10533.48,1297.98,CUST-556,High-Value Enterprise,Low
TX-11715,2025-08-05,PROD-105,Strategic BI Advisory,Advisory,East,1,12000,11410.64,4500,6910.64,1148.89,CUST-777,Growth SMB,Low
TX-11716,2025-08-05,PROD-105,Strategic BI Advisory,Advisory,East,1,12000,11816.95,4500,7316.95,1390.95,CUST-204,Growth SMB,Low
TX-11717,2025-08-05,PROD-103,Legacy Data Server V1,Hardware,East,1,3100,3044.99,2200,844.99,321.14,CUST-546,At-Risk Midmarket,High
TX-11718,2025-08-05,PROD-106,Automated ETL Pipeline,Cloud Services,East,4,2900,11603.92,2800,8803.92,1372.96,CUST-126,Growth SMB,Medium
TX-11719,2025-08-05,PROD-104,Smart Edge Gateway,Hardware,South,1,1800,1843.25,950,893.25,232.62,CUST-427,High-Value Enterprise,Medium
TX-11720,2025-08-06,PROD-102,AI Analytics Engine Pro,Enterprise AI,EMEA,1,8200,8532.88,2100,6432.88,982.19,CUST-121,Growth SMB,Medium
TX-11721,2025-08-06,PROD-103,Legacy Data Server V1,Hardware,EMEA,1,3100,3107.46,2200,907.46,419.16,CUST-370,High-Value Enterprise,Low
TX-11722,2025-08-06,PROD-105,Strategic BI Advisory,Advisory,North,1,12000,11894.28,4500,7394.28,1003.91,CUST-206,Growth SMB,Medium
TX-11723,2025-08-06,PROD-101,Stratos Enterprise Suite,Cloud Services,Central,2,4500,8747.13,2400,6347.13,737.51,CUST-492,High-Value Enterprise,Low
TX-11724,2025-08-06,PROD-101,Stratos Enterprise Suite,Cloud Services,Central,1,4500,4611.85,1200,3411.85,618.6,CUST-898,Growth SMB,Low
TX-11725,2025-08-06,PROD-101,Stratos Enterprise Suite,Cloud Services,West,1,4500,4720.54,1200,3520.54,468.98,CUST-788,New Startup,Medium
TX-11726,2025-08-06,PROD-101,Stratos Enterprise Suite,Cloud Services,North,1,4500,4344.28,1200,3144.28,584.69,CUST-611,Growth SMB,Low
TX-11727,2025-08-07,PROD-104,Smart Edge Gateway,Hardware,APAC,1,1800,1781.97,950,831.97,181.13,CUST-857,High-Value Enterprise,Medium
TX-11728,2025-08-07,PROD-105,Strategic BI Advisory,Advisory,East,1,12000,11985.55,4500,7485.55,1515.5,CUST-304,New Startup,Low
TX-11729,2025-08-07,PROD-101,Stratos Enterprise Suite,Cloud Services,South,1,4500,4544.19,1200,3344.19,413.58,CUST-659,New Startup,Medium
TX-11730,2025-08-07,PROD-102,AI Analytics Engine Pro,Enterprise AI,South,1,8200,8326.42,2100,6226.42,819.86,CUST-100,Growth SMB,Medium
TX-11731,2025-08-07,PROD-101,Stratos Enterprise Suite,Cloud Services,APAC,1,4500,4515.0,1200,3315.0,539.86,CUST-732,Growth SMB,Low
TX-11732,2025-08-07,PROD-102,AI Analytics Engine Pro,Enterprise AI,Central,1,8200,7943.37,2100,5843.37,801.22,CUST-682,Growth SMB,Low
TX-11733,2025-08-07,PROD-101,Stratos Enterprise Suite,Cloud Services,East,3,4500,13277.64,3600,9677.64,1847.35,CUST-579,High-Value Enterprise,Low
TX-11734,2025-08-08,PROD-102,AI Analytics Engine Pro,Enterprise AI,North,1,8200,8315.01,2100,6215.01,1159.31,CUST-583,High-Value Enterprise,Low
TX-11735,2025-08-08,PROD-106,Automated ETL Pipeline,Cloud Services,North,1,2900,2967.82,700,2267.82,414.56,CUST-557,Growth SMB,Medium
TX-11736,2025-08-08,PROD-103,Legacy Data Server V1,Hardware,East,2,3100,6504.37,4400,2104.37,581.2,CUST-951,At-Risk Midmarket,High
TX-11737,2025-08-08,PROD-101,Stratos Enterprise Suite,Cloud Services,North,4,4500,18375.67,4800,13575.67,1900.96,CUST-197,Growth SMB,Medium
TX-11738,2025-08-08,PROD-104,Smart Edge Gateway,Hardware,East,1,1800,1849.98,950,899.98,202.69,CUST-262,New Startup,Low
TX-11739,2025-08-09,PROD-104,Smart Edge Gateway,Hardware,East,1,1800,1859.97,950,909.97,153.84,CUST-600,Growth SMB,Low
TX-11740,2025-08-09,PROD-106,Automated ETL Pipeline,Cloud Services,Central,2,2900,5668.46,1400,4268.46,592.58,CUST-718,High-Value Enterprise,Low
TX-11741,2025-08-09,PROD-101,Stratos Enterprise Suite,Cloud Services,East,3,4500,14014.69,3600,10414.69,1638.24,CUST-691,At-Risk Midmarket,High
TX-11742,2025-08-09,PROD-106,Automated ETL Pipeline,Cloud Services,East,3,2900,8992.42,2100,6892.42,1085.24,CUST-567,High-Value Enterprise,Low
TX-11743,2025-08-09,PROD-104,Smart Edge Gateway,Hardware,Central,1,1800,1734.68,950,784.68,194.82,CUST-990,At-Risk Midmarket,High
TX-11744,2025-08-09,PROD-101,Stratos Enterprise Suite,Cloud Services,West,1,4500,4669.04,1200,3469.04,403.94,CUST-548,Growth SMB,Low
TX-11745,2025-08-09,PROD-102,AI Analytics Engine Pro,Enterprise AI,North,1,8200,8505.47,2100,6405.47,948.21,CUST-861,High-Value Enterprise,Low
TX-11746,2025-08-10,PROD-102,AI Analytics Engine Pro,Enterprise AI,Central,1,8200,8414.24,2100,6314.24,1154.89,CUST-997,High-Value Enterprise,Medium
TX-11747,2025-08-10,PROD-106,Automated ETL Pipeline,Cloud Services,North,1,2900,2842.73,700,2142.73,249.89,CUST-170,At-Risk Midmarket,High
TX-11748,2025-08-10,PROD-102,AI Analytics Engine Pro,Enterprise AI,APAC,1,8200,8093.08,2100,5993.08,818.62,CUST-164,High-Value Enterprise,Low
TX-11749,2025-08-10,PROD-106,Automated ETL Pipeline,Cloud Services,South,5,2900,15207.73,3500,11707.73,1616.66,CUST-436,Growth SMB,Medium
TX-11750,2025-08-10,PROD-102,AI Analytics Engine Pro,Enterprise AI,Central,1,8200,8095.14,2100,5995.14,943.76,CUST-427,Growth SMB,Medium
TX-11751,2025-08-11,PROD-102,AI Analytics Engine Pro,Enterprise AI,North,1,8200,8580.62,2100,6480.62,981.6,CUST-796,Growth SMB,Low
TX-11752,2025-08-11,PROD-106,Automated ETL Pipeline,Cloud Services,Central,1,2900,2879.92,700,2179.92,288.7,CUST-883,Growth SMB,Medium
TX-11753,2025-08-11,PROD-102,AI Analytics Engine Pro,Enterprise AI,South,5,8200,40965.92,10500,30465.92,5422.12,CUST-542,New Startup,Low
TX-11754,2025-08-12,PROD-102,AI Analytics Engine Pro,Enterprise AI,West,2,8200,16244.5,4200,12044.5,2202.33,CUST-240,High-Value Enterprise,Low
TX-11755,2025-08-12,PROD-105,Strategic BI Advisory,Advisory,East,1,12000,12533.12,4500,8033.12,1310.9,CUST-895,High-Value Enterprise,Medium
TX-11756,2025-08-12,PROD-106,Automated ETL Pipeline,Cloud Services,Central,6,2900,17200.85,4200,13000.85,2349.25,CUST-560,At-Risk Midmarket,High
TX-11757,2025-08-12,PROD-102,AI Analytics Engine Pro,Enterprise AI,East,1,8200,8162.7,2100,6062.7,1002.93,CUST-919,Growth SMB,Low
TX-11758,2025-08-12,PROD-103,Legacy Data Server V1,Hardware,East,1,3100,3227.0,2200,1027.0,301.83,CUST-168,High-Value Enterprise,High
TX-11759,2025-08-12,PROD-101,Stratos Enterprise Suite,Cloud Services,Central,1,4500,4553.23,1200,3353.23,400.06,CUST-185,Growth SMB,Medium
TX-11760,2025-08-12,PROD-104,Smart Edge Gateway,Hardware,North,1,1800,1889.29,950,939.29,195.02,CUST-399,High-Value Enterprise,Low
TX-11761,2025-08-13,PROD-103,Legacy Data Server V1,Hardware,North,2,3100,6400.72,4400,2000.72,593.27,CUST-765,Growth SMB,High
TX-11762,2025-08-13,PROD-102,AI Analytics Engine Pro,Enterprise AI,APAC,2,8200,16020.97,4200,11820.97,1676.08,CUST-577,Growth SMB,Low
TX-11763,2025-08-13,PROD-102,AI Analytics Engine Pro,Enterprise AI,West,3,8200,24341.35,6300,18041.35,2945.26,CUST-672,Growth SMB,Low
TX-11764,2025-08-13,PROD-105,Strategic BI Advisory,Advisory,North,1,12000,12257.45,4500,7757.45,1497.72,CUST-568,Growth SMB,Low
TX-11765,2025-08-14,PROD-106,Automated ETL Pipeline,Cloud Services,West,2,2900,5736.53,1400,4336.53,568.4,CUST-152,High-Value Enterprise,Low
TX-11766,2025-08-14,PROD-102,AI Analytics Engine Pro,Enterprise AI,South,1,8200,8415.94,2100,6315.94,684.45,CUST-820,New Startup,Low
TX-11767,2025-08-14,PROD-101,Stratos Enterprise Suite,Cloud Services,North,1,4500,4645.08,1200,3445.08,486.77,CUST-941,New Startup,Low
TX-11768,2025-08-14,PROD-101,Stratos Enterprise Suite,Cloud Services,Central,2,4500,9350.74,2400,6950.74,993.44,CUST-259,High-Value Enterprise,Low
TX-11769,2025-08-14,PROD-104,Smart Edge Gateway,Hardware,APAC,1,1800,1852.33,950,902.33,156.58,CUST-499,At-Risk Midmarket,High
TX-11770,2025-08-15,PROD-102,AI Analytics Engine Pro,Enterprise AI,South,1,8200,7846.71,2100,5746.71,791.55,CUST-100,Growth SMB,Low
TX-11771,2025-08-15,PROD-102,AI Analytics Engine Pro,Enterprise AI,South,1,8200,8241.82,2100,6141.82,716.07,CUST-957,Growth SMB,Low
TX-11772,2025-08-15,PROD-102,AI Analytics Engine Pro,Enterprise AI,West,1,8200,8430.23,2100,6330.23,858.43,CUST-416,Growth SMB,Low
TX-11773,2025-08-15,PROD-104,Smart Edge Gateway,Hardware,West,3,1800,5635.33,2850,2785.33,605.66,CUST-577,New Startup,Low
TX-11774,2025-08-15,PROD-103,Legacy Data Server V1,Hardware,North,1,3100,3049.7,2200,849.7,257.09,CUST-769,Growth SMB,High
TX-11775,2025-08-15,PROD-104,Smart Edge Gateway,Hardware,Central,2,1800,3464.79,1900,1564.79,348.91,CUST-473,Growth SMB,Medium
TX-11776,2025-08-16,PROD-101,Stratos Enterprise Suite,Cloud Services,East,1,4500,4292.29,1200,3092.29,455.11,CUST-120,Growth SMB,Low
TX-11777,2025-08-16,PROD-105,Strategic BI Advisory,Advisory,APAC,1,12000,12373.87,4500,7873.87,1490.27,CUST-533,Growth SMB,Low
TX-11778,2025-08-16,PROD-103,Legacy Data Server V1,Hardware,North,1,3100,3047.99,2200,847.99,319.06,CUST-248,Growth SMB,Medium
TX-11779,2025-08-17,PROD-105,Strategic BI Advisory,Advisory,West,1,12000,12422.21,4500,7922.21,1262.82,CUST-252,Growth SMB,Medium
TX-11780,2025-08-17,PROD-106,Automated ETL Pipeline,Cloud Services,South,2,2900,5970.14,1400,4570.14,753.08,CUST-874,New Startup,Low
TX-11781,2025-08-17,PROD-101,Stratos Enterprise Suite,Cloud Services,EMEA,1,4500,4616.24,1200,3416.24,549.58,CUST-390,Growth SMB,Low
TX-11782,2025-08-18,PROD-106,Automated ETL Pipeline,Cloud Services,South,3,2900,8911.23,2100,6811.23,1005.36,CUST-958,High-Value Enterprise,Low
TX-11783,2025-08-18,PROD-101,Stratos Enterprise Suite,Cloud Services,EMEA,2,4500,8606.11,2400,6206.11,705.08,CUST-123,At-Risk Midmarket,High
TX-11784,2025-08-18,PROD-103,Legacy Data Server V1,Hardware,Central,2,3100,6002.38,4400,1602.38,813.2,CUST-873,Growth SMB,High
TX-11785,2025-08-18,PROD-101,Stratos Enterprise Suite,Cloud Services,South,1,4500,4565.45,1200,3365.45,624.79,CUST-966,At-Risk Midmarket,High
TX-11786,2025-08-19,PROD-104,Smart Edge Gateway,Hardware,West,1,1800,1719.98,950,769.98,228.19,CUST-886,New Startup,Low
TX-11787,2025-08-19,PROD-103,Legacy Data Server V1,Hardware,West,1,3100,3158.68,2200,958.68,265.18,CUST-677,High-Value Enterprise,High
TX-11788,2025-08-19,PROD-104,Smart Edge Gateway,Hardware,Central,2,1800,3687.41,1900,1787.41,333.13,CUST-167,Growth SMB,Low
TX-11789,2025-08-19,PROD-103,Legacy Data Server V1,Hardware,APAC,1,3100,2979.09,2200,779.09,303.33,CUST-296,High-Value Enterprise,Low
TX-11790,2025-08-19,PROD-102,AI Analytics Engine Pro,Enterprise AI,Central,1,8200,8097.98,2100,5997.98,892.27,CUST-408,At-Risk Midmarket,High
TX-11791,2025-08-20,PROD-106,Automated ETL Pipeline,Cloud Services,EMEA,1,2900,2854.32,700,2154.32,241.51,CUST-520,Growth SMB,Medium
TX-11792,2025-08-20,PROD-101,Stratos Enterprise Suite,Cloud Services,East,1,4500,4385.22,1200,3185.22,377.17,CUST-275,Growth SMB,Low
TX-11793,2025-08-20,PROD-103,Legacy Data Server V1,Hardware,West,1,3100,3143.24,2200,943.24,337.65,CUST-865,Growth SMB,High
TX-11794,2025-08-20,PROD-103,Legacy Data Server V1,Hardware,South,1,3100,3089.42,2200,889.42,257.85,CUST-646,Growth SMB,High
TX-11795,2025-08-20,PROD-105,Strategic BI Advisory,Advisory,South,1,12000,11969.57,4500,7469.57,1358.41,CUST-750,Growth SMB,Medium
TX-11796,2025-08-20,PROD-102,AI Analytics Engine Pro,Enterprise AI,East,1,8200,8545.71,2100,6445.71,897.88,CUST-424,Growth SMB,Medium
TX-11797,2025-08-21,PROD-101,Stratos Enterprise Suite,Cloud Services,West,1,4500,4506.08,1200,3306.08,525.28,CUST-867,Growth SMB,Low
TX-11798,2025-08-21,PROD-104,Smart Edge Gateway,Hardware,West,2,1800,3774.55,1900,1874.55,508.31,CUST-491,Growth SMB,Low
TX-11799,2025-08-21,PROD-105,Strategic BI Advisory,Advisory,West,1,12000,12520.49,4500,8020.49,1595.1,CUST-288,Growth SMB,Medium
TX-11800,2025-08-21,PROD-101,Stratos Enterprise Suite,Cloud Services,APAC,1,4500,4290.83,1200,3090.83,358.62,CUST-381,High-Value Enterprise,Low
TX-11801,2025-08-21,PROD-106,Automated ETL Pipeline,Cloud Services,West,3,2900,8619.08,2100,6519.08,912.47,CUST-152,Growth SMB,Low
TX-11802,2025-08-21,PROD-106,Automated ETL Pipeline,Cloud Services,East,2,2900,5537.46,1400,4137.46,508.11,CUST-661,Growth SMB,Low
TX-11803,2025-08-21,PROD-103,Legacy Data Server V1,Hardware,North,1,3100,3239.96,2200,1039.96,398.06,CUST-307,High-Value Enterprise,Medium
TX-11804,2025-08-22,PROD-101,Stratos Enterprise Suite,Cloud Services,North,1,4500,4578.08,1200,3378.08,482.63,CUST-224,At-Risk Midmarket,High
TX-11805,2025-08-22,PROD-102,AI Analytics Engine Pro,Enterprise AI,North,1,8200,8022.81,2100,5922.81,758.8,CUST-480,Growth SMB,Medium
TX-11806,2025-08-22,PROD-103,Legacy Data Server V1,Hardware,Central,1,3100,3113.31,2200,913.31,368.04,CUST-167,New Startup,Low
TX-11807,2025-08-22,PROD-105,Strategic BI Advisory,Advisory,East,1,12000,11560.8,4500,7060.8,986.27,CUST-832,Growth SMB,Medium
TX-11808,2025-08-22,PROD-104,Smart Edge Gateway,Hardware,APAC,3,1800,5259.84,2850,2409.84,549.09,CUST-480,High-Value Enterprise,Low
TX-11809,2025-08-22,PROD-101,Stratos Enterprise Suite,Cloud Services,EMEA,1,4500,4296.47,1200,3096.47,381.77,CUST-825,New Startup,Low
TX-11810,2025-08-23,PROD-103,Legacy Data Server V1,Hardware,East,1,3100,3254.44,2200,1054.44,451.03,CUST-582,Growth SMB,Low
TX-11811,2025-08-23,PROD-105,Strategic BI Advisory,Advisory,APAC,2,12000,23814.68,9000,14814.68,1999.18,CUST-220,Growth SMB,Low
TX-11812,2025-08-23,PROD-101,Stratos Enterprise Suite,Cloud Services,South,1,4500,4417.62,1200,3217.62,515.26,CUST-273,High-Value Enterprise,Medium
TX-11813,2025-08-23,PROD-103,Legacy Data Server V1,Hardware,South,1,3100,2984.8,2200,784.8,328.15,CUST-695,New Startup,High
TX-11814,2025-08-23,PROD-101,Stratos Enterprise Suite,Cloud Services,South,1,4500,4310.96,1200,3110.96,345.02,CUST-582,High-Value Enterprise,Medium
TX-11815,2025-08-24,PROD-106,Automated ETL Pipeline,Cloud Services,South,1,2900,2858.46,700,2158.46,259.11,CUST-248,At-Risk Midmarket,High
TX-11816,2025-08-24,PROD-102,AI Analytics Engine Pro,Enterprise AI,West,1,8200,7861.52,2100,5761.52,977.41,CUST-929,Growth SMB,Low
TX-11817,2025-08-24,PROD-101,Stratos Enterprise Suite,Cloud Services,EMEA,3,4500,13885.56,3600,10285.56,1860.98,CUST-785,Growth SMB,Medium
TX-11818,2025-08-24,PROD-103,Legacy Data Server V1,Hardware,EMEA,1,3100,3063.38,2200,863.38,365.25,CUST-339,Growth SMB,High
TX-11819,2025-08-24,PROD-102,AI Analytics Engine Pro,Enterprise AI,North,1,8200,7800.18,2100,5700.18,704.18,CUST-724,New Startup,Medium
TX-11820,2025-08-25,PROD-101,Stratos Enterprise Suite,Cloud Services,South,2,4500,8741.82,2400,6341.82,1163.47,CUST-340,Growth SMB,Low
TX-11821,2025-08-25,PROD-106,Automated ETL Pipeline,Cloud Services,North,1,2900,3026.81,700,2326.81,348.62,CUST-940,New Startup,Low
TX-11822,2025-08-25,PROD-102,AI Analytics Engine Pro,Enterprise AI,Central,1,8200,8175.11,2100,6075.11,691.58,CUST-267,High-Value Enterprise,Low
TX-11823,2025-08-26,PROD-104,Smart Edge Gateway,Hardware,North,2,1800,3501.97,1900,1601.97,410.89,CUST-292,At-Risk Midmarket,High
TX-11824,2025-08-26,PROD-102,AI Analytics Engine Pro,Enterprise AI,East,1,8200,8417.46,2100,6317.46,975.26,CUST-730,Growth SMB,Low
TX-11825,2025-08-26,PROD-101,Stratos Enterprise Suite,Cloud Services,South,1,4500,4336.37,1200,3136.37,368.35,CUST-555,New Startup,Medium
TX-11826,2025-08-26,PROD-101,Stratos Enterprise Suite,Cloud Services,APAC,1,4500,4455.74,1200,3255.74,406.4,CUST-565,Growth SMB,Medium
TX-11827,2025-08-26,PROD-106,Automated ETL Pipeline,Cloud Services,East,4,2900,12051.11,2800,9251.11,1197.06,CUST-988,High-Value Enterprise,Medium
TX-11828,2025-08-27,PROD-103,Legacy Data Server V1,Hardware,APAC,1,3100,3060.79,2200,860.79,360.91,CUST-564,At-Risk Midmarket,High
TX-11829,2025-08-27,PROD-105,Strategic BI Advisory,Advisory,South,1,12000,11838.06,4500,7338.06,1516.85,CUST-272,At-Risk Midmarket,High
TX-11830,2025-08-27,PROD-103,Legacy Data Server V1,Hardware,West,1,3100,3206.89,2200,1006.89,294.22,CUST-858,Growth SMB,Low
TX-11831,2025-08-28,PROD-103,Legacy Data Server V1,Hardware,South,1,3100,3218.72,2200,1018.72,316.86,CUST-107,Growth SMB,Low
TX-11832,2025-08-28,PROD-104,Smart Edge Gateway,Hardware,East,2,1800,3580.34,1900,1680.34,306.15,CUST-325,High-Value Enterprise,Low
TX-11833,2025-08-28,PROD-104,Smart Edge Gateway,Hardware,North,1,1800,1886.24,950,936.24,218.29,CUST-376,New Startup,Low
TX-11834,2025-08-28,PROD-101,Stratos Enterprise Suite,Cloud Services,South,4,4500,18348.23,4800,13548.23,2380.86,CUST-738,Growth SMB,Low
TX-11835,2025-08-29,PROD-105,Strategic BI Advisory,Advisory,EMEA,1,12000,12592.52,4500,8092.52,1379.76,CUST-285,High-Value Enterprise,Low
TX-11836,2025-08-29,PROD-106,Automated ETL Pipeline,Cloud Services,APAC,1,2900,3021.69,700,2321.69,369.16,CUST-804,High-Value Enterprise,Low
TX-11837,2025-08-29,PROD-104,Smart Edge Gateway,Hardware,South,5,1800,9248.44,4750,4498.44,1080.42,CUST-962,At-Risk Midmarket,High
TX-11838,2025-08-29,PROD-102,AI Analytics Engine Pro,Enterprise AI,East,3,8200,24860.84,6300,18560.84,2304.47,CUST-348,High-Value Enterprise,Low
TX-11839,2025-08-29,PROD-106,Automated ETL Pipeline,Cloud Services,West,1,2900,2854.55,700,2154.55,346.05,CUST-556,At-Risk Midmarket,High
TX-11840,2025-08-30,PROD-101,Stratos Enterprise Suite,Cloud Services,South,2,4500,8823.19,2400,6423.19,1034.58,CUST-848,At-Risk Midmarket,High
TX-11841,2025-08-30,PROD-101,Stratos Enterprise Suite,Cloud Services,South,2,4500,9132.94,2400,6732.94,857.44,CUST-122,High-Value Enterprise,Low
TX-11842,2025-08-30,PROD-101,Stratos Enterprise Suite,Cloud Services,APAC,2,4500,9171.55,2400,6771.55,1024.3,CUST-813,High-Value Enterprise,Low
TX-11843,2025-08-30,PROD-104,Smart Edge Gateway,Hardware,South,2,1800,3745.55,1900,1845.55,477.2,CUST-920,New Startup,Medium
TX-11844,2025-08-30,PROD-103,Legacy Data Server V1,Hardware,EMEA,2,3100,6017.37,4400,1617.37,556.52,CUST-903,New Startup,High
TX-11845,2025-08-30,PROD-106,Automated ETL Pipeline,Cloud Services,EMEA,4,2900,12115.6,2800,9315.6,1482.06,CUST-802,Growth SMB,Low
TX-11846,2025-08-30,PROD-102,AI Analytics Engine Pro,Enterprise AI,East,1,8200,7841.43,2100,5741.43,791.45,CUST-654,Growth SMB,Medium
TX-11847,2025-08-31,PROD-105,Strategic BI Advisory,Advisory,APAC,1,12000,11663.3,4500,7163.3,1491.54,CUST-273,New Startup,Medium
TX-11848,2025-08-31,PROD-104,Smart Edge Gateway,Hardware,South,1,1800,1791.57,950,841.57,237.27,CUST-210,Growth SMB,Medium
TX-11849,2025-08-31,PROD-103,Legacy Data Server V1,Hardware,North,1,3100,3088.63,2200,888.63,369.43,CUST-433,High-Value Enterprise,High
TX-11850,2025-08-31,PROD-102,AI Analytics Engine Pro,Enterprise AI,EMEA,1,8200,8241.75,2100,6141.75,714.1,CUST-519,Growth SMB,Low
TX-11851,2025-08-31,PROD-102,AI Analytics Engine Pro,Enterprise AI,South,1,8200,8328.57,2100,6228.57,971.24,CUST-860,High-Value Enterprise,Low
TX-11852,2025-08-31,PROD-101,Stratos Enterprise Suite,Cloud Services,North,1,4500,4654.34,1200,3454.34,580.93,CUST-613,Growth SMB,Low
TX-11853,2025-09-01,PROD-102,AI Analytics Engine Pro,Enterprise AI,North,1,8200,8229.38,2100,6129.38,1007.06,CUST-533,High-Value Enterprise,Low
TX-11854,2025-09-01,PROD-101,Stratos Enterprise Suite,Cloud Services,East,6,4500,26879.0,7200,19679.0,2895.59,CUST-301,New Startup,Low
TX-11855,2025-09-01,PROD-102,AI Analytics Engine Pro,Enterprise AI,South,2,8200,16758.0,4200,12558.0,1679.37,CUST-447,New Startup,Low
TX-11856,2025-09-01,PROD-105,Strategic BI Advisory,Advisory,East,1,12000,11888.7,4500,7388.7,969.68,CUST-327,Growth SMB,Low
TX-11857,2025-09-01,PROD-103,Legacy Data Server V1,Hardware,Central,1,3100,3078.06,2200,878.06,411.97,CUST-117,At-Risk Midmarket,High
TX-11858,2025-09-02,PROD-101,Stratos Enterprise Suite,Cloud Services,EMEA,1,4500,4339.48,1200,3139.48,353.94,CUST-232,At-Risk Midmarket,High
TX-11859,2025-09-02,PROD-101,Stratos Enterprise Suite,Cloud Services,Central,1,4500,4452.88,1200,3252.88,618.9,CUST-960,High-Value Enterprise,Low
TX-11860,2025-09-02,PROD-105,Strategic BI Advisory,Advisory,South,1,12000,12448.31,4500,7948.31,1382.03,CUST-179,Growth SMB,Low
TX-11861,2025-09-02,PROD-102,AI Analytics Engine Pro,Enterprise AI,East,1,8200,8323.63,2100,6223.63,929.08,CUST-712,New Startup,Medium
TX-11862,2025-09-02,PROD-103,Legacy Data Server V1,Hardware,South,1,3100,3007.39,2200,807.39,347.13,CUST-745,Growth SMB,High
TX-11863,2025-09-02,PROD-105,Strategic BI Advisory,Advisory,EMEA,1,12000,12484.47,4500,7984.47,1131.52,CUST-901,High-Value Enterprise,Low
TX-11864,2025-09-02,PROD-106,Automated ETL Pipeline,Cloud Services,South,1,2900,2914.1,700,2214.1,235.22,CUST-376,Growth SMB,Low
TX-11865,2025-09-03,PROD-101,Stratos Enterprise Suite,Cloud Services,EMEA,1,4500,4702.46,1200,3502.46,407.01,CUST-782,Growth SMB,Low
TX-11866,2025-09-03,PROD-105,Strategic BI Advisory,Advisory,South,1,12000,12016.71,4500,7516.71,986.1,CUST-628,High-Value Enterprise,Medium
TX-11867,2025-09-03,PROD-102,AI Analytics Engine Pro,Enterprise AI,West,1,8200,8419.36,2100,6319.36,709.54,CUST-546,Growth SMB,Medium
TX-11868,2025-09-03,PROD-104,Smart Edge Gateway,Hardware,West,1,1800,1851.17,950,901.17,250.58,CUST-958,Growth SMB,Low
TX-11869,2025-09-04,PROD-105,Strategic BI Advisory,Advisory,South,1,12000,11913.78,4500,7413.78,1241.66,CUST-941,At-Risk Midmarket,High
TX-11870,2025-09-04,PROD-106,Automated ETL Pipeline,Cloud Services,APAC,3,2900,8348.23,2100,6248.23,686.85,CUST-668,At-Risk Midmarket,High
TX-11871,2025-09-04,PROD-104,Smart Edge Gateway,Hardware,West,1,1800,1887.44,950,937.44,225.13,CUST-878,At-Risk Midmarket,High
TX-11872,2025-09-04,PROD-103,Legacy Data Server V1,Hardware,APAC,1,3100,3219.07,2200,1019.07,386.28,CUST-439,At-Risk Midmarket,High
TX-11873,2025-09-05,PROD-104,Smart Edge Gateway,Hardware,West,1,1800,1727.4,950,777.4,161.66,CUST-738,Growth SMB,Medium
TX-11874,2025-09-05,PROD-101,Stratos Enterprise Suite,Cloud Services,North,3,4500,13672.51,3600,10072.51,1694.99,CUST-382,High-Value Enterprise,Low
TX-11875,2025-09-05,PROD-104,Smart Edge Gateway,Hardware,South,1,1800,1868.25,950,918.25,210.94,CUST-284,At-Risk Midmarket,High
TX-11876,2025-09-05,PROD-104,Smart Edge Gateway,Hardware,EMEA,1,1800,1866.66,950,916.66,227.3,CUST-404,At-Risk Midmarket,High
TX-11877,2025-09-05,PROD-105,Strategic BI Advisory,Advisory,West,1,12000,12239.56,4500,7739.56,999.27,CUST-986,Growth SMB,Low
TX-11878,2025-09-06,PROD-106,Automated ETL Pipeline,Cloud Services,South,1,2900,2931.41,700,2231.41,360.33,CUST-532,High-Value Enterprise,Medium
TX-11879,2025-09-06,PROD-102,AI Analytics Engine Pro,Enterprise AI,South,1,8200,7958.33,2100,5858.33,810.58,CUST-955,New Startup,Medium
TX-11880,2025-09-06,PROD-106,Automated ETL Pipeline,Cloud Services,North,3,2900,8412.54,2100,6312.54,1108.5,CUST-932,At-Risk Midmarket,High
TX-11881,2025-09-07,PROD-105,Strategic BI Advisory,Advisory,APAC,1,12000,11979.89,4500,7479.89,1499.12,CUST-790,Growth SMB,Low
TX-11882,2025-09-07,PROD-105,Strategic BI Advisory,Advisory,East,1,12000,11758.07,4500,7258.07,969.84,CUST-846,Growth SMB,Medium
TX-11883,2025-09-07,PROD-101,Stratos Enterprise Suite,Cloud Services,East,1,4500,4388.53,1200,3188.53,456.59,CUST-581,Growth SMB,Low
TX-11884,2025-09-07,PROD-105,Strategic BI Advisory,Advisory,South,1,12000,12523.75,4500,8023.75,1296.66,CUST-463,New Startup,Low
TX-11885,2025-09-07,PROD-101,Stratos Enterprise Suite,Cloud Services,West,3,4500,13264.79,3600,9664.79,1089.11,CUST-239,High-Value Enterprise,Low
TX-11886,2025-09-07,PROD-106,Automated ETL Pipeline,Cloud Services,East,1,2900,2776.26,700,2076.26,259.31,CUST-820,New Startup,Medium
TX-11887,2025-09-07,PROD-104,Smart Edge Gateway,Hardware,South,1,1800,1784.99,950,834.99,157.04,CUST-644,Growth SMB,Medium
TX-11888,2025-09-08,PROD-106,Automated ETL Pipeline,Cloud Services,West,3,2900,8726.25,2100,6626.25,897.83,CUST-973,Growth SMB,Low
TX-11889,2025-09-08,PROD-104,Smart Edge Gateway,Hardware,West,1,1800,1720.0,950,770.0,202.18,CUST-938,Growth SMB,Low
TX-11890,2025-09-08,PROD-101,Stratos Enterprise Suite,Cloud Services,EMEA,1,4500,4427.93,1200,3227.93,509.52,CUST-767,Growth SMB,Low
TX-11891,2025-09-08,PROD-105,Strategic BI Advisory,Advisory,East,1,12000,12143.5,4500,7643.5,998.99,CUST-790,High-Value Enterprise,Low
TX-11892,2025-09-08,PROD-106,Automated ETL Pipeline,Cloud Services,West,2,2900,6083.65,1400,4683.65,504.12,CUST-734,Growth SMB,Low
TX-11893,2025-09-09,PROD-102,AI Analytics Engine Pro,Enterprise AI,North,1,8200,8094.16,2100,5994.16,731.38,CUST-716,Growth SMB,Medium
TX-11894,2025-09-09,PROD-104,Smart Edge Gateway,Hardware,East,1,1800,1756.69,950,806.69,198.11,CUST-981,Growth SMB,Low
TX-11895,2025-09-09,PROD-106,Automated ETL Pipeline,Cloud Services,East,1,2900,2852.05,700,2152.05,282.85,CUST-220,At-Risk Midmarket,High
TX-11896,2025-09-09,PROD-103,Legacy Data Server V1,Hardware,Central,1,3100,3111.71,2200,911.71,260.05,CUST-829,At-Risk Midmarket,High
TX-11897,2025-09-10,PROD-102,AI Analytics Engine Pro,Enterprise AI,West,1,8200,8236.8,2100,6136.8,899.9,CUST-958,Growth SMB,Low
TX-11898,2025-09-10,PROD-106,Automated ETL Pipeline,Cloud Services,APAC,5,2900,14985.71,3500,11485.71,1358.56,CUST-131,High-Value Enterprise,Medium
TX-11899,2025-09-10,PROD-101,Stratos Enterprise Suite,Cloud Services,APAC,2,4500,9432.0,2400,7032.0,935.48,CUST-873,New Startup,Low
TX-11900,2025-09-10,PROD-103,Legacy Data Server V1,Hardware,North,2,3100,6281.32,4400,1881.32,716.7,CUST-348,Growth SMB,High
TX-11901,2025-09-10,PROD-103,Legacy Data Server V1,Hardware,EMEA,1,3100,3169.86,2200,969.86,354.49,CUST-130,New Startup,Low
TX-11902,2025-09-10,PROD-103,Legacy Data Server V1,Hardware,East,1,3100,3048.89,2200,848.89,315.52,CUST-800,Growth SMB,High
TX-11903,2025-09-10,PROD-101,Stratos Enterprise Suite,Cloud Services,East,6,4500,26841.1,7200,19641.1,3450.18,CUST-789,New Startup,Medium
TX-11904,2025-09-11,PROD-103,Legacy Data Server V1,Hardware,South,1,3100,3077.92,2200,877.92,407.13,CUST-403,High-Value Enterprise,High
TX-11905,2025-09-11,PROD-104,Smart Edge Gateway,Hardware,Central,1,1800,1871.18,950,921.18,153.68,CUST-241,Growth SMB,Medium
TX-11906,2025-09-11,PROD-103,Legacy Data Server V1,Hardware,West,2,3100,6101.94,4400,1701.94,817.88,CUST-459,Growth SMB,High
TX-11907,2025-09-11,PROD-103,Legacy Data Server V1,Hardware,North,1,3100,3199.35,2200,999.35,328.14,CUST-811,High-Value Enterprise,Low
TX-11908,2025-09-11,PROD-105,Strategic BI Advisory,Advisory,West,1,12000,12133.5,4500,7633.5,1207.08,CUST-818,Growth SMB,Low
TX-11909,2025-09-12,PROD-102,AI Analytics Engine Pro,Enterprise AI,APAC,1,8200,8130.01,2100,6030.01,1091.05,CUST-519,Growth SMB,Low
TX-11910,2025-09-12,PROD-102,AI Analytics Engine Pro,Enterprise AI,North,1,8200,7907.75,2100,5807.75,861.41,CUST-489,New Startup,Low
TX-11911,2025-09-12,PROD-104,Smart Edge Gateway,Hardware,South,5,1800,8901.58,4750,4151.58,964.19,CUST-243,Growth SMB,Low
TX-11912,2025-09-12,PROD-105,Strategic BI Advisory,Advisory,North,1,12000,12334.24,4500,7834.24,1229.71,CUST-971,Growth SMB,Medium
TX-11913,2025-09-13,PROD-103,Legacy Data Server V1,Hardware,West,1,3100,2963.95,2200,763.95,353.69,CUST-647,At-Risk Midmarket,High
TX-11914,2025-09-13,PROD-101,Stratos Enterprise Suite,Cloud Services,East,2,4500,9416.74,2400,7016.74,1211.08,CUST-834,Growth SMB,Low
TX-11915,2025-09-13,PROD-104,Smart Edge Gateway,Hardware,East,3,1800,5533.04,2850,2683.04,751.47,CUST-507,Growth SMB,Medium
TX-11916,2025-09-13,PROD-102,AI Analytics Engine Pro,Enterprise AI,North,1,8200,8564.66,2100,6464.66,742.94,CUST-720,Growth SMB,Low
TX-11917,2025-09-14,PROD-103,Legacy Data Server V1,Hardware,EMEA,1,3100,3188.44,2200,988.44,388.44,CUST-387,Growth SMB,High
TX-11918,2025-09-14,PROD-102,AI Analytics Engine Pro,Enterprise AI,EMEA,1,8200,8269.29,2100,6169.29,879.67,CUST-150,Growth SMB,Low
TX-11919,2025-09-14,PROD-105,Strategic BI Advisory,Advisory,South,1,12000,12122.0,4500,7622.0,1412.39,CUST-242,High-Value Enterprise,Low
TX-11920,2025-09-14,PROD-103,Legacy Data Server V1,Hardware,Central,1,3100,3146.37,2200,946.37,261.22,CUST-376,Growth SMB,Low
TX-11921,2025-09-14,PROD-105,Strategic BI Advisory,Advisory,EMEA,1,12000,11940.86,4500,7440.86,1359.22,CUST-684,Growth SMB,Low
TX-11922,2025-09-14,PROD-103,Legacy Data Server V1,Hardware,APAC,1,3100,2988.66,2200,788.66,361.71,CUST-358,Growth SMB,Low
TX-11923,2025-09-14,PROD-101,Stratos Enterprise Suite,Cloud Services,West,1,4500,4694.37,1200,3494.37,552.42,CUST-231,Growth SMB,Medium
TX-11924,2025-09-15,PROD-105,Strategic BI Advisory,Advisory,East,1,12000,12100.49,4500,7600.49,1600.14,CUST-933,High-Value Enterprise,Low
TX-11925,2025-09-15,PROD-106,Automated ETL Pipeline,Cloud Services,West,2,2900,5741.52,1400,4341.52,663.67,CUST-223,High-Value Enterprise,Low
TX-11926,2025-09-15,PROD-103,Legacy Data Server V1,Hardware,East,1,3100,3167.17,2200,967.17,439.72,CUST-954,Growth SMB,High
TX-11927,2025-09-16,PROD-101,Stratos Enterprise Suite,Cloud Services,North,2,4500,8974.36,2400,6574.36,1223.07,CUST-703,Growth SMB,Low
TX-11928,2025-09-16,PROD-104,Smart Edge Gateway,Hardware,West,2,1800,3755.57,1900,1855.57,402.37,CUST-232,Growth SMB,Medium
TX-11929,2025-09-16,PROD-102,AI Analytics Engine Pro,Enterprise AI,West,1,8200,8234.91,2100,6134.91,876.3,CUST-535,Growth SMB,Low
TX-11930,2025-09-17,PROD-105,Strategic BI Advisory,Advisory,South,1,12000,11882.79,4500,7382.79,1472.85,CUST-693,Growth SMB,Low
TX-11931,2025-09-17,PROD-106,Automated ETL Pipeline,Cloud Services,North,2,2900,5877.33,1400,4477.33,712.99,CUST-116,Growth SMB,Low
TX-11932,2025-09-17,PROD-102,AI Analytics Engine Pro,Enterprise AI,Central,2,8200,16205.71,4200,12005.71,2010.79,CUST-124,New Startup,Medium
TX-11933,2025-09-17,PROD-106,Automated ETL Pipeline,Cloud Services,West,6,2900,17740.81,4200,13540.81,2043.44,CUST-779,High-Value Enterprise,Low
TX-11934,2025-09-17,PROD-101,Stratos Enterprise Suite,Cloud Services,EMEA,1,4500,4642.69,1200,3442.69,576.43,CUST-963,At-Risk Midmarket,High
TX-11935,2025-09-18,PROD-104,Smart Edge Gateway,Hardware,South,2,1800,3656.21,1900,1756.21,383.64,CUST-469,Growth SMB,Low
TX-11936,2025-09-18,PROD-101,Stratos Enterprise Suite,Cloud Services,West,1,4500,4440.86,1200,3240.86,465.9,CUST-314,Growth SMB,Medium
TX-11937,2025-09-18,PROD-106,Automated ETL Pipeline,Cloud Services,South,2,2900,5797.49,1400,4397.49,468.26,CUST-863,Growth SMB,Medium
TX-11938,2025-09-18,PROD-101,Stratos Enterprise Suite,Cloud Services,North,3,4500,13991.53,3600,10391.53,1710.12,CUST-876,Growth SMB,Low
TX-11939,2025-09-18,PROD-101,Stratos Enterprise Suite,Cloud Services,West,1,4500,4545.52,1200,3345.52,446.05,CUST-165,New Startup,Low
TX-11940,2025-09-18,PROD-105,Strategic BI Advisory,Advisory,South,1,12000,12145.36,4500,7645.36,1267.58,CUST-546,High-Value Enterprise,Low
TX-11941,2025-09-19,PROD-102,AI Analytics Engine Pro,Enterprise AI,West,1,8200,8132.4,2100,6032.4,975.4,CUST-262,High-Value Enterprise,Medium
TX-11942,2025-09-19,PROD-106,Automated ETL Pipeline,Cloud Services,EMEA,3,2900,8491.62,2100,6391.62,1116.25,CUST-949,High-Value Enterprise,Low
TX-11943,2025-09-19,PROD-102,AI Analytics Engine Pro,Enterprise AI,South,1,8200,7792.83,2100,5692.83,777.81,CUST-534,New Startup,Low
TX-11944,2025-09-20,PROD-102,AI Analytics Engine Pro,Enterprise AI,South,2,8200,16283.55,4200,12083.55,1421.99,CUST-783,High-Value Enterprise,Low
TX-11945,2025-09-20,PROD-103,Legacy Data Server V1,Hardware,East,1,3100,3021.02,2200,821.02,305.81,CUST-301,At-Risk Midmarket,High
TX-11946,2025-09-20,PROD-103,Legacy Data Server V1,Hardware,West,1,3100,2995.33,2200,795.33,261.7,CUST-795,High-Value Enterprise,High
TX-11947,2025-09-20,PROD-105,Strategic BI Advisory,Advisory,APAC,1,12000,12241.11,4500,7741.11,986.55,CUST-343,Growth SMB,Low
TX-11948,2025-09-20,PROD-103,Legacy Data Server V1,Hardware,APAC,1,3100,3027.48,2200,827.48,349.46,CUST-380,Growth SMB,Low
TX-11949,2025-09-20,PROD-102,AI Analytics Engine Pro,Enterprise AI,West,1,8200,8574.14,2100,6474.14,1079.4,CUST-259,Growth SMB,Low
TX-11950,2025-09-20,PROD-106,Automated ETL Pipeline,Cloud Services,East,1,2900,3013.79,700,2313.79,285.67,CUST-964,Growth SMB,Low
TX-11951,2025-09-21,PROD-101,Stratos Enterprise Suite,Cloud Services,West,2,4500,8820.56,2400,6420.56,1055.55,CUST-781,Growth SMB,Medium
TX-11952,2025-09-21,PROD-104,Smart Edge Gateway,Hardware,West,1,1800,1738.23,950,788.23,211.29,CUST-219,Growth SMB,Low
TX-11953,2025-09-21,PROD-104,Smart Edge Gateway,Hardware,East,2,1800,3639.55,1900,1739.55,400.82,CUST-168,High-Value Enterprise,Low
TX-11954,2025-09-21,PROD-102,AI Analytics Engine Pro,Enterprise AI,APAC,1,8200,7891.07,2100,5791.07,702.18,CUST-328,Growth SMB,Medium
TX-11955,2025-09-21,PROD-105,Strategic BI Advisory,Advisory,South,2,12000,24058.91,9000,15058.91,3103.28,CUST-657,Growth SMB,Low
TX-11956,2025-09-22,PROD-106,Automated ETL Pipeline,Cloud Services,Central,1,2900,2850.22,700,2150.22,300.59,CUST-489,High-Value Enterprise,Low
TX-11957,2025-09-22,PROD-103,Legacy Data Server V1,Hardware,West,1,3100,3062.72,2200,862.72,380.59,CUST-113,Growth SMB,High
TX-11958,2025-09-22,PROD-104,Smart Edge Gateway,Hardware,North,2,1800,3629.03,1900,1729.03,497.96,CUST-422,High-Value Enterprise,Low
TX-11959,2025-09-22,PROD-106,Automated ETL Pipeline,Cloud Services,East,3,2900,9052.82,2100,6952.82,1020.15,CUST-494,Growth SMB,Low
TX-11960,2025-09-23,PROD-102,AI Analytics Engine Pro,Enterprise AI,North,1,8200,8192.14,2100,6092.14,1084.26,CUST-137,New Startup,Low
TX-11961,2025-09-23,PROD-106,Automated ETL Pipeline,Cloud Services,APAC,1,2900,2806.53,700,2106.53,357.07,CUST-654,At-Risk Midmarket,High
TX-11962,2025-09-23,PROD-104,Smart Edge Gateway,Hardware,East,2,1800,3459.05,1900,1559.05,476.23,CUST-514,Growth SMB,Low
TX-11963,2025-09-23,PROD-101,Stratos Enterprise Suite,Cloud Services,South,2,4500,8894.38,2400,6494.38,1038.84,CUST-842,High-Value Enterprise,Low
TX-11964,2025-09-23,PROD-105,Strategic BI Advisory,Advisory,East,1,12000,12181.77,4500,7681.77,1352.18,CUST-480,At-Risk Midmarket,High
TX-11965,2025-09-23,PROD-102,AI Analytics Engine Pro,Enterprise AI,North,1,8200,7921.02,2100,5821.02,815.72,CUST-540,Growth SMB,Low
TX-11966,2025-09-24,PROD-103,Legacy Data Server V1,Hardware,North,1,3100,3103.47,2200,903.47,284.25,CUST-494,Growth SMB,Low
TX-11967,2025-09-24,PROD-106,Automated ETL Pipeline,Cloud Services,North,1,2900,2869.72,700,2169.72,401.21,CUST-393,At-Risk Midmarket,High
TX-11968,2025-09-24,PROD-101,Stratos Enterprise Suite,Cloud Services,APAC,1,4500,4716.8,1200,3516.8,584.21,CUST-396,At-Risk Midmarket,High
TX-11969,2025-09-24,PROD-101,Stratos Enterprise Suite,Cloud Services,East,1,4500,4375.4,1200,3175.4,508.92,CUST-325,Growth SMB,Medium
TX-11970,2025-09-24,PROD-104,Smart Edge Gateway,Hardware,East,6,1800,10916.55,5700,5216.55,1123.82,CUST-336,New Startup,Low
TX-11971,2025-09-24,PROD-101,Stratos Enterprise Suite,Cloud Services,South,1,4500,4367.21,1200,3167.21,410.41,CUST-691,High-Value Enterprise,Low
TX-11972,2025-09-24,PROD-101,Stratos Enterprise Suite,Cloud Services,West,1,4500,4510.45,1200,3310.45,454.52,CUST-564,New Startup,Low
TX-11973,2025-09-25,PROD-103,Legacy Data Server V1,Hardware,West,1,3100,3045.42,2200,845.42,252.64,CUST-791,Growth SMB,Medium
TX-11974,2025-09-25,PROD-103,Legacy Data Server V1,Hardware,North,1,3100,2989.02,2200,789.02,355.35,CUST-649,Growth SMB,High
TX-11975,2025-09-25,PROD-103,Legacy Data Server V1,Hardware,East,1,3100,2951.81,2200,751.81,405.07,CUST-903,High-Value Enterprise,High
TX-11976,2025-09-25,PROD-101,Stratos Enterprise Suite,Cloud Services,North,2,4500,9310.8,2400,6910.8,1020.44,CUST-436,Growth SMB,Low
TX-11977,2025-09-25,PROD-106,Automated ETL Pipeline,Cloud Services,EMEA,1,2900,2763.84,700,2063.84,224.55,CUST-176,Growth SMB,Low
TX-11978,2025-09-25,PROD-105,Strategic BI Advisory,Advisory,APAC,1,12000,11407.12,4500,6907.12,1060.06,CUST-326,Growth SMB,Low
TX-11979,2025-09-26,PROD-102,AI Analytics Engine Pro,Enterprise AI,Central,2,8200,16227.1,4200,12027.1,2069.16,CUST-754,Growth SMB,Low
TX-11980,2025-09-26,PROD-103,Legacy Data Server V1,Hardware,South,1,3100,3076.21,2200,876.21,360.19,CUST-709,New Startup,High
TX-11981,2025-09-26,PROD-106,Automated ETL Pipeline,Cloud Services,Central,2,2900,5739.08,1400,4339.08,637.25,CUST-206,Growth SMB,Low
TX-11982,2025-09-26,PROD-106,Automated ETL Pipeline,Cloud Services,East,2,2900,5963.92,1400,4563.92,714.65,CUST-476,At-Risk Midmarket,High
TX-11983,2025-09-26,PROD-102,AI Analytics Engine Pro,Enterprise AI,APAC,1,8200,7959.11,2100,5859.11,863.75,CUST-230,Growth SMB,Low
TX-11984,2025-09-27,PROD-101,Stratos Enterprise Suite,Cloud Services,West,2,4500,9207.01,2400,6807.01,1179.3,CUST-645,Growth SMB,Medium
TX-11985,2025-09-27,PROD-103,Legacy Data Server V1,Hardware,APAC,1,3100,3071.55,2200,871.55,373.27,CUST-174,Growth SMB,Low
TX-11986,2025-09-27,PROD-102,AI Analytics Engine Pro,Enterprise AI,Central,1,8200,7829.14,2100,5729.14,997.14,CUST-761,At-Risk Midmarket,High
TX-11987,2025-09-27,PROD-101,Stratos Enterprise Suite,Cloud Services,West,1,4500,4661.63,1200,3461.63,629.41,CUST-592,High-Value Enterprise,Medium
TX-11988,2025-09-27,PROD-102,AI Analytics Engine Pro,Enterprise AI,Central,3,8200,23906.89,6300,17606.89,2664.72,CUST-339,Growth SMB,Low
TX-11989,2025-09-28,PROD-101,Stratos Enterprise Suite,Cloud Services,APAC,1,4500,4610.22,1200,3410.22,504.18,CUST-528,At-Risk Midmarket,High
TX-11990,2025-09-28,PROD-105,Strategic BI Advisory,Advisory,EMEA,1,12000,12298.32,4500,7798.32,1471.7,CUST-808,High-Value Enterprise,Low
TX-11991,2025-09-28,PROD-101,Stratos Enterprise Suite,Cloud Services,North,1,4500,4528.95,1200,3328.95,594.92,CUST-295,Growth SMB,Medium
TX-11992,2025-09-28,PROD-101,Stratos Enterprise Suite,Cloud Services,West,3,4500,13249.45,3600,9649.45,1368.75,CUST-122,Growth SMB,Medium
TX-11993,2025-09-28,PROD-102,AI Analytics Engine Pro,Enterprise AI,East,1,8200,8292.75,2100,6192.75,1100.39,CUST-927,Growth SMB,Low
TX-11994,2025-09-28,PROD-104,Smart Edge Gateway,Hardware,North,2,1800,3471.63,1900,1571.63,312.67,CUST-127,New Startup,Low
TX-11995,2025-09-28,PROD-106,Automated ETL Pipeline,Cloud Services,East,9,2900,26574.45,6300,20274.45,3220.9,CUST-681,At-Risk Midmarket,High
TX-11996,2025-09-29,PROD-105,Strategic BI Advisory,Advisory,East,1,12000,12036.75,4500,7536.75,1329.3,CUST-518,Growth SMB,Medium
TX-11997,2025-09-29,PROD-106,Automated ETL Pipeline,Cloud Services,North,3,2900,8370.81,2100,6270.81,1058.06,CUST-754,At-Risk Midmarket,High
TX-11998,2025-09-29,PROD-104,Smart Edge Gateway,Hardware,APAC,3,1800,5451.67,2850,2601.67,466.75,CUST-146,Growth SMB,Low
TX-11999,2025-09-29,PROD-102,AI Analytics Engine Pro,Enterprise AI,West,1,8200,8098.72,2100,5998.72,687.3,CUST-115,High-Value Enterprise,Low
TX-12000,2025-09-29,PROD-106,Automated ETL Pipeline,Cloud Services,East,1,2900,2956.33,700,2256.33,384.07,CUST-828,New Startup,Medium
TX-12001,2025-09-29,PROD-101,Stratos Enterprise Suite,Cloud Services,North,1,4500,4449.0,1200,3249.0,590.88,CUST-257,At-Risk Midmarket,High
TX-12002,2025-09-29,PROD-102,AI Analytics Engine Pro,Enterprise AI,South,1,8200,7827.2,2100,5727.2,887.91,CUST-586,New Startup,Low
TX-12003,2025-09-30,PROD-103,Legacy Data Server V1,Hardware,West,1,3100,3065.58,2200,865.58,368.2,CUST-290,New Startup,High
TX-12004,2025-09-30,PROD-103,Legacy Data Server V1,Hardware,West,1,3100,3077.46,2200,877.46,425.81,CUST-993,Growth SMB,High
TX-12005,2025-09-30,PROD-104,Smart Edge Gateway,Hardware,South,2,1800,3642.87,1900,1742.87,419.17,CUST-453,At-Risk Midmarket,High
TX-12006,2025-09-30,PROD-101,Stratos Enterprise Suite,Cloud Services,West,1,4500,4440.28,1200,3240.28,511.34,CUST-784,At-Risk Midmarket,High
TX-12007,2025-09-30,PROD-102,AI Analytics Engine Pro,Enterprise AI,EMEA,2,8200,16925.93,4200,12725.93,1933.97,CUST-519,Growth SMB,Low
TX-12008,2025-09-30,PROD-103,Legacy Data Server V1,Hardware,North,1,3100,2967.07,2200,767.07,395.31,CUST-232,Growth SMB,High
TX-12009,2025-10-01,PROD-103,Legacy Data Server V1,Hardware,North,1,3100,3231.68,2200,1031.68,290.91,CUST-102,At-Risk Midmarket,High
TX-12010,2025-10-01,PROD-103,Legacy Data Server V1,Hardware,North,1,3100,2995.78,2200,795.78,246.88,CUST-709,At-Risk Midmarket,High
TX-12011,2025-10-01,PROD-104,Smart Edge Gateway,Hardware,South,2,1800,3770.21,1900,1870.21,401.89,CUST-378,High-Value Enterprise,Low
TX-12012,2025-10-01,PROD-101,Stratos Enterprise Suite,Cloud Services,Central,6,4500,27579.38,7200,20379.38,3073.84,CUST-882,Growth SMB,Low
TX-12013,2025-10-01,PROD-104,Smart Edge Gateway,Hardware,East,1,1800,1799.52,950,849.52,219.34,CUST-242,Growth SMB,Medium
TX-12014,2025-10-02,PROD-102,AI Analytics Engine Pro,Enterprise AI,Central,1,8200,8399.99,2100,6299.99,910.61,CUST-614,At-Risk Midmarket,High
TX-12015,2025-10-02,PROD-106,Automated ETL Pipeline,Cloud Services,West,1,2900,2825.83,700,2125.83,379.27,CUST-918,New Startup,Low
TX-12016,2025-10-02,PROD-102,AI Analytics Engine Pro,Enterprise AI,North,1,8200,8302.52,2100,6202.52,1068.17,CUST-373,High-Value Enterprise,Low
TX-12017,2025-10-02,PROD-105,Strategic BI Advisory,Advisory,APAC,1,12000,11965.55,4500,7465.55,1350.91,CUST-888,New Startup,Low
TX-12018,2025-10-02,PROD-104,Smart Edge Gateway,Hardware,West,1,1800,1811.16,950,861.16,203.34,CUST-361,New Startup,Medium
TX-12019,2025-10-02,PROD-106,Automated ETL Pipeline,Cloud Services,North,3,2900,8974.46,2100,6874.46,947.07,CUST-540,High-Value Enterprise,Low
TX-12020,2025-10-02,PROD-104,Smart Edge Gateway,Hardware,East,2,1800,3733.3,1900,1833.3,385.39,CUST-569,Growth SMB,Low
TX-12021,2025-10-03,PROD-104,Smart Edge Gateway,Hardware,South,3,1800,5425.04,2850,2575.04,705.78,CUST-961,High-Value Enterprise,Low
TX-12022,2025-10-03,PROD-103,Legacy Data Server V1,Hardware,Central,1,3100,3113.31,2200,913.31,383.11,CUST-832,High-Value Enterprise,High
TX-12023,2025-10-03,PROD-102,AI Analytics Engine Pro,Enterprise AI,South,1,8200,8360.25,2100,6260.25,759.72,CUST-612,High-Value Enterprise,Medium
TX-12024,2025-10-03,PROD-101,Stratos Enterprise Suite,Cloud Services,South,1,4500,4693.64,1200,3493.64,531.61,CUST-451,Growth SMB,Low
TX-12025,2025-10-04,PROD-101,Stratos Enterprise Suite,Cloud Services,North,1,4500,4540.49,1200,3340.49,482.31,CUST-527,New Startup,Low
TX-12026,2025-10-04,PROD-103,Legacy Data Server V1,Hardware,North,1,3100,3023.8,2200,823.8,241.98,CUST-439,Growth SMB,Medium
TX-12027,2025-10-04,PROD-103,Legacy Data Server V1,Hardware,West,1,3100,3060.93,2200,860.93,380.65,CUST-543,High-Value Enterprise,High
TX-12028,2025-10-04,PROD-106,Automated ETL Pipeline,Cloud Services,West,5,2900,14542.3,3500,11042.3,2001.44,CUST-614,High-Value Enterprise,Medium
TX-12029,2025-10-04,PROD-103,Legacy Data Server V1,Hardware,EMEA,2,3100,6033.42,4400,1633.42,603.58,CUST-165,Growth SMB,Low
TX-12030,2025-10-04,PROD-105,Strategic BI Advisory,Advisory,West,1,12000,12303.67,4500,7803.67,1520.63,CUST-534,Growth SMB,Low
TX-12031,2025-10-04,PROD-102,AI Analytics Engine Pro,Enterprise AI,Central,1,8200,8529.74,2100,6429.74,1015.53,CUST-439,At-Risk Midmarket,High
TX-12032,2025-10-05,PROD-102,AI Analytics Engine Pro,Enterprise AI,North,1,8200,7888.41,2100,5788.41,986.44,CUST-768,Growth SMB,Low
TX-12033,2025-10-05,PROD-101,Stratos Enterprise Suite,Cloud Services,North,2,4500,9057.2,2400,6657.2,1187.78,CUST-552,At-Risk Midmarket,High
TX-12034,2025-10-05,PROD-106,Automated ETL Pipeline,Cloud Services,West,10,2900,29395.28,7000,22395.28,3849.49,CUST-510,High-Value Enterprise,Medium
TX-12035,2025-10-05,PROD-101,Stratos Enterprise Suite,Cloud Services,North,2,4500,8890.81,2400,6490.81,1092.6,CUST-702,High-Value Enterprise,Low
TX-12036,2025-10-05,PROD-106,Automated ETL Pipeline,Cloud Services,North,1,2900,2878.82,700,2178.82,237.14,CUST-309,At-Risk Midmarket,High
TX-12037,2025-10-05,PROD-106,Automated ETL Pipeline,Cloud Services,West,1,2900,2858.4,700,2158.4,361.46,CUST-426,High-Value Enterprise,Low
TX-12038,2025-10-05,PROD-101,Stratos Enterprise Suite,Cloud Services,EMEA,2,4500,9113.59,2400,6713.59,1111.1,CUST-476,Growth SMB,Medium
TX-12039,2025-10-06,PROD-103,Legacy Data Server V1,Hardware,West,1,3100,3013.92,2200,813.92,279.62,CUST-747,Growth SMB,Low
TX-12040,2025-10-06,PROD-103,Legacy Data Server V1,Hardware,North,1,3100,3086.75,2200,886.75,274.47,CUST-832,High-Value Enterprise,High
TX-12041,2025-10-06,PROD-106,Automated ETL Pipeline,Cloud Services,East,5,2900,13917.4,3500,10417.4,1550.83,CUST-609,High-Value Enterprise,Low
TX-12042,2025-10-06,PROD-101,Stratos Enterprise Suite,Cloud Services,West,1,4500,4554.93,1200,3354.93,386.35,CUST-150,At-Risk Midmarket,High
TX-12043,2025-10-07,PROD-102,AI Analytics Engine Pro,Enterprise AI,North,1,8200,7815.2,2100,5715.2,877.17,CUST-641,New Startup,Low
TX-12044,2025-10-07,PROD-106,Automated ETL Pipeline,Cloud Services,West,7,2900,19473.68,4900,14573.68,1576.68,CUST-624,High-Value Enterprise,Low
TX-12045,2025-10-07,PROD-104,Smart Edge Gateway,Hardware,Central,1,1800,1806.4,950,856.4,178.38,CUST-641,New Startup,Low
TX-12046,2025-10-07,PROD-103,Legacy Data Server V1,Hardware,West,3,3100,9387.93,6600,2787.93,991.34,CUST-906,High-Value Enterprise,High
TX-12047,2025-10-07,PROD-103,Legacy Data Server V1,Hardware,North,1,3100,3094.45,2200,894.45,402.8,CUST-167,High-Value Enterprise,High
TX-12048,2025-10-08,PROD-102,AI Analytics Engine Pro,Enterprise AI,APAC,1,8200,8242.1,2100,6142.1,817.23,CUST-563,High-Value Enterprise,Low
TX-12049,2025-10-08,PROD-104,Smart Edge Gateway,Hardware,East,1,1800,1802.83,950,852.83,224.93,CUST-464,Growth SMB,Medium
TX-12050,2025-10-08,PROD-101,Stratos Enterprise Suite,Cloud Services,South,2,4500,9001.71,2400,6601.71,1057.11,CUST-542,Growth SMB,Low
TX-12051,2025-10-08,PROD-106,Automated ETL Pipeline,Cloud Services,South,1,2900,2813.01,700,2113.01,319.25,CUST-439,Growth SMB,Low
TX-12052,2025-10-08,PROD-102,AI Analytics Engine Pro,Enterprise AI,West,1,8200,7840.9,2100,5740.9,669.55,CUST-397,At-Risk Midmarket,High
TX-12053,2025-10-09,PROD-106,Automated ETL Pipeline,Cloud Services,North,2,2900,5926.24,1400,4526.24,808.18,CUST-431,At-Risk Midmarket,High
TX-12054,2025-10-09,PROD-102,AI Analytics Engine Pro,Enterprise AI,East,1,8200,8526.17,2100,6426.17,887.46,CUST-749,At-Risk Midmarket,High
TX-12055,2025-10-09,PROD-105,Strategic BI Advisory,Advisory,North,1,12000,12004.98,4500,7504.98,1539.69,CUST-233,Growth SMB,Low
TX-12056,2025-10-09,PROD-101,Stratos Enterprise Suite,Cloud Services,Central,2,4500,9364.62,2400,6964.62,861.91,CUST-105,Growth SMB,Medium
TX-12057,2025-10-09,PROD-105,Strategic BI Advisory,Advisory,South,1,12000,12278.84,4500,7778.84,1493.18,CUST-936,High-Value Enterprise,Low
TX-12058,2025-10-09,PROD-102,AI Analytics Engine Pro,Enterprise AI,East,1,8200,8309.86,2100,6209.86,721.95,CUST-401,At-Risk Midmarket,High
TX-12059,2025-10-09,PROD-104,Smart Edge Gateway,Hardware,East,3,1800,5469.97,2850,2619.97,672.75,CUST-360,Growth SMB,Low
TX-12060,2025-10-10,PROD-101,Stratos Enterprise Suite,Cloud Services,APAC,6,4500,26200.31,7200,19000.31,2606.25,CUST-605,High-Value Enterprise,Low
TX-12061,2025-10-10,PROD-106,Automated ETL Pipeline,Cloud Services,South,3,2900,8892.49,2100,6792.49,1114.29,CUST-553,At-Risk Midmarket,High
TX-12062,2025-10-10,PROD-101,Stratos Enterprise Suite,Cloud Services,East,3,4500,13142.46,3600,9542.46,1645.66,CUST-485,Growth SMB,Medium
TX-12063,2025-10-10,PROD-104,Smart Edge Gateway,Hardware,North,1,1800,1788.68,950,838.68,154.97,CUST-631,Growth SMB,Medium
TX-12064,2025-10-10,PROD-101,Stratos Enterprise Suite,Cloud Services,EMEA,2,4500,8608.23,2400,6208.23,763.19,CUST-700,Growth SMB,Low
TX-12065,2025-10-10,PROD-102,AI Analytics Engine Pro,Enterprise AI,West,1,8200,8245.48,2100,6145.48,729.47,CUST-246,Growth SMB,Low
TX-12066,2025-10-10,PROD-105,Strategic BI Advisory,Advisory,South,1,12000,11478.58,4500,6978.58,1518.53,CUST-427,Growth SMB,Low
TX-12067,2025-10-11,PROD-101,Stratos Enterprise Suite,Cloud Services,West,2,4500,9326.32,2400,6926.32,1297.89,CUST-575,High-Value Enterprise,Low
TX-12068,2025-10-11,PROD-103,Legacy Data Server V1,Hardware,West,1,3100,3153.99,2200,953.99,408.23,CUST-751,New Startup,Low
TX-12069,2025-10-11,PROD-102,AI Analytics Engine Pro,Enterprise AI,Central,1,8200,7849.52,2100,5749.52,631.02,CUST-183,At-Risk Midmarket,High
TX-12070,2025-10-11,PROD-101,Stratos Enterprise Suite,Cloud Services,East,2,4500,9441.14,2400,7041.14,924.05,CUST-557,At-Risk Midmarket,High
TX-12071,2025-10-12,PROD-103,Legacy Data Server V1,Hardware,South,1,3100,3089.06,2200,889.06,360.08,CUST-430,Growth SMB,High
TX-12072,2025-10-12,PROD-103,Legacy Data Server V1,Hardware,EMEA,1,3100,3041.9,2200,841.9,404.98,CUST-814,High-Value Enterprise,Low
TX-12073,2025-10-12,PROD-103,Legacy Data Server V1,Hardware,South,1,3100,3176.59,2200,976.59,371.59,CUST-498,Growth SMB,High
TX-12074,2025-10-12,PROD-102,AI Analytics Engine Pro,Enterprise AI,South,1,8200,8141.45,2100,6041.45,1046.56,CUST-412,New Startup,Medium
TX-12075,2025-10-12,PROD-104,Smart Edge Gateway,Hardware,North,1,1800,1711.72,950,761.72,175.99,CUST-354,High-Value Enterprise,Low
TX-12076,2025-10-12,PROD-103,Legacy Data Server V1,Hardware,East,3,3100,9387.3,6600,2787.3,1078.88,CUST-754,At-Risk Midmarket,High
TX-12077,2025-10-13,PROD-104,Smart Edge Gateway,Hardware,North,1,1800,1782.15,950,832.15,150.62,CUST-104,New Startup,Low
TX-12078,2025-10-13,PROD-105,Strategic BI Advisory,Advisory,EMEA,1,12000,12519.14,4500,8019.14,1360.91,CUST-207,At-Risk Midmarket,High
TX-12079,2025-10-13,PROD-106,Automated ETL Pipeline,Cloud Services,West,2,2900,5928.9,1400,4528.9,795.89,CUST-568,Growth SMB,Medium
TX-12080,2025-10-13,PROD-101,Stratos Enterprise Suite,Cloud Services,West,5,4500,23287.69,6000,17287.69,3188.13,CUST-140,Growth SMB,Low
TX-12081,2025-10-13,PROD-104,Smart Edge Gateway,Hardware,Central,5,1800,9321.29,4750,4571.29,1051.16,CUST-682,Growth SMB,Low
TX-12082,2025-10-13,PROD-106,Automated ETL Pipeline,Cloud Services,South,1,2900,2978.45,700,2278.45,245.6,CUST-779,Growth SMB,Low
TX-12083,2025-10-14,PROD-104,Smart Edge Gateway,Hardware,West,1,1800,1841.31,950,891.31,213.82,CUST-786,Growth SMB,Low
TX-12084,2025-10-14,PROD-103,Legacy Data Server V1,Hardware,Central,2,3100,5957.51,4400,1557.51,640.72,CUST-751,At-Risk Midmarket,High
TX-12085,2025-10-14,PROD-102,AI Analytics Engine Pro,Enterprise AI,North,1,8200,8389.45,2100,6289.45,923.43,CUST-198,High-Value Enterprise,Medium
TX-12086,2025-10-14,PROD-105,Strategic BI Advisory,Advisory,West,1,12000,12517.92,4500,8017.92,1712.85,CUST-211,Growth SMB,Low
TX-12087,2025-10-14,PROD-101,Stratos Enterprise Suite,Cloud Services,APAC,2,4500,8876.65,2400,6476.65,1144.57,CUST-903,Growth SMB,Medium
TX-12088,2025-10-15,PROD-101,Stratos Enterprise Suite,Cloud Services,West,1,4500,4607.02,1200,3407.02,494.33,CUST-930,High-Value Enterprise,Low
TX-12089,2025-10-15,PROD-105,Strategic BI Advisory,Advisory,West,1,12000,11421.68,4500,6921.68,1330.8,CUST-713,Growth SMB,Low
TX-12090,2025-10-15,PROD-102,AI Analytics Engine Pro,Enterprise AI,West,1,8200,8554.46,2100,6454.46,1160.35,CUST-873,At-Risk Midmarket,High
TX-12091,2025-10-15,PROD-103,Legacy Data Server V1,Hardware,East,1,3100,3141.57,2200,941.57,416.07,CUST-576,Growth SMB,High
TX-12092,2025-10-15,PROD-101,Stratos Enterprise Suite,Cloud Services,West,1,4500,4353.33,1200,3153.33,475.87,CUST-821,Growth SMB,Low
TX-12093,2025-10-16,PROD-103,Legacy Data Server V1,Hardware,North,1,3100,2989.54,2200,789.54,247.41,CUST-991,Growth SMB,High
TX-12094,2025-10-16,PROD-106,Automated ETL Pipeline,Cloud Services,EMEA,2,2900,5621.66,1400,4221.66,689.01,CUST-521,Growth SMB,Medium
TX-12095,2025-10-16,PROD-104,Smart Edge Gateway,Hardware,North,1,1800,1864.23,950,914.23,169.03,CUST-764,High-Value Enterprise,Low
TX-12096,2025-10-16,PROD-104,Smart Edge Gateway,Hardware,APAC,5,1800,9339.34,4750,4589.34,960.68,CUST-248,High-Value Enterprise,Low
TX-12097,2025-10-16,PROD-103,Legacy Data Server V1,Hardware,North,1,3100,3023.38,2200,823.38,305.56,CUST-978,Growth SMB,High
TX-12098,2025-10-16,PROD-104,Smart Edge Gateway,Hardware,EMEA,1,1800,1732.18,950,782.18,144.79,CUST-813,At-Risk Midmarket,High
TX-12099,2025-10-16,PROD-105,Strategic BI Advisory,Advisory,APAC,1,12000,12598.47,4500,8098.47,1728.3,CUST-276,At-Risk Midmarket,High
TX-12100,2025-10-17,PROD-104,Smart Edge Gateway,Hardware,East,2,1800,3475.0,1900,1575.0,399.43,CUST-568,High-Value Enterprise,Medium
TX-12101,2025-10-17,PROD-106,Automated ETL Pipeline,Cloud Services,North,2,2900,5762.29,1400,4362.29,562.96,CUST-744,New Startup,Low
TX-12102,2025-10-17,PROD-103,Legacy Data Server V1,Hardware,South,1,3100,3190.77,2200,990.77,338.7,CUST-264,High-Value Enterprise,High
TX-12103,2025-10-17,PROD-105,Strategic BI Advisory,Advisory,North,1,12000,12137.32,4500,7637.32,1320.67,CUST-274,High-Value Enterprise,Low
TX-12104,2025-10-17,PROD-102,AI Analytics Engine Pro,Enterprise AI,East,1,8200,8159.98,2100,6059.98,816.13,CUST-995,At-Risk Midmarket,High
TX-12105,2025-10-17,PROD-104,Smart Edge Gateway,Hardware,East,3,1800,5662.86,2850,2812.86,542.63,CUST-587,High-Value Enterprise,Low
TX-12106,2025-10-17,PROD-104,Smart Edge Gateway,Hardware,West,2,1800,3538.9,1900,1638.9,437.03,CUST-505,Growth SMB,Low
TX-12107,2025-10-18,PROD-104,Smart Edge Gateway,Hardware,West,2,1800,3532.1,1900,1632.1,286.86,CUST-714,At-Risk Midmarket,High
TX-12108,2025-10-18,PROD-106,Automated ETL Pipeline,Cloud Services,Central,2,2900,6073.71,1400,4673.71,747.31,CUST-962,At-Risk Midmarket,High
TX-12109,2025-10-18,PROD-106,Automated ETL Pipeline,Cloud Services,North,1,2900,2919.53,700,2219.53,308.72,CUST-694,Growth SMB,Low
TX-12110,2025-10-18,PROD-106,Automated ETL Pipeline,Cloud Services,West,1,2900,2896.35,700,2196.35,379.83,CUST-169,New Startup,Low
TX-12111,2025-10-18,PROD-106,Automated ETL Pipeline,Cloud Services,North,1,2900,3021.09,700,2321.09,287.93,CUST-781,High-Value Enterprise,Medium
TX-12112,2025-10-19,PROD-102,AI Analytics Engine Pro,Enterprise AI,South,2,8200,16739.48,4200,12539.48,1624.82,CUST-161,High-Value Enterprise,Medium
TX-12113,2025-10-19,PROD-106,Automated ETL Pipeline,Cloud Services,North,2,2900,5783.52,1400,4383.52,680.37,CUST-860,High-Value Enterprise,Low
TX-12114,2025-10-19,PROD-101,Stratos Enterprise Suite,Cloud Services,East,1,4500,4633.33,1200,3433.33,418.86,CUST-647,At-Risk Midmarket,High
TX-12115,2025-10-19,PROD-101,Stratos Enterprise Suite,Cloud Services,EMEA,2,4500,8575.75,2400,6175.75,1159.38,CUST-521,Growth SMB,Low
TX-12116,2025-10-20,PROD-106,Automated ETL Pipeline,Cloud Services,North,2,2900,6088.16,1400,4688.16,800.84,CUST-795,High-Value Enterprise,Low
TX-12117,2025-10-20,PROD-104,Smart Edge Gateway,Hardware,West,2,1800,3588.67,1900,1688.67,461.28,CUST-576,Growth SMB,Low
TX-12118,2025-10-20,PROD-106,Automated ETL Pipeline,Cloud Services,North,1,2900,3028.1,700,2328.1,358.17,CUST-829,Growth SMB,Low
TX-12119,2025-10-21,PROD-104,Smart Edge Gateway,Hardware,Central,1,1800,1763.73,950,813.73,195.51,CUST-104,High-Value Enterprise,Low
TX-12120,2025-10-21,PROD-101,Stratos Enterprise Suite,Cloud Services,East,1,4500,4299.82,1200,3099.82,393.65,CUST-352,High-Value Enterprise,Low
TX-12121,2025-10-21,PROD-105,Strategic BI Advisory,Advisory,North,1,12000,12505.85,4500,8005.85,1089.81,CUST-349,At-Risk Midmarket,High
TX-12122,2025-10-21,PROD-104,Smart Edge Gateway,Hardware,South,3,1800,5638.3,2850,2788.3,662.73,CUST-260,Growth SMB,Low
TX-12123,2025-10-21,PROD-106,Automated ETL Pipeline,Cloud Services,South,6,2900,17116.14,4200,12916.14,1777.7,CUST-989,Growth SMB,Low
TX-12124,2025-10-21,PROD-102,AI Analytics Engine Pro,Enterprise AI,North,1,8200,7988.29,2100,5888.29,656.14,CUST-247,New Startup,Low
TX-12125,2025-10-21,PROD-101,Stratos Enterprise Suite,Cloud Services,East,1,4500,4307.06,1200,3107.06,564.72,CUST-892,Growth SMB,Low
TX-12126,2025-10-22,PROD-101,Stratos Enterprise Suite,Cloud Services,Central,1,4500,4452.98,1200,3252.98,584.33,CUST-749,High-Value Enterprise,Medium
TX-12127,2025-10-22,PROD-105,Strategic BI Advisory,Advisory,West,1,12000,12187.76,4500,7687.76,1315.93,CUST-475,High-Value Enterprise,Medium
TX-12128,2025-10-22,PROD-103,Legacy Data Server V1,Hardware,West,1,3100,3067.22,2200,867.22,301.82,CUST-112,Growth SMB,High
TX-12129,2025-10-22,PROD-102,AI Analytics Engine Pro,Enterprise AI,EMEA,2,8200,16733.94,4200,12533.94,1660.27,CUST-855,Growth SMB,Medium
TX-12130,2025-10-22,PROD-102,AI Analytics Engine Pro,Enterprise AI,South,1,8200,7968.93,2100,5868.93,661.24,CUST-263,High-Value Enterprise,Low
TX-12131,2025-10-23,PROD-101,Stratos Enterprise Suite,Cloud Services,East,1,4500,4296.4,1200,3096.4,509.01,CUST-180,Growth SMB,Medium
TX-12132,2025-10-23,PROD-105,Strategic BI Advisory,Advisory,East,1,12000,11617.33,4500,7117.33,960.75,CUST-853,High-Value Enterprise,Low
TX-12133,2025-10-23,PROD-105,Strategic BI Advisory,Advisory,North,1,12000,11944.49,4500,7444.49,1565.76,CUST-719,At-Risk Midmarket,High
TX-12134,2025-10-24,PROD-103,Legacy Data Server V1,Hardware,South,1,3100,3163.58,2200,963.58,393.82,CUST-570,Growth SMB,High
TX-12135,2025-10-24,PROD-105,Strategic BI Advisory,Advisory,West,1,12000,11882.9,4500,7382.9,1287.09,CUST-732,At-Risk Midmarket,High
TX-12136,2025-10-24,PROD-104,Smart Edge Gateway,Hardware,APAC,2,1800,3484.43,1900,1584.43,417.51,CUST-785,Growth SMB,Low
TX-12137,2025-10-25,PROD-105,Strategic BI Advisory,Advisory,North,1,12000,12584.51,4500,8084.51,1229.94,CUST-366,Growth SMB,Low
TX-12138,2025-10-25,PROD-103,Legacy Data Server V1,Hardware,North,1,3100,3248.26,2200,1048.26,391.28,CUST-447,High-Value Enterprise,High
TX-12139,2025-10-25,PROD-102,AI Analytics Engine Pro,Enterprise AI,West,2,8200,16249.33,4200,12049.33,1877.72,CUST-121,At-Risk Midmarket,High
TX-12140,2025-10-25,PROD-106,Automated ETL Pipeline,Cloud Services,APAC,1,2900,2985.36,700,2285.36,303.11,CUST-118,Growth SMB,Low
TX-12141,2025-10-25,PROD-106,Automated ETL Pipeline,Cloud Services,APAC,5,2900,14471.58,3500,10971.58,1250.2,CUST-971,High-Value Enterprise,Low
TX-12142,2025-10-25,PROD-105,Strategic BI Advisory,Advisory,APAC,1,12000,11931.43,4500,7431.43,1013.41,CUST-532,Growth SMB,Low
TX-12143,2025-10-25,PROD-102,AI Analytics Engine Pro,Enterprise AI,EMEA,1,8200,8337.37,2100,6237.37,992.01,CUST-484,Growth SMB,Medium
TX-12144,2025-10-26,PROD-104,Smart Edge Gateway,Hardware,West,1,1800,1757.75,950,807.75,237.57,CUST-549,New Startup,Low
TX-12145,2025-10-26,PROD-101,Stratos Enterprise Suite,Cloud Services,South,2,4500,8927.85,2400,6527.85,1202.55,CUST-452,Growth SMB,Low
TX-12146,2025-10-26,PROD-105,Strategic BI Advisory,Advisory,South,1,12000,12414.12,4500,7914.12,1729.35,CUST-812,At-Risk Midmarket,High
TX-12147,2025-10-26,PROD-101,Stratos Enterprise Suite,Cloud Services,North,1,4500,4309.4,1200,3109.4,494.77,CUST-466,New Startup,Low
TX-12148,2025-10-26,PROD-105,Strategic BI Advisory,Advisory,South,1,12000,11775.99,4500,7275.99,1237.25,CUST-253,Growth SMB,Low
TX-12149,2025-10-26,PROD-103,Legacy Data Server V1,Hardware,North,1,3100,3021.85,2200,821.85,259.04,CUST-361,High-Value Enterprise,Medium
TX-12150,2025-10-27,PROD-106,Automated ETL Pipeline,Cloud Services,West,1,2900,3039.18,700,2339.18,317.27,CUST-775,Growth SMB,Low
TX-12151,2025-10-27,PROD-102,AI Analytics Engine Pro,Enterprise AI,West,2,8200,15969.76,4200,11769.76,1695.17,CUST-427,At-Risk Midmarket,High
TX-12152,2025-10-27,PROD-101,Stratos Enterprise Suite,Cloud Services,APAC,1,4500,4428.7,1200,3228.7,436.49,CUST-935,New Startup,Medium
TX-12153,2025-10-28,PROD-101,Stratos Enterprise Suite,Cloud Services,West,2,4500,8565.86,2400,6165.86,914.33,CUST-680,Growth SMB,Low
TX-12154,2025-10-28,PROD-106,Automated ETL Pipeline,Cloud Services,South,1,2900,2846.58,700,2146.58,360.92,CUST-249,Growth SMB,Medium
TX-12155,2025-10-28,PROD-105,Strategic BI Advisory,Advisory,Central,1,12000,12580.32,4500,8080.32,1435.97,CUST-807,At-Risk Midmarket,High
TX-12156,2025-10-28,PROD-103,Legacy Data Server V1,Hardware,South,1,3100,2970.53,2200,770.53,394.76,CUST-169,At-Risk Midmarket,High
TX-12157,2025-10-28,PROD-102,AI Analytics Engine Pro,Enterprise AI,South,1,8200,8509.27,2100,6409.27,735.67,CUST-612,Growth SMB,Medium
TX-12158,2025-10-28,PROD-103,Legacy Data Server V1,Hardware,North,1,3100,3228.32,2200,1028.32,329.55,CUST-770,High-Value Enterprise,Medium
TX-12159,2025-10-28,PROD-103,Legacy Data Server V1,Hardware,West,1,3100,3084.23,2200,884.23,411.55,CUST-551,At-Risk Midmarket,High
TX-12160,2025-10-29,PROD-102,AI Analytics Engine Pro,Enterprise AI,West,1,8200,8461.55,2100,6361.55,861.27,CUST-326,Growth SMB,Low
TX-12161,2025-10-29,PROD-105,Strategic BI Advisory,Advisory,North,1,12000,12359.47,4500,7859.47,1157.51,CUST-982,Growth SMB,Low
TX-12162,2025-10-29,PROD-101,Stratos Enterprise Suite,Cloud Services,South,1,4500,4535.95,1200,3335.95,467.31,CUST-463,High-Value Enterprise,Medium
TX-12163,2025-10-29,PROD-103,Legacy Data Server V1,Hardware,East,2,3100,6009.37,4400,1609.37,693.49,CUST-257,At-Risk Midmarket,High
TX-12164,2025-10-29,PROD-104,Smart Edge Gateway,Hardware,South,2,1800,3473.18,1900,1573.18,343.48,CUST-448,High-Value Enterprise,Low
TX-12165,2025-10-30,PROD-106,Automated ETL Pipeline,Cloud Services,APAC,2,2900,5626.75,1400,4226.75,600.99,CUST-423,At-Risk Midmarket,High
TX-12166,2025-10-30,PROD-101,Stratos Enterprise Suite,Cloud Services,Central,3,4500,13796.2,3600,10196.2,1567.18,CUST-576,Growth SMB,Low
TX-12167,2025-10-30,PROD-101,Stratos Enterprise Suite,Cloud Services,North,1,4500,4331.61,1200,3131.61,593.42,CUST-653,Growth SMB,Low
TX-12168,2025-10-30,PROD-105,Strategic BI Advisory,Advisory,North,1,12000,11473.17,4500,6973.17,1293.39,CUST-646,Growth SMB,Low
TX-12169,2025-10-30,PROD-106,Automated ETL Pipeline,Cloud Services,West,1,2900,2771.48,700,2071.48,256.08,CUST-772,New Startup,Low
TX-12170,2025-10-30,PROD-105,Strategic BI Advisory,Advisory,Central,1,12000,11448.13,4500,6948.13,1295.97,CUST-924,Growth SMB,Low
TX-12171,2025-10-30,PROD-105,Strategic BI Advisory,Advisory,APAC,1,12000,11416.9,4500,6916.9,1344.85,CUST-517,High-Value Enterprise,Low
TX-12172,2025-10-31,PROD-103,Legacy Data Server V1,Hardware,APAC,1,3100,3170.48,2200,970.48,344.8,CUST-858,Growth SMB,Low
TX-12173,2025-10-31,PROD-103,Legacy Data Server V1,Hardware,East,2,3100,6509.34,4400,2109.34,792.16,CUST-957,High-Value Enterprise,High
TX-12174,2025-10-31,PROD-103,Legacy Data Server V1,Hardware,West,1,3100,3024.66,2200,824.66,297.71,CUST-937,At-Risk Midmarket,High
TX-12175,2025-10-31,PROD-104,Smart Edge Gateway,Hardware,North,2,1800,3687.95,1900,1787.95,385.42,CUST-116,Growth SMB,Medium
TX-12176,2025-10-31,PROD-102,AI Analytics Engine Pro,Enterprise AI,South,1,8200,8454.3,2100,6354.3,1065.72,CUST-539,Growth SMB,Medium
TX-12177,2025-11-01,PROD-101,Stratos Enterprise Suite,Cloud Services,Central,1,4500,4301.67,1200,3101.67,431.24,CUST-893,At-Risk Midmarket,High
TX-12178,2025-11-01,PROD-106,Automated ETL Pipeline,Cloud Services,West,1,2900,2852.54,700,2152.54,310.63,CUST-139,Growth SMB,Low
TX-12179,2025-11-01,PROD-104,Smart Edge Gateway,Hardware,APAC,1,1800,1730.46,950,780.46,216.67,CUST-322,Growth SMB,Low
TX-12180,2025-11-01,PROD-101,Stratos Enterprise Suite,Cloud Services,North,1,4500,4488.13,1200,3288.13,441.41,CUST-957,Growth SMB,Low
TX-12181,2025-11-01,PROD-101,Stratos Enterprise Suite,Cloud Services,West,1,4500,4373.11,1200,3173.11,602.13,CUST-973,Growth SMB,Low
TX-12182,2025-11-01,PROD-102,AI Analytics Engine Pro,Enterprise AI,Central,1,8200,8393.71,2100,6293.71,1040.26,CUST-868,Growth SMB,Medium
TX-12183,2025-11-01,PROD-104,Smart Edge Gateway,Hardware,West,1,1800,1756.66,950,806.66,173.12,CUST-343,High-Value Enterprise,Medium
TX-12184,2025-11-02,PROD-103,Legacy Data Server V1,Hardware,North,1,3100,3146.22,2200,946.22,309.7,CUST-270,High-Value Enterprise,Low
TX-12185,2025-11-02,PROD-104,Smart Edge Gateway,Hardware,West,4,1800,6860.69,3800,3060.69,619.16,CUST-259,High-Value Enterprise,Medium
TX-12186,2025-11-02,PROD-101,Stratos Enterprise Suite,Cloud Services,West,1,4500,4681.98,1200,3481.98,630.05,CUST-568,Growth SMB,Low
TX-12187,2025-11-02,PROD-104,Smart Edge Gateway,Hardware,West,1,1800,1807.11,950,857.11,199.66,CUST-594,Growth SMB,Low
TX-12188,2025-11-02,PROD-101,Stratos Enterprise Suite,Cloud Services,West,3,4500,14143.16,3600,10543.16,1336.85,CUST-844,Growth SMB,Low
TX-12189,2025-11-02,PROD-103,Legacy Data Server V1,Hardware,East,1,3100,2953.69,2200,753.69,342.6,CUST-858,Growth SMB,Medium
TX-12190,2025-11-03,PROD-103,Legacy Data Server V1,Hardware,South,1,3100,3099.81,2200,899.81,271.82,CUST-727,At-Risk Midmarket,High
TX-12191,2025-11-03,PROD-104,Smart Edge Gateway,Hardware,EMEA,4,1800,6938.2,3800,3138.2,871.04,CUST-867,Growth SMB,Medium
TX-12192,2025-11-03,PROD-106,Automated ETL Pipeline,Cloud Services,West,3,2900,8811.57,2100,6711.57,952.68,CUST-455,At-Risk Midmarket,High
TX-12193,2025-11-03,PROD-103,Legacy Data Server V1,Hardware,West,1,3100,2953.56,2200,753.56,379.9,CUST-136,New Startup,Medium
TX-12194,2025-11-03,PROD-106,Automated ETL Pipeline,Cloud Services,West,3,2900,8722.58,2100,6622.58,731.85,CUST-881,New Startup,Low
TX-12195,2025-11-03,PROD-104,Smart Edge Gateway,Hardware,North,3,1800,5468.91,2850,2618.91,690.13,CUST-290,At-Risk Midmarket,High
TX-12196,2025-11-04,PROD-106,Automated ETL Pipeline,Cloud Services,North,1,2900,2987.15,700,2287.15,326.54,CUST-167,At-Risk Midmarket,High
TX-12197,2025-11-04,PROD-104,Smart Edge Gateway,Hardware,East,1,1800,1782.34,950,832.34,222.0,CUST-836,New Startup,Low
TX-12198,2025-11-04,PROD-104,Smart Edge Gateway,Hardware,West,6,1800,10304.57,5700,4604.57,1430.16,CUST-804,At-Risk Midmarket,High
TX-12199,2025-11-04,PROD-103,Legacy Data Server V1,Hardware,EMEA,4,3100,12171.0,8800,3371.0,1633.02,CUST-836,High-Value Enterprise,High
TX-12200,2025-11-04,PROD-104,Smart Edge Gateway,Hardware,West,3,1800,5203.3,2850,2353.3,475.83,CUST-742,Growth SMB,Medium
TX-12201,2025-11-04,PROD-103,Legacy Data Server V1,Hardware,North,1,3100,3027.3,2200,827.3,416.02,CUST-206,Growth SMB,High
TX-12202,2025-11-05,PROD-103,Legacy Data Server V1,Hardware,North,1,3100,3218.18,2200,1018.18,402.2,CUST-707,Growth SMB,High
TX-12203,2025-11-05,PROD-102,AI Analytics Engine Pro,Enterprise AI,East,1,8200,7902.27,2100,5802.27,975.89,CUST-313,High-Value Enterprise,Low
TX-12204,2025-11-05,PROD-101,Stratos Enterprise Suite,Cloud Services,West,1,4500,4416.66,1200,3216.66,438.16,CUST-261,Growth SMB,Low
TX-12205,2025-11-05,PROD-104,Smart Edge Gateway,Hardware,Central,1,1800,1839.45,950,889.45,220.94,CUST-191,At-Risk Midmarket,High
TX-12206,2025-11-05,PROD-103,Legacy Data Server V1,Hardware,North,1,3100,3058.42,2200,858.42,390.32,CUST-422,High-Value Enterprise,Low
TX-12207,2025-11-05,PROD-105,Strategic BI Advisory,Advisory,North,1,12000,11800.89,4500,7300.89,1331.24,CUST-881,At-Risk Midmarket,High
TX-12208,2025-11-05,PROD-106,Automated ETL Pipeline,Cloud Services,West,3,2900,9074.86,2100,6974.86,1014.94,CUST-726,Growth SMB,Medium
TX-12209,2025-11-06,PROD-102,AI Analytics Engine Pro,Enterprise AI,South,1,8200,8567.63,2100,6467.63,964.62,CUST-338,Growth SMB,Low
TX-12210,2025-11-06,PROD-106,Automated ETL Pipeline,Cloud Services,East,3,2900,8397.88,2100,6297.88,855.15,CUST-173,Growth SMB,Medium
TX-12211,2025-11-06,PROD-101,Stratos Enterprise Suite,Cloud Services,South,1,4500,4611.29,1200,3411.29,575.74,CUST-514,Growth SMB,Medium
TX-12212,2025-11-06,PROD-102,AI Analytics Engine Pro,Enterprise AI,Central,1,8200,8191.97,2100,6091.97,776.45,CUST-102,Growth SMB,Low
TX-12213,2025-11-06,PROD-101,Stratos Enterprise Suite,Cloud Services,Central,3,4500,13410.49,3600,9810.49,1571.98,CUST-359,High-Value Enterprise,Medium
TX-12214,2025-11-06,PROD-103,Legacy Data Server V1,Hardware,EMEA,1,3100,3108.8,2200,908.8,271.6,CUST-915,High-Value Enterprise,Low
TX-12215,2025-11-06,PROD-106,Automated ETL Pipeline,Cloud Services,EMEA,4,2900,11270.93,2800,8470.93,1243.75,CUST-496,New Startup,Medium
TX-12216,2025-11-07,PROD-105,Strategic BI Advisory,Advisory,West,1,12000,12560.39,4500,8060.39,1583.01,CUST-600,Growth SMB,Medium
TX-12217,2025-11-07,PROD-105,Strategic BI Advisory,Advisory,South,1,12000,11400.01,4500,6900.01,1087.27,CUST-121,At-Risk Midmarket,High
TX-12218,2025-11-07,PROD-106,Automated ETL Pipeline,Cloud Services,Central,1,2900,2915.86,700,2215.86,274.9,CUST-628,Growth SMB,Low
TX-12219,2025-11-07,PROD-106,Automated ETL Pipeline,Cloud Services,West,4,2900,12054.16,2800,9254.16,1015.99,CUST-550,New Startup,Medium
TX-12220,2025-11-07,PROD-102,AI Analytics Engine Pro,Enterprise AI,North,3,8200,23735.65,6300,17435.65,2401.51,CUST-792,Growth SMB,Medium
TX-12221,2025-11-08,PROD-106,Automated ETL Pipeline,Cloud Services,West,1,2900,2972.69,700,2272.69,281.48,CUST-604,At-Risk Midmarket,High
TX-12222,2025-11-08,PROD-106,Automated ETL Pipeline,Cloud Services,APAC,6,2900,18124.56,4200,13924.56,1871.83,CUST-965,Growth SMB,Medium
TX-12223,2025-11-08,PROD-104,Smart Edge Gateway,Hardware,West,1,1800,1871.97,950,921.97,150.2,CUST-552,New Startup,Low
TX-12224,2025-11-08,PROD-103,Legacy Data Server V1,Hardware,Central,1,3100,3036.43,2200,836.43,267.27,CUST-306,High-Value Enterprise,High
TX-12225,2025-11-08,PROD-104,Smart Edge Gateway,Hardware,South,3,1800,5260.61,2850,2410.61,556.88,CUST-377,Growth SMB,Low
TX-12226,2025-11-08,PROD-106,Automated ETL Pipeline,Cloud Services,Central,4,2900,11929.98,2800,9129.98,1490.61,CUST-167,Growth SMB,Medium
TX-12227,2025-11-08,PROD-105,Strategic BI Advisory,Advisory,West,1,12000,12386.57,4500,7886.57,1342.39,CUST-982,High-Value Enterprise,Low
TX-12228,2025-11-09,PROD-103,Legacy Data Server V1,Hardware,APAC,1,3100,3234.82,2200,1034.82,450.76,CUST-755,At-Risk Midmarket,High
TX-12229,2025-11-09,PROD-104,Smart Edge Gateway,Hardware,West,3,1800,5443.59,2850,2593.59,661.48,CUST-501,At-Risk Midmarket,High
TX-12230,2025-11-09,PROD-105,Strategic BI Advisory,Advisory,APAC,1,12000,12396.91,4500,7896.91,1309.57,CUST-914,New Startup,Low
TX-12231,2025-11-09,PROD-102,AI Analytics Engine Pro,Enterprise AI,West,1,8200,7821.13,2100,5721.13,854.94,CUST-547,At-Risk Midmarket,High
TX-12232,2025-11-09,PROD-104,Smart Edge Gateway,Hardware,APAC,1,1800,1756.34,950,806.34,238.05,CUST-851,Growth SMB,Medium
TX-12233,2025-11-10,PROD-104,Smart Edge Gateway,Hardware,APAC,7,1800,12644.6,6650,5994.6,1221.94,CUST-380,At-Risk Midmarket,High
TX-12234,2025-11-10,PROD-105,Strategic BI Advisory,Advisory,East,1,12000,11877.02,4500,7377.02,1625.59,CUST-498,New Startup,Low
TX-12235,2025-11-10,PROD-103,Legacy Data Server V1,Hardware,EMEA,1,3100,3145.55,2200,945.55,415.77,CUST-342,New Startup,High
TX-12236,2025-11-11,PROD-105,Strategic BI Advisory,Advisory,North,1,12000,11691.67,4500,7191.67,1353.21,CUST-961,Growth SMB,Low
TX-12237,2025-11-11,PROD-103,Legacy Data Server V1,Hardware,South,1,3100,2955.35,2200,755.35,307.96,CUST-805,New Startup,Medium
TX-12238,2025-11-11,PROD-102,AI Analytics Engine Pro,Enterprise AI,South,1,8200,8148.73,2100,6048.73,663.17,CUST-773,At-Risk Midmarket,High
TX-12239,2025-11-11,PROD-101,Stratos Enterprise Suite,Cloud Services,Central,1,4500,4550.02,1200,3350.02,545.89,CUST-393,Growth SMB,Low
TX-12240,2025-11-11,PROD-106,Automated ETL Pipeline,Cloud Services,South,3,2900,8352.56,2100,6252.56,802.45,CUST-121,High-Value Enterprise,Low
TX-12241,2025-11-11,PROD-106,Automated ETL Pipeline,Cloud Services,East,3,2900,8767.7,2100,6667.7,761.26,CUST-442,Growth SMB,Low
TX-12242,2025-11-11,PROD-103,Legacy Data Server V1,Hardware,East,1,3100,2949.33,2200,749.33,313.6,CUST-290,New Startup,High
TX-12243,2025-11-12,PROD-106,Automated ETL Pipeline,Cloud Services,South,6,2900,17146.81,4200,12946.81,2208.12,CUST-747,Growth SMB,Low
TX-12244,2025-11-12,PROD-103,Legacy Data Server V1,Hardware,East,1,3100,3022.66,2200,822.66,305.97,CUST-324,High-Value Enterprise,High
TX-12245,2025-11-12,PROD-103,Legacy Data Server V1,Hardware,West,1,3100,3164.78,2200,964.78,294.74,CUST-554,Growth SMB,High
TX-12246,2025-11-12,PROD-106,Automated ETL Pipeline,Cloud Services,APAC,3,2900,8622.23,2100,6522.23,1177.18,CUST-895,High-Value Enterprise,Medium
TX-12247,2025-11-13,PROD-104,Smart Edge Gateway,Hardware,West,1,1800,1752.93,950,802.93,188.83,CUST-434,Growth SMB,Medium
TX-12248,2025-11-13,PROD-104,Smart Edge Gateway,Hardware,South,3,1800,5589.5,2850,2739.5,660.67,CUST-558,New Startup,Medium
TX-12249,2025-11-13,PROD-105,Strategic BI Advisory,Advisory,North,1,12000,11426.42,4500,6926.42,1059.38,CUST-440,Growth SMB,Low
TX-12250,2025-11-14,PROD-103,Legacy Data Server V1,Hardware,Central,1,3100,3020.55,2200,820.55,288.14,CUST-347,High-Value Enterprise,High
TX-12251,2025-11-14,PROD-106,Automated ETL Pipeline,Cloud Services,West,3,2900,8479.86,2100,6379.86,886.49,CUST-976,Growth SMB,Low
TX-12252,2025-11-14,PROD-105,Strategic BI Advisory,Advisory,North,1,12000,11427.2,4500,6927.2,1546.79,CUST-275,Growth SMB,Medium
TX-12253,2025-11-15,PROD-104,Smart Edge Gateway,Hardware,West,3,1800,5175.79,2850,2325.79,680.71,CUST-717,At-Risk Midmarket,High
TX-12254,2025-11-15,PROD-104,Smart Edge Gateway,Hardware,APAC,1,1800,1869.46,950,919.46,169.13,CUST-948,Growth SMB,Low
TX-12255,2025-11-15,PROD-106,Automated ETL Pipeline,Cloud Services,North,1,2900,2821.72,700,2121.72,296.76,CUST-757,Growth SMB,Low
TX-12256,2025-11-15,PROD-105,Strategic BI Advisory,Advisory,APAC,1,12000,12583.52,4500,8083.52,1018.02,CUST-359,High-Value Enterprise,Low
TX-12257,2025-11-15,PROD-103,Legacy Data Server V1,Hardware,South,1,3100,3177.32,2200,977.32,377.35,CUST-615,At-Risk Midmarket,High
TX-12258,2025-11-15,PROD-105,Strategic BI Advisory,Advisory,West,1,12000,12249.84,4500,7749.84,1222.77,CUST-854,New Startup,Low
TX-12259,2025-11-15,PROD-104,Smart Edge Gateway,Hardware,East,1,1800,1783.59,950,833.59,176.67,CUST-634,High-Value Enterprise,Medium
TX-12260,2025-11-16,PROD-103,Legacy Data Server V1,Hardware,West,1,3100,3120.77,2200,920.77,387.28,CUST-870,New Startup,Medium
TX-12261,2025-11-16,PROD-104,Smart Edge Gateway,Hardware,North,1,1800,1884.54,950,934.54,224.94,CUST-389,At-Risk Midmarket,High
TX-12262,2025-11-16,PROD-104,Smart Edge Gateway,Hardware,East,1,1800,1790.25,950,840.25,179.76,CUST-446,High-Value Enterprise,Medium
TX-12263,2025-11-16,PROD-103,Legacy Data Server V1,Hardware,West,1,3100,2975.77,2200,775.77,390.33,CUST-854,New Startup,Medium
TX-12264,2025-11-16,PROD-106,Automated ETL Pipeline,Cloud Services,Central,1,2900,3014.64,700,2314.64,384.52,CUST-794,New Startup,Low
TX-12265,2025-11-16,PROD-103,Legacy Data Server V1,Hardware,Central,1,3100,3123.91,2200,923.91,299.58,CUST-519,High-Value Enterprise,High
TX-12266,2025-11-16,PROD-103,Legacy Data Server V1,Hardware,North,1,3100,3130.09,2200,930.09,314.61,CUST-174,At-Risk Midmarket,High
TX-12267,2025-11-17,PROD-106,Automated ETL Pipeline,Cloud Services,South,4,2900,11645.67,2800,8845.67,1197.25,CUST-357,High-Value Enterprise,Low
TX-12268,2025-11-17,PROD-102,AI Analytics Engine Pro,Enterprise AI,South,3,8200,23450.53,6300,17150.53,2223.31,CUST-308,High-Value Enterprise,Medium
TX-12269,2025-11-17,PROD-105,Strategic BI Advisory,Advisory,APAC,1,12000,11956.93,4500,7456.93,1170.1,CUST-486,High-Value Enterprise,Low
TX-12270,2025-11-17,PROD-105,Strategic BI Advisory,Advisory,East,1,12000,12027.02,4500,7527.02,1395.29,CUST-157,New Startup,Medium
TX-12271,2025-11-17,PROD-106,Automated ETL Pipeline,Cloud Services,West,3,2900,9119.05,2100,7019.05,999.26,CUST-498,New Startup,Low
TX-12272,2025-11-17,PROD-104,Smart Edge Gateway,Hardware,APAC,1,1800,1758.43,950,808.43,241.8,CUST-927,Growth SMB,Low
TX-12273,2025-11-18,PROD-105,Strategic BI Advisory,Advisory,North,1,12000,11946.44,4500,7446.44,1352.64,CUST-417,High-Value Enterprise,Low
TX-12274,2025-11-18,PROD-103,Legacy Data Server V1,Hardware,South,3,3100,9571.94,6600,2971.94,1167.25,CUST-746,At-Risk Midmarket,High
TX-12275,2025-11-18,PROD-104,Smart Edge Gateway,Hardware,West,3,1800,5311.19,2850,2461.19,573.55,CUST-270,At-Risk Midmarket,High
TX-12276,2025-11-18,PROD-102,AI Analytics Engine Pro,Enterprise AI,South,3,8200,23418.7,6300,17118.7,2839.4,CUST-756,Growth SMB,Low
TX-12277,2025-11-18,PROD-105,Strategic BI Advisory,Advisory,West,1,12000,12076.69,4500,7576.69,1236.97,CUST-270,At-Risk Midmarket,High
TX-12278,2025-11-19,PROD-105,Strategic BI Advisory,Advisory,East,1,12000,11804.38,4500,7304.38,1557.26,CUST-786,High-Value Enterprise,Medium
TX-12279,2025-11-19,PROD-104,Smart Edge Gateway,Hardware,Central,4,1800,7377.06,3800,3577.06,874.66,CUST-617,New Startup,Medium
TX-12280,2025-11-19,PROD-103,Legacy Data Server V1,Hardware,North,1,3100,3139.07,2200,939.07,281.03,CUST-142,New Startup,Low
TX-12281,2025-11-19,PROD-106,Automated ETL Pipeline,Cloud Services,EMEA,1,2900,2898.45,700,2198.45,262.3,CUST-898,Growth SMB,Medium
TX-12282,2025-11-19,PROD-101,Stratos Enterprise Suite,Cloud Services,North,3,4500,13534.55,3600,9934.55,1195.6,CUST-913,Growth SMB,Medium
TX-12283,2025-11-20,PROD-103,Legacy Data Server V1,Hardware,South,1,3100,3207.95,2200,1007.95,439.69,CUST-335,Growth SMB,High
TX-12284,2025-11-20,PROD-105,Strategic BI Advisory,Advisory,EMEA,1,12000,11783.6,4500,7283.6,1270.21,CUST-457,Growth SMB,Low
TX-12285,2025-11-20,PROD-101,Stratos Enterprise Suite,Cloud Services,South,4,4500,18042.76,4800,13242.76,2193.24,CUST-956,High-Value Enterprise,Medium
TX-12286,2025-11-20,PROD-106,Automated ETL Pipeline,Cloud Services,North,1,2900,3037.21,700,2337.21,295.19,CUST-246,High-Value Enterprise,Low
TX-12287,2025-11-20,PROD-106,Automated ETL Pipeline,Cloud Services,East,3,2900,8514.12,2100,6414.12,1131.68,CUST-894,Growth SMB,Low
TX-12288,2025-11-20,PROD-104,Smart Edge Gateway,Hardware,South,4,1800,7545.58,3800,3745.58,768.07,CUST-754,Growth SMB,Medium
TX-12289,2025-11-21,PROD-105,Strategic BI Advisory,Advisory,North,1,12000,12231.75,4500,7731.75,1272.03,CUST-772,Growth SMB,Medium
TX-12290,2025-11-21,PROD-101,Stratos Enterprise Suite,Cloud Services,South,3,4500,12844.16,3600,9244.16,1365.44,CUST-980,At-Risk Midmarket,High
TX-12291,2025-11-21,PROD-103,Legacy Data Server V1,Hardware,EMEA,1,3100,2953.17,2200,753.17,382.53,CUST-205,At-Risk Midmarket,High
TX-12292,2025-11-21,PROD-103,Legacy Data Server V1,Hardware,North,1,3100,2984.85,2200,784.85,308.01,CUST-896,New Startup,Medium
TX-12293,2025-11-21,PROD-102,AI Analytics Engine Pro,Enterprise AI,APAC,1,8200,8015.99,2100,5915.99,966.78,CUST-983,Growth SMB,Medium
TX-12294,2025-11-22,PROD-106,Automated ETL Pipeline,Cloud Services,East,6,2900,17898.27,4200,13698.27,1637.02,CUST-626,Growth SMB,Low
TX-12295,2025-11-22,PROD-104,Smart Edge Gateway,Hardware,South,4,1800,7391.43,3800,3591.43,693.26,CUST-562,High-Value Enterprise,Medium
TX-12296,2025-11-22,PROD-104,Smart Edge Gateway,Hardware,APAC,1,1800,1762.76,950,812.76,202.55,CUST-364,High-Value Enterprise,Low
TX-12297,2025-11-23,PROD-104,Smart Edge Gateway,Hardware,South,3,1800,5211.67,2850,2361.67,462.14,CUST-660,High-Value Enterprise,Medium
TX-12298,2025-11-23,PROD-103,Legacy Data Server V1,Hardware,East,1,3100,3177.87,2200,977.87,282.9,CUST-265,Growth SMB,High
TX-12299,2025-11-23,PROD-106,Automated ETL Pipeline,Cloud Services,Central,1,2900,3030.53,700,2330.53,370.22,CUST-405,High-Value Enterprise,Low
TX-12300,2025-11-23,PROD-104,Smart Edge Gateway,Hardware,APAC,1,1800,1819.86,950,869.86,254.33,CUST-815,At-Risk Midmarket,High
TX-12301,2025-11-24,PROD-101,Stratos Enterprise Suite,Cloud Services,South,3,4500,13787.42,3600,10187.42,1746.24,CUST-193,Growth SMB,Low
TX-12302,2025-11-24,PROD-103,Legacy Data Server V1,Hardware,East,1,3100,2998.42,2200,798.42,243.11,CUST-688,New Startup,Low
TX-12303,2025-11-24,PROD-102,AI Analytics Engine Pro,Enterprise AI,South,1,8200,8348.72,2100,6248.72,1131.07,CUST-693,New Startup,Low
TX-12304,2025-11-24,PROD-104,Smart Edge Gateway,Hardware,North,1,1800,1789.79,950,839.79,182.81,CUST-589,Growth SMB,Low
TX-12305,2025-11-24,PROD-101,Stratos Enterprise Suite,Cloud Services,North,1,4500,4623.66,1200,3423.66,492.9,CUST-874,Growth SMB,Low
TX-12306,2025-11-24,PROD-105,Strategic BI Advisory,Advisory,APAC,1,12000,11595.52,4500,7095.52,1081.15,CUST-593,Growth SMB,Low
TX-12307,2025-11-25,PROD-103,Legacy Data Server V1,Hardware,North,1,3100,3138.21,2200,938.21,333.91,CUST-520,Growth SMB,High
TX-12308,2025-11-25,PROD-101,Stratos Enterprise Suite,Cloud Services,EMEA,1,4500,4601.6,1200,3401.6,460.99,CUST-317,New Startup,Medium
TX-12309,2025-11-25,PROD-104,Smart Edge Gateway,Hardware,APAC,3,1800,5465.85,2850,2615.85,754.22,CUST-418,At-Risk Midmarket,High
TX-12310,2025-11-25,PROD-103,Legacy Data Server V1,Hardware,North,1,3100,3193.31,2200,993.31,395.06,CUST-660,Growth SMB,Medium
TX-12311,2025-11-25,PROD-101,Stratos Enterprise Suite,Cloud Services,North,3,4500,14136.99,3600,10536.99,1282.6,CUST-319,Growth SMB,Low
TX-12312,2025-11-25,PROD-102,AI Analytics Engine Pro,Enterprise AI,EMEA,1,8200,8120.86,2100,6020.86,767.73,CUST-829,At-Risk Midmarket,High
TX-12313,2025-11-26,PROD-105,Strategic BI Advisory,Advisory,West,1,12000,11846.89,4500,7346.89,1183.56,CUST-649,New Startup,Low
TX-12314,2025-11-26,PROD-101,Stratos Enterprise Suite,Cloud Services,East,3,4500,13243.71,3600,9643.71,1404.6,CUST-898,Growth SMB,Low
TX-12315,2025-11-26,PROD-101,Stratos Enterprise Suite,Cloud Services,West,1,4500,4374.11,1200,3174.11,524.6,CUST-454,At-Risk Midmarket,High
TX-12316,2025-11-26,PROD-101,Stratos Enterprise Suite,Cloud Services,West,3,4500,13644.53,3600,10044.53,1330.18,CUST-660,Growth SMB,Medium
TX-12317,2025-11-27,PROD-104,Smart Edge Gateway,Hardware,North,1,1800,1802.22,950,852.22,196.27,CUST-929,Growth SMB,Low
TX-12318,2025-11-27,PROD-105,Strategic BI Advisory,Advisory,North,1,12000,11525.63,4500,7025.63,1055.54,CUST-235,New Startup,Low
TX-12319,2025-11-27,PROD-102,AI Analytics Engine Pro,Enterprise AI,West,4,8200,34045.73,8400,25645.73,3632.0,CUST-969,Growth SMB,Low
TX-12320,2025-11-27,PROD-103,Legacy Data Server V1,Hardware,West,1,3100,3135.94,2200,935.94,418.49,CUST-723,New Startup,Low
TX-12321,2025-11-27,PROD-102,AI Analytics Engine Pro,Enterprise AI,North,4,8200,33520.87,8400,25120.87,3263.13,CUST-937,Growth SMB,Medium
TX-12322,2025-11-28,PROD-102,AI Analytics Engine Pro,Enterprise AI,South,1,8200,8493.93,2100,6393.93,704.92,CUST-534,High-Value Enterprise,Medium
TX-12323,2025-11-28,PROD-101,Stratos Enterprise Suite,Cloud Services,APAC,1,4500,4597.0,1200,3397.0,455.77,CUST-114,Growth SMB,Medium
TX-12324,2025-11-28,PROD-104,Smart Edge Gateway,Hardware,South,3,1800,5580.95,2850,2730.95,638.27,CUST-776,New Startup,Medium
TX-12325,2025-11-28,PROD-103,Legacy Data Server V1,Hardware,North,1,3100,3162.09,2200,962.09,442.36,CUST-898,High-Value Enterprise,High
TX-12326,2025-11-28,PROD-103,Legacy Data Server V1,Hardware,South,1,3100,2961.42,2200,761.42,250.84,CUST-997,At-Risk Midmarket,High
TX-12327,2025-11-29,PROD-105,Strategic BI Advisory,Advisory,West,1,12000,12330.5,4500,7830.5,1374.73,CUST-411,Growth SMB,Low
TX-12328,2025-11-29,PROD-103,Legacy Data Server V1,Hardware,North,1,3100,3154.01,2200,954.01,382.18,CUST-386,Growth SMB,High
TX-12329,2025-11-29,PROD-106,Automated ETL Pipeline,Cloud Services,North,3,2900,8432.73,2100,6332.73,741.68,CUST-132,New Startup,Medium
TX-12330,2025-11-30,PROD-106,Automated ETL Pipeline,Cloud Services,APAC,4,2900,11986.9,2800,9186.9,1378.99,CUST-494,Growth SMB,Low
TX-12331,2025-11-30,PROD-103,Legacy Data Server V1,Hardware,EMEA,1,3100,3024.92,2200,824.92,249.21,CUST-109,Growth SMB,High
TX-12332,2025-11-30,PROD-104,Smart Edge Gateway,Hardware,South,6,1800,10873.73,5700,5173.73,872.51,CUST-645,Growth SMB,Medium
TX-12333,2025-11-30,PROD-102,AI Analytics Engine Pro,Enterprise AI,West,1,8200,8061.67,2100,5961.67,646.53,CUST-297,High-Value Enterprise,Low
TX-12334,2025-12-01,PROD-101,Stratos Enterprise Suite,Cloud Services,North,6,4500,26581.32,7200,19381.32,3439.7,CUST-139,High-Value Enterprise,Low
TX-12335,2025-12-01,PROD-105,Strategic BI Advisory,Advisory,EMEA,3,12000,37738.37,13500,24238.37,3100.23,CUST-827,High-Value Enterprise,Low
TX-12336,2025-12-01,PROD-106,Automated ETL Pipeline,Cloud Services,North,3,2900,8606.55,2100,6506.55,782.42,CUST-211,Growth SMB,Low
TX-12337,2025-12-01,PROD-104,Smart Edge Gateway,Hardware,West,3,1800,5664.35,2850,2814.35,707.93,CUST-391,Growth SMB,Low
TX-12338,2025-12-01,PROD-102,AI Analytics Engine Pro,Enterprise AI,North,1,8200,8194.73,2100,6094.73,870.26,CUST-408,Growth SMB,Medium
TX-12339,2025-12-01,PROD-101,Stratos Enterprise Suite,Cloud Services,North,4,4500,17526.03,4800,12726.03,2007.01,CUST-787,High-Value Enterprise,Low
TX-12340,2025-12-02,PROD-104,Smart Edge Gateway,Hardware,West,1,1800,1781.74,950,831.74,151.31,CUST-383,Growth SMB,Low
TX-12341,2025-12-02,PROD-104,Smart Edge Gateway,Hardware,North,1,1800,1887.02,950,937.02,191.53,CUST-549,High-Value Enterprise,Low
TX-12342,2025-12-02,PROD-105,Strategic BI Advisory,Advisory,EMEA,1,12000,12025.85,4500,7525.85,1430.21,CUST-376,Growth SMB,Low
TX-12343,2025-12-03,PROD-105,Strategic BI Advisory,Advisory,West,1,12000,11922.55,4500,7422.55,956.64,CUST-603,Growth SMB,Low
TX-12344,2025-12-03,PROD-102,AI Analytics Engine Pro,Enterprise AI,South,1,8200,8600.57,2100,6500.57,1054.44,CUST-293,New Startup,Low
TX-12345,2025-12-03,PROD-102,AI Analytics Engine Pro,Enterprise AI,East,1,8200,8299.32,2100,6199.32,801.06,CUST-945,Growth SMB,Low
TX-12346,2025-12-03,PROD-106,Automated ETL Pipeline,Cloud Services,West,1,2900,3014.07,700,2314.07,351.7,CUST-879,Growth SMB,Low
TX-12347,2025-12-04,PROD-101,Stratos Enterprise Suite,Cloud Services,East,3,4500,13665.52,3600,10065.52,1247.5,CUST-892,Growth SMB,Medium
TX-12348,2025-12-04,PROD-101,Stratos Enterprise Suite,Cloud Services,West,3,4500,13646.3,3600,10046.3,1494.12,CUST-168,High-Value Enterprise,Low
TX-12349,2025-12-04,PROD-105,Strategic BI Advisory,Advisory,APAC,1,12000,11779.8,4500,7279.8,1490.5,CUST-985,Growth SMB,Low
TX-12350,2025-12-04,PROD-106,Automated ETL Pipeline,Cloud Services,Central,4,2900,11800.02,2800,9000.02,1128.96,CUST-152,Growth SMB,Low
TX-12351,2025-12-04,PROD-104,Smart Edge Gateway,Hardware,West,1,1800,1884.85,950,934.85,186.83,CUST-246,At-Risk Midmarket,High
TX-12352,2025-12-04,PROD-103,Legacy Data Server V1,Hardware,South,1,3100,3053.44,2200,853.44,331.02,CUST-584,Growth SMB,High
TX-12353,2025-12-05,PROD-103,Legacy Data Server V1,Hardware,North,1,3100,3039.86,2200,839.86,314.75,CUST-864,High-Value Enterprise,Low
TX-12354,2025-12-05,PROD-103,Legacy Data Server V1,Hardware,North,1,3100,3131.73,2200,931.73,360.98,CUST-461,Growth SMB,High
TX-12355,2025-12-05,PROD-102,AI Analytics Engine Pro,Enterprise AI,East,4,8200,31437.8,8400,23037.8,4101.06,CUST-237,New Startup,Medium
TX-12356,2025-12-05,PROD-105,Strategic BI Advisory,Advisory,South,1,12000,11607.15,4500,7107.15,1025.33,CUST-438,Growth SMB,Low
TX-12357,2025-12-05,PROD-105,Strategic BI Advisory,Advisory,North,1,12000,11607.43,4500,7107.43,1349.11,CUST-562,New Startup,Medium
TX-12358,2025-12-05,PROD-102,AI Analytics Engine Pro,Enterprise AI,West,1,8200,7802.48,2100,5702.48,947.33,CUST-232,Growth SMB,Medium
TX-12359,2025-12-05,PROD-104,Smart Edge Gateway,Hardware,West,3,1800,5247.26,2850,2397.26,453.33,CUST-917,Growth SMB,Medium
TX-12360,2025-12-06,PROD-102,AI Analytics Engine Pro,Enterprise AI,South,1,8200,7938.31,2100,5838.31,787.98,CUST-843,Growth SMB,Low
TX-12361,2025-12-06,PROD-103,Legacy Data Server V1,Hardware,South,1,3100,2973.64,2200,773.64,328.58,CUST-995,High-Value Enterprise,High
TX-12362,2025-12-06,PROD-104,Smart Edge Gateway,Hardware,North,1,1800,1875.63,950,925.63,195.62,CUST-218,Growth SMB,Medium
TX-12363,2025-12-06,PROD-101,Stratos Enterprise Suite,Cloud Services,East,1,4500,4676.62,1200,3476.62,407.75,CUST-893,At-Risk Midmarket,High
TX-12364,2025-12-06,PROD-106,Automated ETL Pipeline,Cloud Services,South,3,2900,8345.01,2100,6245.01,955.69,CUST-982,At-Risk Midmarket,High
TX-12365,2025-12-06,PROD-103,Legacy Data Server V1,Hardware,Central,1,3100,3031.65,2200,831.65,272.19,CUST-504,Growth SMB,High
TX-12366,2025-12-07,PROD-103,Legacy Data Server V1,Hardware,West,1,3100,3253.91,2200,1053.91,411.2,CUST-611,Growth SMB,High
TX-12367,2025-12-07,PROD-103,Legacy Data Server V1,Hardware,East,1,3100,3158.74,2200,958.74,423.84,CUST-877,Growth SMB,Medium
TX-12368,2025-12-07,PROD-105,Strategic BI Advisory,Advisory,North,1,12000,11768.04,4500,7268.04,1547.24,CUST-299,New Startup,Medium
TX-12369,2025-12-07,PROD-103,Legacy Data Server V1,Hardware,East,1,3100,3028.27,2200,828.27,270.34,CUST-716,New Startup,High
TX-12370,2025-12-07,PROD-104,Smart Edge Gateway,Hardware,Central,4,1800,7332.37,3800,3532.37,941.87,CUST-884,At-Risk Midmarket,High
TX-12371,2025-12-08,PROD-103,Legacy Data Server V1,Hardware,East,1,3100,3039.15,2200,839.15,323.97,CUST-953,New Startup,High
TX-12372,2025-12-08,PROD-105,Strategic BI Advisory,Advisory,South,1,12000,12286.29,4500,7786.29,1691.48,CUST-334,At-Risk Midmarket,High
TX-12373,2025-12-08,PROD-103,Legacy Data Server V1,Hardware,West,1,3100,2955.19,2200,755.19,260.51,CUST-282,High-Value Enterprise,Medium
TX-12374,2025-12-08,PROD-103,Legacy Data Server V1,Hardware,EMEA,1,3100,3046.57,2200,846.57,302.19,CUST-561,Growth SMB,High
TX-12375,2025-12-08,PROD-103,Legacy Data Server V1,Hardware,North,1,3100,2991.47,2200,791.47,281.22,CUST-267,Growth SMB,High
TX-12376,2025-12-09,PROD-105,Strategic BI Advisory,Advisory,South,1,12000,11682.91,4500,7182.91,1561.78,CUST-241,High-Value Enterprise,Low
TX-12377,2025-12-09,PROD-101,Stratos Enterprise Suite,Cloud Services,Central,1,4500,4661.14,1200,3461.14,460.62,CUST-650,At-Risk Midmarket,High
TX-12378,2025-12-09,PROD-101,Stratos Enterprise Suite,Cloud Services,East,1,4500,4619.61,1200,3419.61,528.24,CUST-820,New Startup,Medium
TX-12379,2025-12-09,PROD-105,Strategic BI Advisory,Advisory,APAC,3,12000,36755.3,13500,23255.3,3106.11,CUST-274,New Startup,Medium
TX-12380,2025-12-10,PROD-106,Automated ETL Pipeline,Cloud Services,East,4,2900,11197.48,2800,8397.48,1211.18,CUST-502,Growth SMB,Low
TX-12381,2025-12-10,PROD-103,Legacy Data Server V1,Hardware,East,1,3100,3188.75,2200,988.75,334.09,CUST-593,High-Value Enterprise,High
TX-12382,2025-12-10,PROD-105,Strategic BI Advisory,Advisory,Central,1,12000,11640.81,4500,7140.81,942.24,CUST-576,Growth SMB,Low
TX-12383,2025-12-10,PROD-104,Smart Edge Gateway,Hardware,EMEA,1,1800,1820.64,950,870.64,150.28,CUST-134,New Startup,Low
TX-12384,2025-12-11,PROD-103,Legacy Data Server V1,Hardware,EMEA,1,3100,3040.6,2200,840.6,295.82,CUST-777,High-Value Enterprise,High
TX-12385,2025-12-11,PROD-102,AI Analytics Engine Pro,Enterprise AI,APAC,1,8200,8555.02,2100,6455.02,1110.82,CUST-622,At-Risk Midmarket,High
TX-12386,2025-12-11,PROD-106,Automated ETL Pipeline,Cloud Services,West,3,2900,8332.97,2100,6232.97,845.3,CUST-439,Growth SMB,Low
TX-12387,2025-12-12,PROD-104,Smart Edge Gateway,Hardware,North,3,1800,5462.63,2850,2612.63,745.8,CUST-128,New Startup,Medium
TX-12388,2025-12-12,PROD-101,Stratos Enterprise Suite,Cloud Services,Central,1,4500,4308.65,1200,3108.65,409.78,CUST-186,Growth SMB,Low
TX-12389,2025-12-12,PROD-105,Strategic BI Advisory,Advisory,Central,1,12000,12225.64,4500,7725.64,1456.31,CUST-595,High-Value Enterprise,Low
TX-12390,2025-12-12,PROD-102,AI Analytics Engine Pro,Enterprise AI,East,1,8200,7835.83,2100,5735.83,736.55,CUST-529,New Startup,Medium
TX-12391,2025-12-13,PROD-103,Legacy Data Server V1,Hardware,EMEA,1,3100,3227.62,2200,1027.62,429.61,CUST-674,Growth SMB,High
TX-12392,2025-12-13,PROD-105,Strategic BI Advisory,Advisory,South,1,12000,12368.56,4500,7868.56,1328.11,CUST-898,Growth SMB,Low
TX-12393,2025-12-13,PROD-106,Automated ETL Pipeline,Cloud Services,North,1,2900,2793.0,700,2093.0,369.35,CUST-537,High-Value Enterprise,Low
TX-12394,2025-12-13,PROD-103,Legacy Data Server V1,Hardware,East,1,3100,3220.33,2200,1020.33,328.54,CUST-131,Growth SMB,Low
TX-12395,2025-12-13,PROD-105,Strategic BI Advisory,Advisory,West,1,12000,12129.77,4500,7629.77,1437.66,CUST-808,High-Value Enterprise,Low
TX-12396,2025-12-13,PROD-103,Legacy Data Server V1,Hardware,APAC,1,3100,3250.34,2200,1050.34,436.17,CUST-246,At-Risk Midmarket,High
TX-12397,2025-12-14,PROD-106,Automated ETL Pipeline,Cloud Services,APAC,3,2900,9029.19,2100,6929.19,1010.23,CUST-622,Growth SMB,Low
TX-12398,2025-12-14,PROD-104,Smart Edge Gateway,Hardware,South,3,1800,5228.34,2850,2378.34,601.03,CUST-375,Growth SMB,Medium
TX-12399,2025-12-14,PROD-104,Smart Edge Gateway,Hardware,North,1,1800,1871.62,950,921.62,194.56,CUST-123,New Startup,Low
TX-12400,2025-12-14,PROD-106,Automated ETL Pipeline,Cloud Services,Central,1,2900,2997.88,700,2297.88,394.22,CUST-385,High-Value Enterprise,Low
TX-12401,2025-12-14,PROD-102,AI Analytics Engine Pro,Enterprise AI,Central,3,8200,23743.64,6300,17443.64,2155.41,CUST-938,New Startup,Medium
TX-12402,2025-12-15,PROD-105,Strategic BI Advisory,Advisory,South,1,12000,11404.13,4500,6904.13,1539.99,CUST-639,Growth SMB,Low
TX-12403,2025-12-15,PROD-104,Smart Edge Gateway,Hardware,South,1,1800,1880.68,950,930.68,215.18,CUST-642,Growth SMB,Low
TX-12404,2025-12-15,PROD-102,AI Analytics Engine Pro,Enterprise AI,APAC,1,8200,7882.85,2100,5782.85,912.89,CUST-988,Growth SMB,Low
TX-12405,2025-12-15,PROD-105,Strategic BI Advisory,Advisory,South,1,12000,12596.81,4500,8096.81,1602.47,CUST-563,Growth SMB,Medium
TX-12406,2025-12-15,PROD-103,Legacy Data Server V1,Hardware,South,1,3100,3016.36,2200,816.36,405.08,CUST-276,At-Risk Midmarket,High
TX-12407,2025-12-15,PROD-102,AI Analytics Engine Pro,Enterprise AI,South,3,8200,24404.46,6300,18104.46,3174.43,CUST-703,High-Value Enterprise,Low
TX-12408,2025-12-15,PROD-103,Legacy Data Server V1,Hardware,East,1,3100,2993.57,2200,793.57,366.78,CUST-507,New Startup,Low
TX-12409,2025-12-16,PROD-105,Strategic BI Advisory,Advisory,EMEA,1,12000,11977.74,4500,7477.74,1670.03,CUST-959,At-Risk Midmarket,High
TX-12410,2025-12-16,PROD-101,Stratos Enterprise Suite,Cloud Services,Central,1,4500,4702.11,1200,3502.11,477.53,CUST-371,Growth SMB,Medium
TX-12411,2025-12-16,PROD-101,Stratos Enterprise Suite,Cloud Services,West,4,4500,18717.61,4800,13917.61,1771.39,CUST-752,High-Value Enterprise,Low
TX-12412,2025-12-16,PROD-104,Smart Edge Gateway,Hardware,Central,1,1800,1827.21,950,877.21,230.1,CUST-400,Growth SMB,Low
TX-12413,2025-12-16,PROD-102,AI Analytics Engine Pro,Enterprise AI,South,1,8200,8241.95,2100,6141.95,1138.8,CUST-245,At-Risk Midmarket,High
TX-12414,2025-12-17,PROD-104,Smart Edge Gateway,Hardware,East,4,1800,7521.67,3800,3721.67,841.02,CUST-845,High-Value Enterprise,Medium
TX-12415,2025-12-17,PROD-105,Strategic BI Advisory,Advisory,South,3,12000,37175.4,13500,23675.4,3917.78,CUST-976,Growth SMB,Low
TX-12416,2025-12-17,PROD-103,Legacy Data Server V1,Hardware,EMEA,1,3100,3208.32,2200,1008.32,437.12,CUST-509,At-Risk Midmarket,High
TX-12417,2025-12-17,PROD-106,Automated ETL Pipeline,Cloud Services,South,3,2900,8270.94,2100,6170.94,829.68,CUST-762,High-Value Enterprise,Low
TX-12418,2025-12-18,PROD-106,Automated ETL Pipeline,Cloud Services,South,3,2900,8579.19,2100,6479.19,1006.87,CUST-685,At-Risk Midmarket,High
TX-12419,2025-12-18,PROD-106,Automated ETL Pipeline,Cloud Services,West,3,2900,8611.68,2100,6511.68,723.2,CUST-315,At-Risk Midmarket,High
TX-12420,2025-12-18,PROD-106,Automated ETL Pipeline,Cloud Services,APAC,1,2900,2819.95,700,2119.95,355.74,CUST-192,At-Risk Midmarket,High
TX-12421,2025-12-18,PROD-105,Strategic BI Advisory,Advisory,South,1,12000,11911.76,4500,7411.76,1609.53,CUST-627,New Startup,Low
TX-12422,2025-12-18,PROD-102,AI Analytics Engine Pro,Enterprise AI,East,3,8200,24905.09,6300,18605.09,2303.65,CUST-401,High-Value Enterprise,Low
TX-12423,2025-12-18,PROD-106,Automated ETL Pipeline,Cloud Services,APAC,4,2900,12094.9,2800,9294.9,1356.58,CUST-470,Growth SMB,Low
TX-12424,2025-12-19,PROD-104,Smart Edge Gateway,Hardware,APAC,3,1800,5438.35,2850,2588.35,591.67,CUST-103,High-Value Enterprise,Medium
TX-12425,2025-12-19,PROD-102,AI Analytics Engine Pro,Enterprise AI,West,1,8200,7958.07,2100,5858.07,1006.44,CUST-629,Growth SMB,Low
TX-12426,2025-12-19,PROD-101,Stratos Enterprise Suite,Cloud Services,South,3,4500,13949.1,3600,10349.1,1146.77,CUST-997,High-Value Enterprise,Low
TX-12427,2025-12-19,PROD-101,Stratos Enterprise Suite,Cloud Services,West,1,4500,4474.14,1200,3274.14,498.49,CUST-677,High-Value Enterprise,Low
TX-12428,2025-12-20,PROD-105,Strategic BI Advisory,Advisory,APAC,1,12000,12125.52,4500,7625.52,1471.31,CUST-772,At-Risk Midmarket,High
TX-12429,2025-12-20,PROD-106,Automated ETL Pipeline,Cloud Services,North,1,2900,2882.09,700,2182.09,370.06,CUST-995,High-Value Enterprise,Medium
TX-12430,2025-12-20,PROD-102,AI Analytics Engine Pro,Enterprise AI,Central,1,8200,7885.9,2100,5785.9,811.39,CUST-921,Growth SMB,Low
TX-12431,2025-12-20,PROD-104,Smart Edge Gateway,Hardware,Central,3,1800,5166.99,2850,2316.99,597.98,CUST-590,At-Risk Midmarket,High
TX-12432,2025-12-20,PROD-101,Stratos Enterprise Suite,Cloud Services,EMEA,1,4500,4546.3,1200,3346.3,442.73,CUST-941,Growth SMB,Medium
TX-12433,2025-12-20,PROD-101,Stratos Enterprise Suite,Cloud Services,North,3,4500,13075.04,3600,9475.04,1207.72,CUST-332,Growth SMB,Low
TX-12434,2025-12-20,PROD-101,Stratos Enterprise Suite,Cloud Services,West,3,4500,13246.98,3600,9646.98,1783.9,CUST-540,New Startup,Medium
TX-12435,2025-12-21,PROD-104,Smart Edge Gateway,Hardware,North,3,1800,5489.69,2850,2639.69,739.77,CUST-555,New Startup,Medium
TX-12436,2025-12-21,PROD-102,AI Analytics Engine Pro,Enterprise AI,North,1,8200,8372.16,2100,6272.16,759.5,CUST-120,Growth SMB,Low
TX-12437,2025-12-21,PROD-101,Stratos Enterprise Suite,Cloud Services,East,3,4500,13538.62,3600,9938.62,1380.43,CUST-410,Growth SMB,Low
TX-12438,2025-12-21,PROD-102,AI Analytics Engine Pro,Enterprise AI,Central,4,8200,31307.17,8400,22907.17,3560.17,CUST-448,High-Value Enterprise,Low
TX-12439,2025-12-21,PROD-104,Smart Edge Gateway,Hardware,East,1,1800,1733.93,950,783.93,153.25,CUST-925,At-Risk Midmarket,High
TX-12440,2025-12-22,PROD-102,AI Analytics Engine Pro,Enterprise AI,South,1,8200,8272.61,2100,6172.61,729.8,CUST-615,New Startup,Medium
TX-12441,2025-12-22,PROD-101,Stratos Enterprise Suite,Cloud Services,West,3,4500,13445.64,3600,9845.64,1433.87,CUST-450,Growth SMB,Medium
TX-12442,2025-12-22,PROD-105,Strategic BI Advisory,Advisory,North,1,12000,12014.07,4500,7514.07,1510.69,CUST-574,At-Risk Midmarket,High
TX-12443,2025-12-22,PROD-102,AI Analytics Engine Pro,Enterprise AI,Central,1,8200,7947.89,2100,5847.89,1003.46,CUST-469,High-Value Enterprise,Low
TX-12444,2025-12-22,PROD-105,Strategic BI Advisory,Advisory,East,1,12000,11679.55,4500,7179.55,1542.05,CUST-468,At-Risk Midmarket,High
TX-12445,2025-12-22,PROD-101,Stratos Enterprise Suite,Cloud Services,West,1,4500,4343.53,1200,3143.53,413.24,CUST-345,New Startup,Medium
TX-12446,2025-12-23,PROD-105,Strategic BI Advisory,Advisory,South,3,12000,36265.43,13500,22765.43,3600.68,CUST-285,New Startup,Low
TX-12447,2025-12-23,PROD-102,AI Analytics Engine Pro,Enterprise AI,North,1,8200,8444.65,2100,6344.65,1148.49,CUST-116,Growth SMB,Medium
TX-12448,2025-12-23,PROD-103,Legacy Data Server V1,Hardware,EMEA,1,3100,3206.8,2200,1006.8,372.09,CUST-126,New Startup,Low
TX-12449,2025-12-23,PROD-101,Stratos Enterprise Suite,Cloud Services,South,1,4500,4425.38,1200,3225.38,447.22,CUST-896,New Startup,Low
TX-12450,2025-12-23,PROD-102,AI Analytics Engine Pro,Enterprise AI,Central,1,8200,8060.6,2100,5960.6,997.87,CUST-209,High-Value Enterprise,Low
TX-12451,2025-12-23,PROD-106,Automated ETL Pipeline,Cloud Services,Central,3,2900,8414.76,2100,6314.76,1047.45,CUST-620,At-Risk Midmarket,High
TX-12452,2025-12-23,PROD-103,Legacy Data Server V1,Hardware,EMEA,1,3100,2988.02,2200,788.02,272.17,CUST-985,High-Value Enterprise,High
TX-12453,2025-12-24,PROD-101,Stratos Enterprise Suite,Cloud Services,East,1,4500,4641.91,1200,3441.91,551.52,CUST-461,At-Risk Midmarket,High
TX-12454,2025-12-24,PROD-103,Legacy Data Server V1,Hardware,Central,1,3100,2983.72,2200,783.72,311.17,CUST-682,High-Value Enterprise,Low
TX-12455,2025-12-24,PROD-101,Stratos Enterprise Suite,Cloud Services,East,1,4500,4504.05,1200,3304.05,445.77,CUST-676,Growth SMB,Low
TX-12456,2025-12-25,PROD-101,Stratos Enterprise Suite,Cloud Services,EMEA,4,4500,18293.97,4800,13493.97,2540.1,CUST-678,At-Risk Midmarket,High
TX-12457,2025-12-25,PROD-101,Stratos Enterprise Suite,Cloud Services,Central,1,4500,4470.99,1200,3270.99,616.81,CUST-514,High-Value Enterprise,Low
TX-12458,2025-12-25,PROD-101,Stratos Enterprise Suite,Cloud Services,East,1,4500,4704.03,1200,3504.03,464.32,CUST-153,Growth SMB,Low
TX-12459,2025-12-25,PROD-105,Strategic BI Advisory,Advisory,East,1,12000,12596.83,4500,8096.83,1228.45,CUST-205,High-Value Enterprise,Low
TX-12460,2025-12-25,PROD-103,Legacy Data Server V1,Hardware,West,1,3100,3113.61,2200,913.61,282.15,CUST-474,Growth SMB,High
TX-12461,2025-12-25,PROD-102,AI Analytics Engine Pro,Enterprise AI,South,1,8200,8385.27,2100,6285.27,862.63,CUST-688,New Startup,Low
TX-12462,2025-12-26,PROD-106,Automated ETL Pipeline,Cloud Services,North,9,2900,27003.96,6300,20703.96,3483.1,CUST-980,At-Risk Midmarket,High
TX-12463,2025-12-26,PROD-103,Legacy Data Server V1,Hardware,East,1,3100,3054.32,2200,854.32,305.01,CUST-674,New Startup,High
TX-12464,2025-12-26,PROD-104,Smart Edge Gateway,Hardware,South,3,1800,5335.6,2850,2485.6,465.48,CUST-392,Growth SMB,Medium
TX-12465,2025-12-26,PROD-101,Stratos Enterprise Suite,Cloud Services,East,1,4500,4297.63,1200,3097.63,448.07,CUST-189,Growth SMB,Medium
TX-12466,2025-12-27,PROD-101,Stratos Enterprise Suite,Cloud Services,North,1,4500,4682.56,1200,3482.56,488.72,CUST-245,High-Value Enterprise,Medium
TX-12467,2025-12-27,PROD-101,Stratos Enterprise Suite,Cloud Services,Central,3,4500,14043.78,3600,10443.78,1346.39,CUST-488,High-Value Enterprise,Low
TX-12468,2025-12-27,PROD-103,Legacy Data Server V1,Hardware,West,1,3100,3157.67,2200,957.67,366.79,CUST-442,At-Risk Midmarket,High
TX-12469,2025-12-28,PROD-102,AI Analytics Engine Pro,Enterprise AI,Central,1,8200,8076.93,2100,5976.93,1028.68,CUST-270,High-Value Enterprise,Low
TX-12470,2025-12-28,PROD-104,Smart Edge Gateway,Hardware,North,3,1800,5175.61,2850,2325.61,644.14,CUST-966,Growth SMB,Low
TX-12471,2025-12-28,PROD-102,AI Analytics Engine Pro,Enterprise AI,North,1,8200,8459.63,2100,6359.63,912.95,CUST-121,High-Value Enterprise,Medium
TX-12472,2025-12-28,PROD-105,Strategic BI Advisory,Advisory,South,1,12000,11443.34,4500,6943.34,1333.29,CUST-278,At-Risk Midmarket,High
TX-12473,2025-12-28,PROD-105,Strategic BI Advisory,Advisory,South,1,12000,11790.02,4500,7290.02,1320.85,CUST-709,At-Risk Midmarket,High
TX-12474,2025-12-29,PROD-104,Smart Edge Gateway,Hardware,APAC,6,1800,10835.24,5700,5135.24,1012.64,CUST-914,Growth SMB,Low
TX-12475,2025-12-29,PROD-104,Smart Edge Gateway,Hardware,North,3,1800,5381.7,2850,2531.7,715.4,CUST-725,New Startup,Low
TX-12476,2025-12-29,PROD-104,Smart Edge Gateway,Hardware,East,1,1800,1726.12,950,776.12,229.29,CUST-756,Growth SMB,Low
TX-12477,2025-12-29,PROD-101,Stratos Enterprise Suite,Cloud Services,East,1,4500,4543.13,1200,3343.13,367.16,CUST-648,At-Risk Midmarket,High
TX-12478,2025-12-30,PROD-104,Smart Edge Gateway,Hardware,South,1,1800,1823.11,950,873.11,229.16,CUST-865,New Startup,Low
TX-12479,2025-12-30,PROD-102,AI Analytics Engine Pro,Enterprise AI,EMEA,1,8200,7945.4,2100,5845.4,642.77,CUST-193,High-Value Enterprise,Low
TX-12480,2025-12-30,PROD-104,Smart Edge Gateway,Hardware,North,1,1800,1834.6,950,884.6,236.91,CUST-608,Growth SMB,Low
TX-12481,2025-12-30,PROD-106,Automated ETL Pipeline,Cloud Services,EMEA,1,2900,2840.02,700,2140.02,361.65,CUST-305,High-Value Enterprise,Medium
TX-12482,2025-12-31,PROD-103,Legacy Data Server V1,Hardware,North,1,3100,2977.51,2200,777.51,244.25,CUST-596,Growth SMB,High
TX-12483,2025-12-31,PROD-101,Stratos Enterprise Suite,Cloud Services,West,1,4500,4588.5,1200,3388.5,432.28,CUST-871,Growth SMB,Low
TX-12484,2025-12-31,PROD-104,Smart Edge Gateway,Hardware,APAC,1,1800,1718.73,950,768.73,166.78,CUST-960,Growth SMB,Medium
TX-12485,2025-12-31,PROD-106,Automated ETL Pipeline,Cloud Services,West,1,2900,2785.47,700,2085.47,282.92,CUST-250,At-Risk Midmarket,High
TX-12486,2025-12-31,PROD-105,Strategic BI Advisory,Advisory,EMEA,3,12000,35601.59,13500,22101.59,4114.54,CUST-961,Growth SMB,Low
TX-12487,2025-12-31,PROD-105,Strategic BI Advisory,Advisory,East,1,12000,11504.41,4500,7004.41,1375.8,CUST-853,At-Risk Midmarket,High
TX-12488,2026-01-01,PROD-102,AI Analytics Engine Pro,Enterprise AI,West,1,8200,8063.7,2100,5963.7,1058.63,CUST-183,New Startup,Medium
TX-12489,2026-01-01,PROD-101,Stratos Enterprise Suite,Cloud Services,APAC,2,4500,9003.94,2400,6603.94,1242.79,CUST-556,Growth SMB,Low
TX-12490,2026-01-01,PROD-105,Strategic BI Advisory,Advisory,APAC,1,12000,11522.55,4500,7022.55,1544.0,CUST-909,Growth SMB,Medium
TX-12491,2026-01-01,PROD-105,Strategic BI Advisory,Advisory,APAC,1,12000,12323.19,4500,7823.19,1660.94,CUST-929,At-Risk Midmarket,High
TX-12492,2026-01-01,PROD-106,Automated ETL Pipeline,Cloud Services,West,2,2900,5813.09,1400,4413.09,646.89,CUST-584,Growth SMB,Low
TX-12493,2026-01-01,PROD-101,Stratos Enterprise Suite,Cloud Services,South,4,4500,17481.15,4800,12681.15,2344.2,CUST-590,Growth SMB,Low
TX-12494,2026-01-02,PROD-105,Strategic BI Advisory,Advisory,North,1,12000,12169.38,4500,7669.38,1264.88,CUST-741,High-Value Enterprise,Medium
TX-12495,2026-01-02,PROD-101,Stratos Enterprise Suite,Cloud Services,East,2,4500,9194.92,2400,6794.92,1272.37,CUST-201,Growth SMB,Low
TX-12496,2026-01-02,PROD-103,Legacy Data Server V1,Hardware,APAC,1,3100,3055.81,2200,855.81,397.63,CUST-780,New Startup,High
TX-12497,2026-01-02,PROD-105,Strategic BI Advisory,Advisory,Central,1,12000,11722.21,4500,7222.21,1072.15,CUST-987,High-Value Enterprise,Low
TX-12498,2026-01-02,PROD-106,Automated ETL Pipeline,Cloud Services,East,1,2900,3038.03,700,2338.03,308.51,CUST-905,Growth SMB,Medium
TX-12499,2026-01-02,PROD-105,Strategic BI Advisory,Advisory,APAC,1,12000,11466.87,4500,6966.87,1549.18,CUST-393,New Startup,Low
TX-12500,2026-01-02,PROD-102,AI Analytics Engine Pro,Enterprise AI,APAC,2,8200,16010.86,4200,11810.86,1362.3,CUST-352,Growth SMB,Low
TX-12501,2026-01-03,PROD-102,AI Analytics Engine Pro,Enterprise AI,West,1,8200,8048.98,2100,5948.98,939.29,CUST-696,Growth SMB,Low
TX-12502,2026-01-03,PROD-105,Strategic BI Advisory,Advisory,North,1,12000,11694.49,4500,7194.49,1395.14,CUST-780,High-Value Enterprise,Low
TX-12503,2026-01-03,PROD-106,Automated ETL Pipeline,Cloud Services,APAC,2,2900,5552.06,1400,4152.06,775.31,CUST-495,At-Risk Midmarket,High
TX-12504,2026-01-03,PROD-105,Strategic BI Advisory,Advisory,North,1,12000,11437.66,4500,6937.66,994.98,CUST-308,Growth SMB,Low
TX-12505,2026-01-03,PROD-103,Legacy Data Server V1,Hardware,West,1,3100,3103.33,2200,903.33,415.41,CUST-741,High-Value Enterprise,High
TX-12506,2026-01-03,PROD-102,AI Analytics Engine Pro,Enterprise AI,EMEA,1,8200,7987.38,2100,5887.38,992.15,CUST-721,Growth SMB,Low
TX-12507,2026-01-04,PROD-102,AI Analytics Engine Pro,Enterprise AI,North,1,8200,8136.78,2100,6036.78,1042.65,CUST-159,High-Value Enterprise,Low
TX-12508,2026-01-04,PROD-106,Automated ETL Pipeline,Cloud Services,South,6,2900,17814.86,4200,13614.86,2438.91,CUST-937,Growth SMB,Low
TX-12509,2026-01-04,PROD-103,Legacy Data Server V1,Hardware,West,1,3100,3246.38,2200,1046.38,379.55,CUST-571,At-Risk Midmarket,High
TX-12510,2026-01-04,PROD-103,Legacy Data Server V1,Hardware,North,1,3100,2988.73,2200,788.73,342.18,CUST-645,At-Risk Midmarket,High
TX-12511,2026-01-04,PROD-106,Automated ETL Pipeline,Cloud Services,West,5,2900,14770.12,3500,11270.12,1785.21,CUST-276,Growth SMB,Medium
TX-12512,2026-01-04,PROD-103,Legacy Data Server V1,Hardware,West,1,3100,2965.22,2200,765.22,251.09,CUST-482,At-Risk Midmarket,High
TX-12513,2026-01-05,PROD-101,Stratos Enterprise Suite,Cloud Services,West,1,4500,4664.75,1200,3464.75,537.23,CUST-588,Growth SMB,Low
TX-12514,2026-01-05,PROD-102,AI Analytics Engine Pro,Enterprise AI,North,2,8200,16734.2,4200,12534.2,1752.58,CUST-481,High-Value Enterprise,Medium
TX-12515,2026-01-05,PROD-104,Smart Edge Gateway,Hardware,Central,1,1800,1738.96,950,788.96,192.14,CUST-454,High-Value Enterprise,Medium
TX-12516,2026-01-05,PROD-105,Strategic BI Advisory,Advisory,EMEA,1,12000,11967.8,4500,7467.8,1360.76,CUST-294,Growth SMB,Low
TX-12517,2026-01-05,PROD-101,Stratos Enterprise Suite,Cloud Services,Central,1,4500,4284.74,1200,3084.74,495.49,CUST-329,At-Risk Midmarket,High
TX-12518,2026-01-05,PROD-105,Strategic BI Advisory,Advisory,West,1,12000,12239.52,4500,7739.52,1509.21,CUST-511,High-Value Enterprise,Medium
TX-12519,2026-01-05,PROD-102,AI Analytics Engine Pro,Enterprise AI,West,2,8200,16699.43,4200,12499.43,2322.07,CUST-158,At-Risk Midmarket,High
TX-12520,2026-01-06,PROD-102,AI Analytics Engine Pro,Enterprise AI,South,2,8200,17144.29,4200,12944.29,1835.28,CUST-305,At-Risk Midmarket,High
TX-12521,2026-01-06,PROD-105,Strategic BI Advisory,Advisory,West,1,12000,11470.99,4500,6970.99,1445.22,CUST-527,Growth SMB,Medium
TX-12522,2026-01-06,PROD-102,AI Analytics Engine Pro,Enterprise AI,East,1,8200,7931.74,2100,5831.74,1026.21,CUST-209,Growth SMB,Low
TX-12523,2026-01-06,PROD-101,Stratos Enterprise Suite,Cloud Services,South,2,4500,8716.63,2400,6316.63,782.78,CUST-545,Growth SMB,Low
TX-12524,2026-01-06,PROD-103,Legacy Data Server V1,Hardware,North,1,3100,2973.63,2200,773.63,302.1,CUST-133,Growth SMB,High
TX-12525,2026-01-06,PROD-106,Automated ETL Pipeline,Cloud Services,EMEA,4,2900,11830.79,2800,9030.79,1008.83,CUST-910,High-Value Enterprise,Low
TX-12526,2026-01-07,PROD-106,Automated ETL Pipeline,Cloud Services,West,1,2900,2857.27,700,2157.27,237.31,CUST-200,At-Risk Midmarket,High
TX-12527,2026-01-07,PROD-106,Automated ETL Pipeline,Cloud Services,West,1,2900,2961.4,700,2261.4,344.64,CUST-768,High-Value Enterprise,Medium
TX-12528,2026-01-07,PROD-105,Strategic BI Advisory,Advisory,APAC,1,12000,11514.31,4500,7014.31,1098.68,CUST-882,At-Risk Midmarket,High
TX-12529,2026-01-07,PROD-103,Legacy Data Server V1,Hardware,South,1,3100,3195.12,2200,995.12,308.45,CUST-601,Growth SMB,High
TX-12530,2026-01-07,PROD-103,Legacy Data Server V1,Hardware,East,2,3100,5952.7,4400,1552.7,761.83,CUST-608,Growth SMB,High
TX-12531,2026-01-07,PROD-102,AI Analytics Engine Pro,Enterprise AI,EMEA,4,8200,33170.31,8400,24770.31,4155.1,CUST-427,At-Risk Midmarket,High
TX-12532,2026-01-08,PROD-101,Stratos Enterprise Suite,Cloud Services,East,2,4500,8965.45,2400,6565.45,1071.06,CUST-603,New Startup,Medium
TX-12533,2026-01-08,PROD-101,Stratos Enterprise Suite,Cloud Services,West,1,4500,4386.71,1200,3186.71,590.39,CUST-648,New Startup,Low
TX-12534,2026-01-08,PROD-106,Automated ETL Pipeline,Cloud Services,North,1,2900,2984.78,700,2284.78,298.28,CUST-167,Growth SMB,Low
TX-12535,2026-01-08,PROD-105,Strategic BI Advisory,Advisory,APAC,1,12000,11447.11,4500,6947.11,1304.78,CUST-781,At-Risk Midmarket,High
TX-12536,2026-01-09,PROD-104,Smart Edge Gateway,Hardware,West,1,1800,1736.82,950,786.82,215.72,CUST-672,New Startup,Low
TX-12537,2026-01-09,PROD-102,AI Analytics Engine Pro,Enterprise AI,West,1,8200,8028.01,2100,5928.01,861.64,CUST-396,Growth SMB,Low
TX-12538,2026-01-09,PROD-104,Smart Edge Gateway,Hardware,Central,1,1800,1861.22,950,911.22,156.51,CUST-668,At-Risk Midmarket,High
TX-12539,2026-01-09,PROD-103,Legacy Data Server V1,Hardware,West,1,3100,3176.02,2200,976.02,377.23,CUST-967,Growth SMB,High
TX-12540,2026-01-10,PROD-106,Automated ETL Pipeline,Cloud Services,APAC,2,2900,5785.63,1400,4385.63,492.71,CUST-840,At-Risk Midmarket,High
TX-12541,2026-01-10,PROD-102,AI Analytics Engine Pro,Enterprise AI,North,2,8200,16625.75,4200,12425.75,1636.26,CUST-186,New Startup,Medium
TX-12542,2026-01-10,PROD-106,Automated ETL Pipeline,Cloud Services,EMEA,8,2900,22761.03,5600,17161.03,2152.82,CUST-596,High-Value Enterprise,Medium
TX-12543,2026-01-10,PROD-106,Automated ETL Pipeline,Cloud Services,Central,1,2900,2816.07,700,2116.07,350.6,CUST-976,At-Risk Midmarket,High
TX-12544,2026-01-10,PROD-105,Strategic BI Advisory,Advisory,East,1,12000,12334.27,4500,7834.27,1208.27,CUST-240,Growth SMB,Low
TX-12545,2026-01-10,PROD-106,Automated ETL Pipeline,Cloud Services,APAC,2,2900,5665.19,1400,4265.19,638.31,CUST-103,New Startup,Low
TX-12546,2026-01-11,PROD-102,AI Analytics Engine Pro,Enterprise AI,East,1,8200,8197.03,2100,6097.03,803.53,CUST-517,High-Value Enterprise,Low
TX-12547,2026-01-11,PROD-102,AI Analytics Engine Pro,Enterprise AI,APAC,2,8200,16943.72,4200,12743.72,2049.01,CUST-152,Growth SMB,Low
TX-12548,2026-01-11,PROD-103,Legacy Data Server V1,Hardware,West,1,3100,3149.45,2200,949.45,396.75,CUST-372,At-Risk Midmarket,High
TX-12549,2026-01-11,PROD-105,Strategic BI Advisory,Advisory,South,1,12000,11839.87,4500,7339.87,1464.97,CUST-405,New Startup,Low
TX-12550,2026-01-11,PROD-104,Smart Edge Gateway,Hardware,North,4,1800,7024.82,3800,3224.82,570.83,CUST-820,Growth SMB,Low
TX-12551,2026-01-11,PROD-101,Stratos Enterprise Suite,Cloud Services,North,5,4500,23041.94,6000,17041.94,1995.56,CUST-303,High-Value Enterprise,Low
TX-12552,2026-01-12,PROD-102,AI Analytics Engine Pro,Enterprise AI,EMEA,1,8200,8548.31,2100,6448.31,775.95,CUST-590,At-Risk Midmarket,High
TX-12553,2026-01-12,PROD-101,Stratos Enterprise Suite,Cloud Services,South,1,4500,4649.44,1200,3449.44,445.13,CUST-997,High-Value Enterprise,Low
TX-12554,2026-01-12,PROD-106,Automated ETL Pipeline,Cloud Services,Central,1,2900,2796.61,700,2096.61,371.92,CUST-730,High-Value Enterprise,Low
TX-12555,2026-01-12,PROD-103,Legacy Data Server V1,Hardware,EMEA,1,3100,3246.23,2200,1046.23,288.35,CUST-363,Growth SMB,Low
TX-12556,2026-01-12,PROD-103,Legacy Data Server V1,Hardware,West,1,3100,3192.96,2200,992.96,331.01,CUST-307,New Startup,High
TX-12557,2026-01-13,PROD-103,Legacy Data Server V1,Hardware,West,1,3100,3101.44,2200,901.44,357.0,CUST-242,At-Risk Midmarket,High
TX-12558,2026-01-13,PROD-101,Stratos Enterprise Suite,Cloud Services,West,6,4500,27020.44,7200,19820.44,3425.53,CUST-602,High-Value Enterprise,Low
TX-12559,2026-01-13,PROD-104,Smart Edge Gateway,Hardware,Central,5,1800,9188.82,4750,4438.82,856.45,CUST-397,At-Risk Midmarket,High
TX-12560,2026-01-13,PROD-104,Smart Edge Gateway,Hardware,EMEA,1,1800,1726.81,950,776.81,173.3,CUST-308,Growth SMB,Low
TX-12561,2026-01-13,PROD-106,Automated ETL Pipeline,Cloud Services,North,1,2900,3039.18,700,2339.18,354.3,CUST-391,High-Value Enterprise,Medium
TX-12562,2026-01-13,PROD-105,Strategic BI Advisory,Advisory,West,1,12000,11620.77,4500,7120.77,1321.92,CUST-399,High-Value Enterprise,Low
TX-12563,2026-01-13,PROD-103,Legacy Data Server V1,Hardware,West,1,3100,3001.88,2200,801.88,348.84,CUST-172,Growth SMB,Medium
TX-12564,2026-01-14,PROD-104,Smart Edge Gateway,Hardware,APAC,8,1800,13750.63,7600,6150.63,1791.1,CUST-639,New Startup,Medium
TX-12565,2026-01-14,PROD-104,Smart Edge Gateway,Hardware,South,1,1800,1837.89,950,887.89,179.51,CUST-498,Growth SMB,Low
TX-12566,2026-01-14,PROD-104,Smart Edge Gateway,Hardware,North,1,1800,1744.92,950,794.92,228.25,CUST-791,High-Value Enterprise,Low
TX-12567,2026-01-14,PROD-101,Stratos Enterprise Suite,Cloud Services,North,6,4500,25934.56,7200,18734.56,2496.21,CUST-655,At-Risk Midmarket,High
TX-12568,2026-01-15,PROD-102,AI Analytics Engine Pro,Enterprise AI,North,1,8200,7962.16,2100,5862.16,956.7,CUST-354,Growth SMB,Low
TX-12569,2026-01-15,PROD-105,Strategic BI Advisory,Advisory,South,1,12000,12139.0,4500,7639.0,1405.52,CUST-894,Growth SMB,Low
TX-12570,2026-01-15,PROD-102,AI Analytics Engine Pro,Enterprise AI,West,1,8200,8337.48,2100,6237.48,769.75,CUST-502,Growth SMB,Medium
TX-12571,2026-01-16,PROD-103,Legacy Data Server V1,Hardware,South,1,3100,3205.53,2200,1005.53,437.66,CUST-415,High-Value Enterprise,Medium
TX-12572,2026-01-16,PROD-101,Stratos Enterprise Suite,Cloud Services,East,2,4500,9351.83,2400,6951.83,793.82,CUST-752,Growth SMB,Low
TX-12573,2026-01-16,PROD-105,Strategic BI Advisory,Advisory,West,1,12000,11415.52,4500,6915.52,1036.62,CUST-379,At-Risk Midmarket,High
TX-12574,2026-01-16,PROD-101,Stratos Enterprise Suite,Cloud Services,South,1,4500,4693.36,1200,3493.36,584.02,CUST-271,New Startup,Low
TX-12575,2026-01-16,PROD-105,Strategic BI Advisory,Advisory,North,1,12000,12475.27,4500,7975.27,1257.38,CUST-496,New Startup,Low
TX-12576,2026-01-16,PROD-103,Legacy Data Server V1,Hardware,West,2,3100,6189.95,4400,1789.95,663.0,CUST-646,High-Value Enterprise,High
TX-12577,2026-01-17,PROD-106,Automated ETL Pipeline,Cloud Services,South,4,2900,12106.72,2800,9306.72,974.92,CUST-442,Growth SMB,Low
TX-12578,2026-01-17,PROD-105,Strategic BI Advisory,Advisory,West,1,12000,12343.37,4500,7843.37,1161.24,CUST-415,Growth SMB,Low
TX-12579,2026-01-17,PROD-106,Automated ETL Pipeline,Cloud Services,Central,1,2900,2832.25,700,2132.25,348.66,CUST-842,Growth SMB,Low
TX-12580,2026-01-18,PROD-101,Stratos Enterprise Suite,Cloud Services,South,4,4500,17140.0,4800,12340.0,2025.58,CUST-869,High-Value Enterprise,Low
TX-12581,2026-01-18,PROD-104,Smart Edge Gateway,Hardware,East,2,1800,3484.81,1900,1584.81,320.45,CUST-529,New Startup,Medium
TX-12582,2026-01-18,PROD-101,Stratos Enterprise Suite,Cloud Services,South,2,4500,9173.73,2400,6773.73,1011.35,CUST-277,Growth SMB,Medium
TX-12583,2026-01-18,PROD-104,Smart Edge Gateway,Hardware,North,2,1800,3497.93,1900,1597.93,412.86,CUST-368,New Startup,Low
TX-12584,2026-01-18,PROD-105,Strategic BI Advisory,Advisory,West,1,12000,12047.29,4500,7547.29,1345.8,CUST-893,At-Risk Midmarket,High
TX-12585,2026-01-18,PROD-104,Smart Edge Gateway,Hardware,South,2,1800,3733.37,1900,1833.37,363.8,CUST-450,At-Risk Midmarket,High
TX-12586,2026-01-19,PROD-103,Legacy Data Server V1,Hardware,Central,1,3100,2996.71,2200,796.71,243.09,CUST-917,Growth SMB,High
TX-12587,2026-01-19,PROD-105,Strategic BI Advisory,Advisory,East,1,12000,11958.41,4500,7458.41,1592.96,CUST-403,Growth SMB,Low
TX-12588,2026-01-19,PROD-105,Strategic BI Advisory,Advisory,North,1,12000,11663.98,4500,7163.98,940.98,CUST-759,Growth SMB,Low
TX-12589,2026-01-20,PROD-105,Strategic BI Advisory,Advisory,West,1,12000,12271.58,4500,7771.58,1332.43,CUST-499,Growth SMB,Medium
TX-12590,2026-01-20,PROD-101,Stratos Enterprise Suite,Cloud Services,West,2,4500,8760.74,2400,6360.74,1220.8,CUST-351,At-Risk Midmarket,High
TX-12591,2026-01-20,PROD-101,Stratos Enterprise Suite,Cloud Services,East,1,4500,4410.46,1200,3210.46,503.41,CUST-106,At-Risk Midmarket,High
TX-12592,2026-01-20,PROD-103,Legacy Data Server V1,Hardware,North,1,3100,3201.56,2200,1001.56,298.81,CUST-568,At-Risk Midmarket,High
TX-12593,2026-01-21,PROD-104,Smart Edge Gateway,Hardware,East,4,1800,6882.34,3800,3082.34,769.22,CUST-705,Growth SMB,Low
TX-12594,2026-01-21,PROD-103,Legacy Data Server V1,Hardware,West,2,3100,6339.2,4400,1939.2,702.83,CUST-336,Growth SMB,Low
TX-12595,2026-01-21,PROD-102,AI Analytics Engine Pro,Enterprise AI,East,2,8200,15770.0,4200,11570.0,1706.76,CUST-367,New Startup,Low
TX-12596,2026-01-21,PROD-105,Strategic BI Advisory,Advisory,Central,1,12000,12317.55,4500,7817.55,1456.68,CUST-372,At-Risk Midmarket,High
TX-12597,2026-01-21,PROD-101,Stratos Enterprise Suite,Cloud Services,East,2,4500,8997.66,2400,6597.66,1005.04,CUST-276,New Startup,Low
TX-12598,2026-01-21,PROD-105,Strategic BI Advisory,Advisory,EMEA,1,12000,12016.01,4500,7516.01,985.62,CUST-557,Growth SMB,Medium
TX-12599,2026-01-21,PROD-101,Stratos Enterprise Suite,Cloud Services,South,1,4500,4670.18,1200,3470.18,641.34,CUST-716,At-Risk Midmarket,High
TX-12600,2026-01-22,PROD-101,Stratos Enterprise Suite,Cloud Services,East,1,4500,4702.69,1200,3502.69,435.69,CUST-495,Growth SMB,Low
TX-12601,2026-01-22,PROD-103,Legacy Data Server V1,Hardware,West,1,3100,3020.48,2200,820.48,321.46,CUST-954,New Startup,High
TX-12602,2026-01-22,PROD-103,Legacy Data Server V1,Hardware,East,1,3100,3206.83,2200,1006.83,440.5,CUST-528,High-Value Enterprise,High
TX-12603,2026-01-22,PROD-101,Stratos Enterprise Suite,Cloud Services,Central,1,4500,4355.78,1200,3155.78,603.32,CUST-415,At-Risk Midmarket,High
TX-12604,2026-01-22,PROD-103,Legacy Data Server V1,Hardware,North,1,3100,3230.38,2200,1030.38,323.23,CUST-104,Growth SMB,Medium
TX-12605,2026-01-22,PROD-104,Smart Edge Gateway,Hardware,South,1,1800,1831.16,950,881.16,187.13,CUST-372,Growth SMB,Medium
TX-12606,2026-01-22,PROD-102,AI Analytics Engine Pro,Enterprise AI,South,1,8200,8132.76,2100,6032.76,976.98,CUST-769,New Startup,Low
TX-12607,2026-01-23,PROD-102,AI Analytics Engine Pro,Enterprise AI,APAC,2,8200,16282.89,4200,12082.89,1536.22,CUST-330,At-Risk Midmarket,High
TX-12608,2026-01-23,PROD-105,Strategic BI Advisory,Advisory,EMEA,2,12000,23382.56,9000,14382.56,2723.4,CUST-893,Growth SMB,Low
TX-12609,2026-01-23,PROD-102,AI Analytics Engine Pro,Enterprise AI,West,1,8200,7991.78,2100,5891.78,1096.26,CUST-367,New Startup,Medium
TX-12610,2026-01-24,PROD-101,Stratos Enterprise Suite,Cloud Services,South,2,4500,9182.25,2400,6782.25,1099.85,CUST-502,New Startup,Low
TX-12611,2026-01-24,PROD-104,Smart Edge Gateway,Hardware,South,1,1800,1819.01,950,869.01,193.43,CUST-626,At-Risk Midmarket,High
TX-12612,2026-01-24,PROD-106,Automated ETL Pipeline,Cloud Services,East,1,2900,2982.04,700,2282.04,387.97,CUST-504,New Startup,Low
TX-12613,2026-01-24,PROD-103,Legacy Data Server V1,Hardware,APAC,2,3100,6245.46,4400,1845.46,513.68,CUST-252,Growth SMB,High
TX-12614,2026-01-24,PROD-102,AI Analytics Engine Pro,Enterprise AI,Central,1,8200,8400.55,2100,6300.55,883.25,CUST-605,Growth SMB,Low
TX-12615,2026-01-24,PROD-103,Legacy Data Server V1,Hardware,North,1,3100,3192.12,2200,992.12,440.83,CUST-455,Growth SMB,High
TX-12616,2026-01-25,PROD-103,Legacy Data Server V1,Hardware,EMEA,1,3100,2995.07,2200,795.07,308.64,CUST-995,New Startup,High
TX-12617,2026-01-25,PROD-106,Automated ETL Pipeline,Cloud Services,EMEA,1,2900,2978.66,700,2278.66,381.77,CUST-847,New Startup,Low
TX-12618,2026-01-25,PROD-102,AI Analytics Engine Pro,Enterprise AI,East,1,8200,8069.17,2100,5969.17,737.53,CUST-633,High-Value Enterprise,Low
TX-12619,2026-01-25,PROD-101,Stratos Enterprise Suite,Cloud Services,East,1,4500,4679.17,1200,3479.17,504.91,CUST-178,Growth SMB,Low
TX-12620,2026-01-25,PROD-104,Smart Edge Gateway,Hardware,North,2,1800,3651.65,1900,1751.65,494.04,CUST-593,New Startup,Low
TX-12621,2026-01-25,PROD-102,AI Analytics Engine Pro,Enterprise AI,North,1,8200,8129.89,2100,6029.89,868.11,CUST-662,New Startup,Low
TX-12622,2026-01-25,PROD-102,AI Analytics Engine Pro,Enterprise AI,APAC,1,8200,7989.84,2100,5889.84,938.35,CUST-962,Growth SMB,Low
TX-12623,2026-01-26,PROD-102,AI Analytics Engine Pro,Enterprise AI,South,1,8200,8129.09,2100,6029.09,1078.53,CUST-691,New Startup,Low
TX-12624,2026-01-26,PROD-105,Strategic BI Advisory,Advisory,Central,1,12000,11862.3,4500,7362.3,1276.18,CUST-654,High-Value Enterprise,Low
TX-12625,2026-01-26,PROD-101,Stratos Enterprise Suite,Cloud Services,APAC,2,4500,9097.97,2400,6697.97,1264.8,CUST-271,New Startup,Medium
TX-12626,2026-01-26,PROD-102,AI Analytics Engine Pro,Enterprise AI,APAC,1,8200,8458.27,2100,6358.27,973.63,CUST-427,New Startup,Low
TX-12627,2026-01-26,PROD-101,Stratos Enterprise Suite,Cloud Services,North,1,4500,4359.21,1200,3159.21,462.85,CUST-742,High-Value Enterprise,Low
TX-12628,2026-01-26,PROD-102,AI Analytics Engine Pro,Enterprise AI,North,1,8200,8042.31,2100,5942.31,744.75,CUST-605,Growth SMB,Low
TX-12629,2026-01-26,PROD-102,AI Analytics Engine Pro,Enterprise AI,APAC,1,8200,7920.51,2100,5820.51,1028.15,CUST-118,Growth SMB,Low
TX-12630,2026-01-27,PROD-102,AI Analytics Engine Pro,Enterprise AI,West,1,8200,8377.57,2100,6277.57,1153.05,CUST-836,At-Risk Midmarket,High
TX-12631,2026-01-27,PROD-104,Smart Edge Gateway,Hardware,EMEA,4,1800,7124.94,3800,3324.94,623.91,CUST-607,Growth SMB,Low
TX-12632,2026-01-27,PROD-106,Automated ETL Pipeline,Cloud Services,North,1,2900,2799.93,700,2099.93,314.01,CUST-747,New Startup,Medium
TX-12633,2026-01-28,PROD-101,Stratos Enterprise Suite,Cloud Services,North,2,4500,9386.98,2400,6986.98,936.07,CUST-279,Growth SMB,Medium
TX-12634,2026-01-28,PROD-106,Automated ETL Pipeline,Cloud Services,South,2,2900,5761.23,1400,4361.23,779.72,CUST-652,At-Risk Midmarket,High
TX-12635,2026-01-28,PROD-104,Smart Edge Gateway,Hardware,North,1,1800,1751.39,950,801.39,162.76,CUST-538,High-Value Enterprise,Low
TX-12636,2026-01-28,PROD-101,Stratos Enterprise Suite,Cloud Services,East,1,4500,4508.59,1200,3308.59,566.94,CUST-876,New Startup,Low
TX-12637,2026-01-28,PROD-103,Legacy Data Server V1,Hardware,East,1,3100,3177.47,2200,977.47,311.95,CUST-104,New Startup,Medium
TX-12638,2026-01-29,PROD-101,Stratos Enterprise Suite,Cloud Services,APAC,1,4500,4592.58,1200,3392.58,526.56,CUST-215,High-Value Enterprise,Medium
TX-12639,2026-01-29,PROD-104,Smart Edge Gateway,Hardware,West,4,1800,6924.53,3800,3124.53,727.18,CUST-662,Growth SMB,Low
TX-12640,2026-01-29,PROD-106,Automated ETL Pipeline,Cloud Services,Central,1,2900,2986.02,700,2286.02,287.61,CUST-976,High-Value Enterprise,Medium
TX-12641,2026-01-29,PROD-102,AI Analytics Engine Pro,Enterprise AI,APAC,1,8200,8267.87,2100,6167.87,1068.78,CUST-974,At-Risk Midmarket,High
TX-12642,2026-01-29,PROD-105,Strategic BI Advisory,Advisory,North,1,12000,12137.42,4500,7637.42,1475.95,CUST-923,New Startup,Low
TX-12643,2026-01-29,PROD-104,Smart Edge Gateway,Hardware,North,5,1800,9034.32,4750,4284.32,1165.67,CUST-940,Growth SMB,Low
TX-12644,2026-01-30,PROD-104,Smart Edge Gateway,Hardware,West,5,1800,8834.5,4750,4084.5,840.84,CUST-807,Growth SMB,Low
TX-12645,2026-01-30,PROD-105,Strategic BI Advisory,Advisory,West,1,12000,12388.23,4500,7888.23,1615.56,CUST-529,Growth SMB,Low
TX-12646,2026-01-30,PROD-104,Smart Edge Gateway,Hardware,APAC,1,1800,1861.64,950,911.64,204.58,CUST-924,Growth SMB,Low
TX-12647,2026-01-31,PROD-103,Legacy Data Server V1,Hardware,Central,1,3100,3207.55,2200,1007.55,310.74,CUST-726,At-Risk Midmarket,High
TX-12648,2026-01-31,PROD-106,Automated ETL Pipeline,Cloud Services,East,1,2900,2998.99,700,2298.99,246.27,CUST-179,At-Risk Midmarket,High
TX-12649,2026-01-31,PROD-101,Stratos Enterprise Suite,Cloud Services,West,2,4500,8555.07,2400,6155.07,897.75,CUST-856,At-Risk Midmarket,High
TX-12650,2026-01-31,PROD-105,Strategic BI Advisory,Advisory,Central,1,12000,11484.59,4500,6984.59,1114.15,CUST-422,Growth SMB,Low
TX-12651,2026-01-31,PROD-101,Stratos Enterprise Suite,Cloud Services,North,4,4500,17692.22,4800,12892.22,1865.75,CUST-772,High-Value Enterprise,Low
TX-12652,2026-02-01,PROD-102,AI Analytics Engine Pro,Enterprise AI,South,1,8200,8109.35,2100,6009.35,963.34,CUST-953,Growth SMB,Low
TX-12653,2026-02-01,PROD-104,Smart Edge Gateway,Hardware,South,1,1800,1789.22,950,839.22,173.41,CUST-979,High-Value Enterprise,Medium
TX-12654,2026-02-01,PROD-101,Stratos Enterprise Suite,Cloud Services,APAC,2,4500,8944.32,2400,6544.32,786.07,CUST-790,New Startup,Low
TX-12655,2026-02-01,PROD-102,AI Analytics Engine Pro,Enterprise AI,West,4,8200,33145.71,8400,24745.71,2838.92,CUST-970,At-Risk Midmarket,High
TX-12656,2026-02-01,PROD-105,Strategic BI Advisory,Advisory,East,1,12000,12442.31,4500,7942.31,1635.08,CUST-251,High-Value Enterprise,Low
TX-12657,2026-02-01,PROD-104,Smart Edge Gateway,Hardware,South,2,1800,3483.05,1900,1583.05,481.03,CUST-670,New Startup,Medium
TX-12658,2026-02-01,PROD-106,Automated ETL Pipeline,Cloud Services,West,1,2900,2756.67,700,2056.67,304.04,CUST-441,High-Value Enterprise,Low
TX-12659,2026-02-02,PROD-106,Automated ETL Pipeline,Cloud Services,North,1,2900,2797.52,700,2097.52,248.4,CUST-910,High-Value Enterprise,Low
TX-12660,2026-02-02,PROD-101,Stratos Enterprise Suite,Cloud Services,East,1,4500,4567.58,1200,3367.58,517.1,CUST-535,High-Value Enterprise,Medium
TX-12661,2026-02-02,PROD-101,Stratos Enterprise Suite,Cloud Services,North,2,4500,9444.21,2400,7044.21,1120.62,CUST-295,New Startup,Low
TX-12662,2026-02-02,PROD-103,Legacy Data Server V1,Hardware,North,1,3100,3160.02,2200,960.02,381.34,CUST-931,Growth SMB,High
TX-12663,2026-02-02,PROD-106,Automated ETL Pipeline,Cloud Services,West,1,2900,2852.0,700,2152.0,283.68,CUST-546,Growth SMB,Medium
TX-12664,2026-02-03,PROD-101,Stratos Enterprise Suite,Cloud Services,EMEA,4,4500,18429.11,4800,13629.11,2474.08,CUST-617,Growth SMB,Low
TX-12665,2026-02-03,PROD-105,Strategic BI Advisory,Advisory,West,1,12000,12468.47,4500,7968.47,1642.01,CUST-402,High-Value Enterprise,Medium
TX-12666,2026-02-03,PROD-104,Smart Edge Gateway,Hardware,West,1,1800,1734.54,950,784.54,197.3,CUST-195,High-Value Enterprise,Low
TX-12667,2026-02-04,PROD-104,Smart Edge Gateway,Hardware,North,2,1800,3436.31,1900,1536.31,395.74,CUST-152,High-Value Enterprise,Medium
TX-12668,2026-02-04,PROD-105,Strategic BI Advisory,Advisory,West,1,12000,12203.48,4500,7703.48,1570.91,CUST-450,New Startup,Low
TX-12669,2026-02-04,PROD-105,Strategic BI Advisory,Advisory,East,1,12000,12591.49,4500,8091.49,1482.38,CUST-895,High-Value Enterprise,Medium
TX-12670,2026-02-04,PROD-106,Automated ETL Pipeline,Cloud Services,South,2,2900,5915.18,1400,4515.18,787.94,CUST-616,New Startup,Medium
TX-12671,2026-02-04,PROD-105,Strategic BI Advisory,Advisory,South,1,12000,11703.48,4500,7203.48,1486.07,CUST-627,High-Value Enterprise,Low
TX-12672,2026-02-05,PROD-101,Stratos Enterprise Suite,Cloud Services,West,1,4500,4412.17,1200,3212.17,471.66,CUST-429,At-Risk Midmarket,High
TX-12673,2026-02-05,PROD-102,AI Analytics Engine Pro,Enterprise AI,EMEA,2,8200,16868.76,4200,12668.76,1575.89,CUST-558,At-Risk Midmarket,High
TX-12674,2026-02-05,PROD-102,AI Analytics Engine Pro,Enterprise AI,West,1,8200,7962.29,2100,5862.29,710.77,CUST-889,Growth SMB,Medium
TX-12675,2026-02-05,PROD-105,Strategic BI Advisory,Advisory,West,1,12000,12038.86,4500,7538.86,1679.16,CUST-847,Growth SMB,Low
TX-12676,2026-02-05,PROD-104,Smart Edge Gateway,Hardware,West,1,1800,1866.62,950,916.62,173.81,CUST-906,New Startup,Medium
TX-12677,2026-02-06,PROD-105,Strategic BI Advisory,Advisory,APAC,1,12000,12187.64,4500,7687.64,1260.55,CUST-630,New Startup,Medium
TX-12678,2026-02-06,PROD-102,AI Analytics Engine Pro,Enterprise AI,West,2,8200,16613.59,4200,12413.59,1764.27,CUST-905,Growth SMB,Low
TX-12679,2026-02-06,PROD-106,Automated ETL Pipeline,Cloud Services,West,1,2900,3022.91,700,2322.91,395.77,CUST-681,High-Value Enterprise,Low
TX-12680,2026-02-07,PROD-104,Smart Edge Gateway,Hardware,East,4,1800,7071.69,3800,3271.69,708.07,CUST-434,High-Value Enterprise,Low
TX-12681,2026-02-07,PROD-103,Legacy Data Server V1,Hardware,South,1,3100,3081.55,2200,881.55,297.25,CUST-219,At-Risk Midmarket,High
TX-12682,2026-02-07,PROD-102,AI Analytics Engine Pro,Enterprise AI,West,1,8200,8350.69,2100,6250.69,1058.66,CUST-405,High-Value Enterprise,Low
TX-12683,2026-02-07,PROD-103,Legacy Data Server V1,Hardware,East,2,3100,6268.09,4400,1868.09,719.51,CUST-232,High-Value Enterprise,Medium
TX-12684,2026-02-07,PROD-101,Stratos Enterprise Suite,Cloud Services,South,1,4500,4312.06,1200,3112.06,411.67,CUST-239,Growth SMB,Medium
TX-12685,2026-02-07,PROD-102,AI Analytics Engine Pro,Enterprise AI,West,1,8200,8167.01,2100,6067.01,800.0,CUST-915,Growth SMB,Low
TX-12686,2026-02-08,PROD-105,Strategic BI Advisory,Advisory,North,1,12000,12110.42,4500,7610.42,1102.32,CUST-559,High-Value Enterprise,Low
TX-12687,2026-02-08,PROD-103,Legacy Data Server V1,Hardware,North,1,3100,3192.17,2200,992.17,267.1,CUST-797,At-Risk Midmarket,High
TX-12688,2026-02-08,PROD-106,Automated ETL Pipeline,Cloud Services,EMEA,4,2900,11625.3,2800,8825.3,1286.05,CUST-274,High-Value Enterprise,Low
TX-12689,2026-02-08,PROD-106,Automated ETL Pipeline,Cloud Services,South,1,2900,2891.93,700,2191.93,321.02,CUST-299,At-Risk Midmarket,High
TX-12690,2026-02-08,PROD-104,Smart Edge Gateway,Hardware,West,1,1800,1730.95,950,780.95,185.93,CUST-823,High-Value Enterprise,Low
TX-12691,2026-02-09,PROD-103,Legacy Data Server V1,Hardware,West,1,3100,3178.69,2200,978.69,422.39,CUST-422,At-Risk Midmarket,High
TX-12692,2026-02-09,PROD-105,Strategic BI Advisory,Advisory,South,1,12000,12076.73,4500,7576.73,1259.11,CUST-822,New Startup,Low
TX-12693,2026-02-09,PROD-105,Strategic BI Advisory,Advisory,West,1,12000,11861.48,4500,7361.48,1165.1,CUST-616,Growth SMB,Low
TX-12694,2026-02-09,PROD-101,Stratos Enterprise Suite,Cloud Services,South,4,4500,18817.89,4800,14017.89,2379.5,CUST-493,Growth SMB,Medium
TX-12695,2026-02-09,PROD-105,Strategic BI Advisory,Advisory,APAC,1,12000,12505.94,4500,8005.94,1057.3,CUST-515,High-Value Enterprise,Low
TX-12696,2026-02-09,PROD-105,Strategic BI Advisory,Advisory,EMEA,1,12000,12068.7,4500,7568.7,1230.92,CUST-927,At-Risk Midmarket,High
TX-12697,2026-02-10,PROD-101,Stratos Enterprise Suite,Cloud Services,Central,2,4500,9266.59,2400,6866.59,777.09,CUST-813,Growth SMB,Low
TX-12698,2026-02-10,PROD-106,Automated ETL Pipeline,Cloud Services,East,2,2900,5681.56,1400,4281.56,459.94,CUST-629,High-Value Enterprise,Low
TX-12699,2026-02-10,PROD-102,AI Analytics Engine Pro,Enterprise AI,West,2,8200,16874.89,4200,12674.89,1440.35,CUST-224,High-Value Enterprise,Low
TX-12700,2026-02-10,PROD-105,Strategic BI Advisory,Advisory,East,4,12000,47606.92,18000,29606.92,4772.02,CUST-418,High-Value Enterprise,Medium
TX-12701,2026-02-10,PROD-101,Stratos Enterprise Suite,Cloud Services,South,2,4500,9360.8,2400,6960.8,828.34,CUST-330,New Startup,Low
TX-12702,2026-02-10,PROD-101,Stratos Enterprise Suite,Cloud Services,EMEA,8,4500,34224.91,9600,24624.91,2760.69,CUST-869,High-Value Enterprise,Low
TX-12703,2026-02-11,PROD-104,Smart Edge Gateway,Hardware,Central,1,1800,1799.81,950,849.81,227.77,CUST-864,High-Value Enterprise,Low
TX-12704,2026-02-11,PROD-104,Smart Edge Gateway,Hardware,EMEA,2,1800,3566.82,1900,1666.82,360.97,CUST-829,Growth SMB,Low
TX-12705,2026-02-11,PROD-104,Smart Edge Gateway,Hardware,EMEA,5,1800,9311.65,4750,4561.65,1250.77,CUST-660,At-Risk Midmarket,High
TX-12706,2026-02-11,PROD-105,Strategic BI Advisory,Advisory,North,1,12000,11411.87,4500,6911.87,1464.14,CUST-508,At-Risk Midmarket,High
TX-12707,2026-02-11,PROD-104,Smart Edge Gateway,Hardware,West,2,1800,3529.87,1900,1629.87,451.09,CUST-280,New Startup,Low
TX-12708,2026-02-11,PROD-103,Legacy Data Server V1,Hardware,North,1,3100,3147.57,2200,947.57,340.77,CUST-865,Growth SMB,Low
TX-12709,2026-02-12,PROD-104,Smart Edge Gateway,Hardware,North,1,1800,1806.41,950,856.41,252.05,CUST-572,At-Risk Midmarket,High
TX-12710,2026-02-12,PROD-101,Stratos Enterprise Suite,Cloud Services,West,1,4500,4560.27,1200,3360.27,443.31,CUST-499,Growth SMB,Low
TX-12711,2026-02-12,PROD-106,Automated ETL Pipeline,Cloud Services,Central,1,2900,2802.07,700,2102.07,258.75,CUST-531,High-Value Enterprise,Medium
TX-12712,2026-02-12,PROD-102,AI Analytics Engine Pro,Enterprise AI,North,1,8200,8176.57,2100,6076.57,687.66,CUST-402,At-Risk Midmarket,High
TX-12713,2026-02-13,PROD-104,Smart Edge Gateway,Hardware,North,2,1800,3654.59,1900,1754.59,343.77,CUST-635,Growth SMB,Low
TX-12714,2026-02-13,PROD-103,Legacy Data Server V1,Hardware,East,1,3100,3038.94,2200,838.94,262.83,CUST-775,High-Value Enterprise,High
TX-12715,2026-02-13,PROD-103,Legacy Data Server V1,Hardware,West,1,3100,3080.04,2200,880.04,359.02,CUST-143,At-Risk Midmarket,High
TX-12716,2026-02-13,PROD-104,Smart Edge Gateway,Hardware,West,1,1800,1835.16,950,885.16,226.62,CUST-977,At-Risk Midmarket,High
TX-12717,2026-02-13,PROD-101,Stratos Enterprise Suite,Cloud Services,EMEA,1,4500,4666.25,1200,3466.25,636.99,CUST-569,High-Value Enterprise,Low
TX-12718,2026-02-13,PROD-103,Legacy Data Server V1,Hardware,East,2,3100,6439.75,4400,2039.75,761.66,CUST-353,High-Value Enterprise,Low
TX-12719,2026-02-13,PROD-106,Automated ETL Pipeline,Cloud Services,East,2,2900,5604.57,1400,4204.57,705.23,CUST-681,New Startup,Low
TX-12720,2026-02-14,PROD-105,Strategic BI Advisory,Advisory,West,1,12000,11665.1,4500,7165.1,1402.28,CUST-993,New Startup,Low
TX-12721,2026-02-14,PROD-106,Automated ETL Pipeline,Cloud Services,South,1,2900,2928.07,700,2228.07,283.58,CUST-710,High-Value Enterprise,Low
TX-12722,2026-02-14,PROD-104,Smart Edge Gateway,Hardware,North,1,1800,1858.88,950,908.88,169.57,CUST-493,Growth SMB,Low
TX-12723,2026-02-14,PROD-106,Automated ETL Pipeline,Cloud Services,APAC,2,2900,5921.32,1400,4521.32,562.06,CUST-379,Growth SMB,Low
TX-12724,2026-02-14,PROD-104,Smart Edge Gateway,Hardware,South,2,1800,3541.88,1900,1641.88,325.21,CUST-224,High-Value Enterprise,Low
TX-12725,2026-02-14,PROD-101,Stratos Enterprise Suite,Cloud Services,South,2,4500,8774.84,2400,6374.84,746.46,CUST-576,New Startup,Medium
TX-12726,2026-02-15,PROD-103,Legacy Data Server V1,Hardware,Central,1,3100,3197.51,2200,997.51,375.43,CUST-833,High-Value Enterprise,Low
TX-12727,2026-02-15,PROD-101,Stratos Enterprise Suite,Cloud Services,Central,5,4500,22971.55,6000,16971.55,2889.74,CUST-615,High-Value Enterprise,Medium
TX-12728,2026-02-15,PROD-106,Automated ETL Pipeline,Cloud Services,North,1,2900,2873.45,700,2173.45,341.6,CUST-308,Growth SMB,Medium
TX-12729,2026-02-16,PROD-104,Smart Edge Gateway,Hardware,West,1,1800,1773.15,950,823.15,150.75,CUST-851,High-Value Enterprise,Medium
TX-12730,2026-02-16,PROD-102,AI Analytics Engine Pro,Enterprise AI,Central,1,8200,8020.65,2100,5920.65,889.97,CUST-455,High-Value Enterprise,Low
TX-12731,2026-02-16,PROD-104,Smart Edge Gateway,Hardware,South,5,1800,9261.7,4750,4511.7,829.47,CUST-229,New Startup,Medium
TX-12732,2026-02-16,PROD-101,Stratos Enterprise Suite,Cloud Services,East,2,4500,8799.28,2400,6399.28,820.77,CUST-925,High-Value Enterprise,Low
TX-12733,2026-02-17,PROD-101,Stratos Enterprise Suite,Cloud Services,EMEA,4,4500,18430.22,4800,13630.22,1564.98,CUST-192,New Startup,Low
TX-12734,2026-02-17,PROD-104,Smart Edge Gateway,Hardware,West,2,1800,3673.67,1900,1773.67,479.47,CUST-986,High-Value Enterprise,Low
TX-12735,2026-02-17,PROD-105,Strategic BI Advisory,Advisory,East,1,12000,12515.81,4500,8015.81,1559.88,CUST-565,Growth SMB,Low
TX-12736,2026-02-18,PROD-102,AI Analytics Engine Pro,Enterprise AI,North,2,8200,15781.37,4200,11581.37,1753.21,CUST-542,Growth SMB,Low
TX-12737,2026-02-18,PROD-102,AI Analytics Engine Pro,Enterprise AI,West,1,8200,8237.94,2100,6137.94,689.59,CUST-267,High-Value Enterprise,Low
TX-12738,2026-02-18,PROD-103,Legacy Data Server V1,Hardware,West,1,3100,3182.12,2200,982.12,349.93,CUST-729,Growth SMB,High
TX-12739,2026-02-18,PROD-106,Automated ETL Pipeline,Cloud Services,West,5,2900,14611.82,3500,11111.82,1244.58,CUST-665,At-Risk Midmarket,High
TX-12740,2026-02-19,PROD-102,AI Analytics Engine Pro,Enterprise AI,APAC,2,8200,16875.87,4200,12675.87,1577.41,CUST-263,High-Value Enterprise,Low
TX-12741,2026-02-19,PROD-105,Strategic BI Advisory,Advisory,East,1,12000,11602.5,4500,7102.5,1511.54,CUST-660,Growth SMB,Medium
TX-12742,2026-02-19,PROD-103,Legacy Data Server V1,Hardware,South,2,3100,6112.64,4400,1712.64,533.87,CUST-768,At-Risk Midmarket,High
TX-12743,2026-02-19,PROD-106,Automated ETL Pipeline,Cloud Services,APAC,1,2900,2910.67,700,2210.67,346.14,CUST-176,New Startup,Low
TX-12744,2026-02-20,PROD-104,Smart Edge Gateway,Hardware,South,1,1800,1773.06,950,823.06,151.6,CUST-407,High-Value Enterprise,Medium
TX-12745,2026-02-20,PROD-105,Strategic BI Advisory,Advisory,APAC,1,12000,11560.9,4500,7060.9,1058.8,CUST-310,At-Risk Midmarket,High
TX-12746,2026-02-20,PROD-102,AI Analytics Engine Pro,Enterprise AI,East,1,8200,8527.36,2100,6427.36,815.56,CUST-717,High-Value Enterprise,Low
TX-12747,2026-02-20,PROD-106,Automated ETL Pipeline,Cloud Services,APAC,1,2900,2871.97,700,2171.97,397.88,CUST-800,New Startup,Low
TX-12748,2026-02-20,PROD-104,Smart Edge Gateway,Hardware,East,4,1800,7186.22,3800,3386.22,721.62,CUST-468,Growth SMB,Medium
TX-12749,2026-02-20,PROD-105,Strategic BI Advisory,Advisory,South,1,12000,12524.12,4500,8024.12,1470.36,CUST-829,At-Risk Midmarket,High
TX-12750,2026-02-20,PROD-103,Legacy Data Server V1,Hardware,North,1,3100,3174.63,2200,974.63,402.25,CUST-290,Growth SMB,Low
TX-12751,2026-02-21,PROD-102,AI Analytics Engine Pro,Enterprise AI,East,1,8200,7935.98,2100,5835.98,671.81,CUST-835,Growth SMB,Medium
TX-12752,2026-02-21,PROD-101,Stratos Enterprise Suite,Cloud Services,North,2,4500,8794.49,2400,6394.49,825.98,CUST-196,High-Value Enterprise,Medium
TX-12753,2026-02-21,PROD-102,AI Analytics Engine Pro,Enterprise AI,South,1,8200,8312.95,2100,6212.95,902.99,CUST-246,At-Risk Midmarket,High
TX-12754,2026-02-21,PROD-103,Legacy Data Server V1,Hardware,South,1,3100,3225.0,2200,1025.0,353.04,CUST-342,At-Risk Midmarket,High
TX-12755,2026-02-21,PROD-102,AI Analytics Engine Pro,Enterprise AI,West,1,8200,7977.19,2100,5877.19,695.64,CUST-539,High-Value Enterprise,Low
TX-12756,2026-02-21,PROD-104,Smart Edge Gateway,Hardware,North,2,1800,3487.64,1900,1587.64,397.31,CUST-232,New Startup,Low
TX-12757,2026-02-21,PROD-102,AI Analytics Engine Pro,Enterprise AI,North,1,8200,8198.82,2100,6098.82,837.95,CUST-207,High-Value Enterprise,Low
TX-12758,2026-02-22,PROD-104,Smart Edge Gateway,Hardware,West,4,1800,7536.39,3800,3736.39,902.08,CUST-225,Growth SMB,Low
TX-12759,2026-02-22,PROD-103,Legacy Data Server V1,Hardware,East,1,3100,3244.98,2200,1044.98,278.5,CUST-394,New Startup,High
TX-12760,2026-02-22,PROD-105,Strategic BI Advisory,Advisory,South,1,12000,11586.9,4500,7086.9,1030.6,CUST-652,New Startup,Low
TX-12761,2026-02-22,PROD-104,Smart Edge Gateway,Hardware,East,2,1800,3687.66,1900,1787.66,426.86,CUST-678,Growth SMB,Low
TX-12762,2026-02-23,PROD-106,Automated ETL Pipeline,Cloud Services,Central,1,2900,2809.46,700,2109.46,350.52,CUST-668,High-Value Enterprise,Low
TX-12763,2026-02-23,PROD-101,Stratos Enterprise Suite,Cloud Services,South,2,4500,9072.48,2400,6672.48,792.91,CUST-273,Growth SMB,Low
TX-12764,2026-02-23,PROD-101,Stratos Enterprise Suite,Cloud Services,East,1,4500,4654.73,1200,3454.73,629.51,CUST-854,New Startup,Low
TX-12765,2026-02-23,PROD-106,Automated ETL Pipeline,Cloud Services,South,2,2900,5908.93,1400,4508.93,754.36,CUST-917,High-Value Enterprise,Medium
TX-12766,2026-02-24,PROD-101,Stratos Enterprise Suite,Cloud Services,APAC,1,4500,4594.73,1200,3394.73,425.63,CUST-419,At-Risk Midmarket,High
TX-12767,2026-02-24,PROD-105,Strategic BI Advisory,Advisory,APAC,1,12000,12066.59,4500,7566.59,1177.32,CUST-263,At-Risk Midmarket,High
TX-12768,2026-02-24,PROD-101,Stratos Enterprise Suite,Cloud Services,East,1,4500,4360.8,1200,3160.8,562.81,CUST-895,High-Value Enterprise,Medium
TX-12769,2026-02-24,PROD-104,Smart Edge Gateway,Hardware,West,1,1800,1727.91,950,777.91,222.93,CUST-252,At-Risk Midmarket,High
TX-12770,2026-02-24,PROD-103,Legacy Data Server V1,Hardware,East,1,3100,3067.39,2200,867.39,340.83,CUST-320,High-Value Enterprise,High
TX-12771,2026-02-24,PROD-104,Smart Edge Gateway,Hardware,Central,1,1800,1774.52,950,824.52,166.79,CUST-864,At-Risk Midmarket,High
TX-12772,2026-02-25,PROD-106,Automated ETL Pipeline,Cloud Services,West,1,2900,2807.9,700,2107.9,306.82,CUST-624,High-Value Enterprise,Low
TX-12773,2026-02-25,PROD-106,Automated ETL Pipeline,Cloud Services,North,2,2900,6001.83,1400,4601.83,688.26,CUST-124,At-Risk Midmarket,High
TX-12774,2026-02-25,PROD-101,Stratos Enterprise Suite,Cloud Services,South,1,4500,4653.9,1200,3453.9,406.25,CUST-667,Growth SMB,Medium
TX-12775,2026-02-25,PROD-101,Stratos Enterprise Suite,Cloud Services,East,1,4500,4451.96,1200,3251.96,574.55,CUST-891,New Startup,Low
TX-12776,2026-02-25,PROD-104,Smart Edge Gateway,Hardware,EMEA,1,1800,1861.73,950,911.73,256.92,CUST-179,Growth SMB,Low
TX-12777,2026-02-25,PROD-104,Smart Edge Gateway,Hardware,Central,4,1800,7129.17,3800,3329.17,747.1,CUST-573,Growth SMB,Low
TX-12778,2026-02-26,PROD-106,Automated ETL Pipeline,Cloud Services,East,1,2900,2969.23,700,2269.23,347.75,CUST-974,Growth SMB,Low
TX-12779,2026-02-26,PROD-102,AI Analytics Engine Pro,Enterprise AI,North,4,8200,33961.17,8400,25561.17,4670.11,CUST-742,Growth SMB,Medium
TX-12780,2026-02-26,PROD-103,Legacy Data Server V1,Hardware,East,1,3100,3190.09,2200,990.09,409.27,CUST-998,High-Value Enterprise,High
TX-12781,2026-02-26,PROD-103,Legacy Data Server V1,Hardware,South,1,3100,3253.98,2200,1053.98,429.92,CUST-845,At-Risk Midmarket,High
TX-12782,2026-02-27,PROD-104,Smart Edge Gateway,Hardware,West,2,1800,3753.3,1900,1853.3,474.53,CUST-132,At-Risk Midmarket,High
TX-12783,2026-02-27,PROD-103,Legacy Data Server V1,Hardware,APAC,1,3100,3070.94,2200,870.94,396.41,CUST-568,Growth SMB,Medium
TX-12784,2026-02-27,PROD-103,Legacy Data Server V1,Hardware,East,1,3100,3147.21,2200,947.21,420.28,CUST-853,High-Value Enterprise,Medium
TX-12785,2026-02-27,PROD-102,AI Analytics Engine Pro,Enterprise AI,East,1,8200,8009.4,2100,5909.4,704.42,CUST-658,New Startup,Medium
TX-12786,2026-02-27,PROD-101,Stratos Enterprise Suite,Cloud Services,North,2,4500,9400.12,2400,7000.12,932.61,CUST-976,High-Value Enterprise,Medium
TX-12787,2026-02-28,PROD-106,Automated ETL Pipeline,Cloud Services,East,8,2900,24137.18,5600,18537.18,2169.72,CUST-436,Growth SMB,Low
TX-12788,2026-02-28,PROD-106,Automated ETL Pipeline,Cloud Services,East,1,2900,2865.9,700,2165.9,296.97,CUST-803,High-Value Enterprise,Low
TX-12789,2026-02-28,PROD-102,AI Analytics Engine Pro,Enterprise AI,Central,1,8200,8305.57,2100,6205.57,1068.1,CUST-404,High-Value Enterprise,Low
TX-12790,2026-02-28,PROD-102,AI Analytics Engine Pro,Enterprise AI,West,1,8200,7826.4,2100,5726.4,799.45,CUST-356,Growth SMB,Low
TX-12791,2026-02-28,PROD-104,Smart Edge Gateway,Hardware,Central,4,1800,7302.23,3800,3502.23,834.58,CUST-450,Growth SMB,Low
TX-12792,2026-02-28,PROD-105,Strategic BI Advisory,Advisory,East,2,12000,25026.77,9000,16026.77,3291.14,CUST-663,At-Risk Midmarket,High
TX-12793,2026-02-28,PROD-101,Stratos Enterprise Suite,Cloud Services,EMEA,1,4500,4512.11,1200,3312.11,507.81,CUST-418,High-Value Enterprise,Low
TX-12794,2026-03-01,PROD-104,Smart Edge Gateway,Hardware,APAC,8,1800,14215.41,7600,6615.41,1277.81,CUST-886,Growth SMB,Medium
TX-12795,2026-03-01,PROD-102,AI Analytics Engine Pro,Enterprise AI,East,1,8200,8599.64,2100,6499.64,1128.39,CUST-846,High-Value Enterprise,Medium
TX-12796,2026-03-01,PROD-103,Legacy Data Server V1,Hardware,South,1,3100,3155.76,2200,955.76,308.49,CUST-928,At-Risk Midmarket,High
TX-12797,2026-03-02,PROD-105,Strategic BI Advisory,Advisory,East,1,12000,11736.35,4500,7236.35,1562.22,CUST-427,At-Risk Midmarket,High
TX-12798,2026-03-02,PROD-106,Automated ETL Pipeline,Cloud Services,APAC,1,2900,2862.2,700,2162.2,273.16,CUST-465,New Startup,Low
TX-12799,2026-03-02,PROD-101,Stratos Enterprise Suite,Cloud Services,EMEA,3,4500,13234.49,3600,9634.49,1254.88,CUST-265,Growth SMB,Low
TX-12800,2026-03-02,PROD-101,Stratos Enterprise Suite,Cloud Services,North,1,4500,4407.23,1200,3207.23,425.61,CUST-535,High-Value Enterprise,Medium
TX-12801,2026-03-02,PROD-101,Stratos Enterprise Suite,Cloud Services,East,3,4500,12851.91,3600,9251.91,1526.39,CUST-662,New Startup,Low
TX-12802,2026-03-03,PROD-101,Stratos Enterprise Suite,Cloud Services,North,1,4500,4670.66,1200,3470.66,498.95,CUST-593,High-Value Enterprise,Low
TX-12803,2026-03-03,PROD-103,Legacy Data Server V1,Hardware,North,1,3100,3142.0,2200,942.0,328.94,CUST-911,Growth SMB,High
TX-12804,2026-03-03,PROD-101,Stratos Enterprise Suite,Cloud Services,EMEA,1,4500,4322.72,1200,3122.72,562.12,CUST-520,Growth SMB,Low
TX-12805,2026-03-03,PROD-105,Strategic BI Advisory,Advisory,West,1,12000,12340.37,4500,7840.37,1080.31,CUST-787,New Startup,Medium
TX-12806,2026-03-03,PROD-106,Automated ETL Pipeline,Cloud Services,North,6,2900,17243.94,4200,13043.94,1390.79,CUST-636,At-Risk Midmarket,High
TX-12807,2026-03-03,PROD-105,Strategic BI Advisory,Advisory,East,1,12000,12469.16,4500,7969.16,1323.47,CUST-828,At-Risk Midmarket,High
TX-12808,2026-03-03,PROD-101,Stratos Enterprise Suite,Cloud Services,West,4,4500,18819.12,4800,14019.12,1808.79,CUST-837,High-Value Enterprise,Low
TX-12809,2026-03-04,PROD-104,Smart Edge Gateway,Hardware,East,1,1800,1867.12,950,917.12,154.12,CUST-183,Growth SMB,Low
TX-12810,2026-03-04,PROD-105,Strategic BI Advisory,Advisory,West,1,12000,11731.79,4500,7231.79,973.81,CUST-927,Growth SMB,Low
TX-12811,2026-03-04,PROD-102,AI Analytics Engine Pro,Enterprise AI,West,1,8200,8236.78,2100,6136.78,1140.18,CUST-482,Growth SMB,Low
TX-12812,2026-03-04,PROD-102,AI Analytics Engine Pro,Enterprise AI,West,1,8200,8494.28,2100,6394.28,832.96,CUST-681,New Startup,Low
TX-12813,2026-03-05,PROD-105,Strategic BI Advisory,Advisory,EMEA,1,12000,11662.28,4500,7162.28,1243.78,CUST-498,High-Value Enterprise,Medium
TX-12814,2026-03-05,PROD-106,Automated ETL Pipeline,Cloud Services,West,4,2900,11133.25,2800,8333.25,1321.15,CUST-911,At-Risk Midmarket,High
TX-12815,2026-03-05,PROD-103,Legacy Data Server V1,Hardware,South,1,3100,3120.66,2200,920.66,324.09,CUST-844,New Startup,Medium
TX-12816,2026-03-05,PROD-103,Legacy Data Server V1,Hardware,APAC,1,3100,3187.7,2200,987.7,400.18,CUST-230,Growth SMB,Medium
TX-12817,2026-03-06,PROD-104,Smart Edge Gateway,Hardware,EMEA,3,1800,5574.46,2850,2724.46,571.24,CUST-288,At-Risk Midmarket,High
TX-12818,2026-03-06,PROD-104,Smart Edge Gateway,Hardware,South,6,1800,10346.55,5700,4646.55,1267.65,CUST-360,Growth SMB,Low
TX-12819,2026-03-06,PROD-104,Smart Edge Gateway,Hardware,East,3,1800,5562.88,2850,2712.88,575.37,CUST-937,Growth SMB,Low
TX-12820,2026-03-06,PROD-102,AI Analytics Engine Pro,Enterprise AI,South,1,8200,7972.12,2100,5872.12,992.62,CUST-129,High-Value Enterprise,Low
TX-12821,2026-03-06,PROD-105,Strategic BI Advisory,Advisory,West,1,12000,11947.04,4500,7447.04,1355.57,CUST-371,High-Value Enterprise,Medium
TX-12822,2026-03-06,PROD-101,Stratos Enterprise Suite,Cloud Services,Central,3,4500,13435.78,3600,9835.78,1201.85,CUST-262,At-Risk Midmarket,High
TX-12823,2026-03-06,PROD-104,Smart Edge Gateway,Hardware,East,1,1800,1857.94,950,907.94,184.99,CUST-360,Growth SMB,Medium
TX-12824,2026-03-07,PROD-101,Stratos Enterprise Suite,Cloud Services,APAC,3,4500,13916.65,3600,10316.65,1237.48,CUST-541,High-Value Enterprise,Low
TX-12825,2026-03-07,PROD-106,Automated ETL Pipeline,Cloud Services,South,3,2900,9088.43,2100,6988.43,914.03,CUST-980,Growth SMB,Low
TX-12826,2026-03-07,PROD-101,Stratos Enterprise Suite,Cloud Services,South,1,4500,4619.77,1200,3419.77,535.59,CUST-393,High-Value Enterprise,Medium
TX-12827,2026-03-07,PROD-104,Smart Edge Gateway,Hardware,North,1,1800,1865.59,950,915.59,214.33,CUST-816,Growth SMB,Low
TX-12828,2026-03-07,PROD-105,Strategic BI Advisory,Advisory,South,1,12000,11886.1,4500,7386.1,1456.61,CUST-287,High-Value Enterprise,Medium
TX-12829,2026-03-08,PROD-104,Smart Edge Gateway,Hardware,North,1,1800,1816.26,950,866.26,177.39,CUST-316,At-Risk Midmarket,High
TX-12830,2026-03-08,PROD-102,AI Analytics Engine Pro,Enterprise AI,North,1,8200,8264.22,2100,6164.22,783.22,CUST-882,Growth SMB,Low
TX-12831,2026-03-08,PROD-103,Legacy Data Server V1,Hardware,Central,1,3100,3191.05,2200,991.05,266.93,CUST-687,Growth SMB,High
TX-12832,2026-03-08,PROD-103,Legacy Data Server V1,Hardware,East,1,3100,3064.55,2200,864.55,299.54,CUST-143,At-Risk Midmarket,High
TX-12833,2026-03-08,PROD-103,Legacy Data Server V1,Hardware,South,1,3100,3136.57,2200,936.57,379.46,CUST-927,At-Risk Midmarket,High
TX-12834,2026-03-09,PROD-105,Strategic BI Advisory,Advisory,South,1,12000,11850.19,4500,7350.19,1463.74,CUST-877,Growth SMB,Low
TX-12835,2026-03-09,PROD-102,AI Analytics Engine Pro,Enterprise AI,West,1,8200,8108.2,2100,6008.2,943.86,CUST-445,Growth SMB,Medium
TX-12836,2026-03-09,PROD-106,Automated ETL Pipeline,Cloud Services,EMEA,1,2900,2772.8,700,2072.8,273.56,CUST-626,At-Risk Midmarket,High
TX-12837,2026-03-09,PROD-106,Automated ETL Pipeline,Cloud Services,East,6,2900,17119.01,4200,12919.01,1632.29,CUST-876,Growth SMB,Low
TX-12838,2026-03-09,PROD-101,Stratos Enterprise Suite,Cloud Services,West,3,4500,13359.27,3600,9759.27,1782.24,CUST-533,High-Value Enterprise,Low
TX-12839,2026-03-10,PROD-102,AI Analytics Engine Pro,Enterprise AI,South,1,8200,8029.68,2100,5929.68,664.38,CUST-938,High-Value Enterprise,Low
TX-12840,2026-03-10,PROD-102,AI Analytics Engine Pro,Enterprise AI,South,1,8200,8015.66,2100,5915.66,1024.94,CUST-324,Growth SMB,Low
TX-12841,2026-03-10,PROD-106,Automated ETL Pipeline,Cloud Services,North,11,2900,31287.92,7700,23587.92,3454.86,CUST-274,High-Value Enterprise,Low
TX-12842,2026-03-10,PROD-105,Strategic BI Advisory,Advisory,West,1,12000,11687.53,4500,7187.53,1239.62,CUST-930,Growth SMB,Low
TX-12843,2026-03-11,PROD-105,Strategic BI Advisory,Advisory,South,1,12000,12587.5,4500,8087.5,1410.08,CUST-482,High-Value Enterprise,Medium
TX-12844,2026-03-11,PROD-105,Strategic BI Advisory,Advisory,South,1,12000,12585.9,4500,8085.9,1463.85,CUST-135,At-Risk Midmarket,High
TX-12845,2026-03-11,PROD-105,Strategic BI Advisory,Advisory,North,1,12000,11633.09,4500,7133.09,1179.27,CUST-863,Growth SMB,Low
TX-12846,2026-03-12,PROD-106,Automated ETL Pipeline,Cloud Services,APAC,4,2900,11148.51,2800,8348.51,1436.01,CUST-201,High-Value Enterprise,Low
TX-12847,2026-03-12,PROD-105,Strategic BI Advisory,Advisory,West,1,12000,11466.85,4500,6966.85,1549.29,CUST-491,At-Risk Midmarket,High
TX-12848,2026-03-12,PROD-102,AI Analytics Engine Pro,Enterprise AI,East,1,8200,7853.4,2100,5753.4,843.17,CUST-739,Growth SMB,Medium
TX-12849,2026-03-12,PROD-102,AI Analytics Engine Pro,Enterprise AI,West,1,8200,7940.27,2100,5840.27,1003.15,CUST-132,New Startup,Low
TX-12850,2026-03-12,PROD-106,Automated ETL Pipeline,Cloud Services,South,4,2900,12126.6,2800,9326.6,1052.5,CUST-135,Growth SMB,Low
TX-12851,2026-03-13,PROD-103,Legacy Data Server V1,Hardware,North,1,3100,2960.41,2200,760.41,353.16,CUST-989,High-Value Enterprise,High
TX-12852,2026-03-13,PROD-103,Legacy Data Server V1,Hardware,East,1,3100,3055.51,2200,855.51,427.4,CUST-646,New Startup,Low
TX-12853,2026-03-13,PROD-101,Stratos Enterprise Suite,Cloud Services,North,1,4500,4347.24,1200,3147.24,428.96,CUST-640,Growth SMB,Low
TX-12854,2026-03-13,PROD-104,Smart Edge Gateway,Hardware,North,1,1800,1834.76,950,884.76,153.58,CUST-252,New Startup,Low
TX-12855,2026-03-13,PROD-106,Automated ETL Pipeline,Cloud Services,West,1,2900,2965.77,700,2265.77,261.58,CUST-887,At-Risk Midmarket,High
TX-12856,2026-03-13,PROD-101,Stratos Enterprise Suite,Cloud Services,North,4,4500,18146.73,4800,13346.73,2433.16,CUST-357,High-Value Enterprise,Low
TX-12857,2026-03-13,PROD-104,Smart Edge Gateway,Hardware,West,8,1800,14334.76,7600,6734.76,1515.48,CUST-554,High-Value Enterprise,Medium
TX-12858,2026-03-14,PROD-106,Automated ETL Pipeline,Cloud Services,East,6,2900,16988.98,4200,12788.98,1604.08,CUST-753,Growth SMB,Low
TX-12859,2026-03-14,PROD-105,Strategic BI Advisory,Advisory,North,1,12000,12296.93,4500,7796.93,1579.99,CUST-879,Growth SMB,Low
TX-12860,2026-03-14,PROD-106,Automated ETL Pipeline,Cloud Services,North,3,2900,8489.48,2100,6389.48,857.76,CUST-473,New Startup,Low
TX-12861,2026-03-14,PROD-103,Legacy Data Server V1,Hardware,Central,1,3100,3187.32,2200,987.32,358.61,CUST-296,High-Value Enterprise,Low
TX-12862,2026-03-14,PROD-103,Legacy Data Server V1,Hardware,East,1,3100,3233.04,2200,1033.04,311.94,CUST-209,New Startup,Medium
TX-12863,2026-03-15,PROD-103,Legacy Data Server V1,Hardware,West,1,3100,3129.02,2200,929.02,421.61,CUST-755,Growth SMB,High
TX-12864,2026-03-15,PROD-105,Strategic BI Advisory,Advisory,North,1,12000,11554.86,4500,7054.86,997.96,CUST-154,Growth SMB,Medium
TX-12865,2026-03-15,PROD-103,Legacy Data Server V1,Hardware,North,1,3100,3124.24,2200,924.24,268.33,CUST-583,Growth SMB,Low
TX-12866,2026-03-15,PROD-106,Automated ETL Pipeline,Cloud Services,EMEA,1,2900,2912.61,700,2212.61,248.18,CUST-126,At-Risk Midmarket,High
TX-12867,2026-03-15,PROD-101,Stratos Enterprise Suite,Cloud Services,Central,3,4500,13346.71,3600,9746.71,1443.07,CUST-673,New Startup,Low
TX-12868,2026-03-15,PROD-103,Legacy Data Server V1,Hardware,APAC,1,3100,3052.72,2200,852.72,361.36,CUST-218,New Startup,High
TX-12869,2026-03-16,PROD-103,Legacy Data Server V1,Hardware,North,1,3100,3121.62,2200,921.62,382.25,CUST-899,At-Risk Midmarket,High
TX-12870,2026-03-16,PROD-102,AI Analytics Engine Pro,Enterprise AI,EMEA,1,8200,7834.83,2100,5734.83,1074.66,CUST-150,Growth SMB,Medium
TX-12871,2026-03-16,PROD-103,Legacy Data Server V1,Hardware,EMEA,1,3100,3134.52,2200,934.52,270.84,CUST-326,At-Risk Midmarket,High
TX-12872,2026-03-17,PROD-103,Legacy Data Server V1,Hardware,West,1,3100,2976.02,2200,776.02,291.7,CUST-754,High-Value Enterprise,High
TX-12873,2026-03-17,PROD-103,Legacy Data Server V1,Hardware,East,1,3100,3005.9,2200,805.9,385.56,CUST-865,High-Value Enterprise,High
TX-12874,2026-03-17,PROD-103,Legacy Data Server V1,Hardware,APAC,1,3100,3051.62,2200,851.62,336.81,CUST-885,Growth SMB,Low
TX-12875,2026-03-17,PROD-104,Smart Edge Gateway,Hardware,Central,1,1800,1879.97,950,929.97,160.08,CUST-225,At-Risk Midmarket,High
TX-12876,2026-03-17,PROD-101,Stratos Enterprise Suite,Cloud Services,East,3,4500,13210.72,3600,9610.72,1323.87,CUST-669,At-Risk Midmarket,High
TX-12877,2026-03-18,PROD-101,Stratos Enterprise Suite,Cloud Services,APAC,3,4500,13092.99,3600,9492.99,1443.64,CUST-928,High-Value Enterprise,Low
TX-12878,2026-03-18,PROD-104,Smart Edge Gateway,Hardware,West,1,1800,1874.78,950,924.78,251.49,CUST-194,Growth SMB,Medium
TX-12879,2026-03-18,PROD-105,Strategic BI Advisory,Advisory,West,1,12000,11883.45,4500,7383.45,1557.54,CUST-513,At-Risk Midmarket,High
TX-12880,2026-03-19,PROD-104,Smart Edge Gateway,Hardware,East,3,1800,5218.26,2850,2368.26,496.34,CUST-899,High-Value Enterprise,Low
TX-12881,2026-03-19,PROD-104,Smart Edge Gateway,Hardware,West,1,1800,1770.09,950,820.09,200.84,CUST-224,High-Value Enterprise,Low
TX-12882,2026-03-19,PROD-102,AI Analytics Engine Pro,Enterprise AI,South,1,8200,8311.03,2100,6211.03,823.29,CUST-947,At-Risk Midmarket,High
TX-12883,2026-03-19,PROD-105,Strategic BI Advisory,Advisory,South,1,12000,11535.35,4500,7035.35,1030.88,CUST-717,High-Value Enterprise,Low
TX-12884,2026-03-20,PROD-101,Stratos Enterprise Suite,Cloud Services,East,3,4500,13415.07,3600,9815.07,1306.83,CUST-631,At-Risk Midmarket,High
TX-12885,2026-03-20,PROD-105,Strategic BI Advisory,Advisory,South,1,12000,11511.16,4500,7011.16,1376.74,CUST-271,Growth SMB,Medium
TX-12886,2026-03-20,PROD-101,Stratos Enterprise Suite,Cloud Services,North,4,4500,18306.74,4800,13506.74,1729.24,CUST-655,Growth SMB,Low
TX-12887,2026-03-20,PROD-105,Strategic BI Advisory,Advisory,Central,1,12000,12201.57,4500,7701.57,1149.47,CUST-989,Growth SMB,Low
TX-12888,2026-03-20,PROD-105,Strategic BI Advisory,Advisory,West,1,12000,12324.4,4500,7824.4,1311.45,CUST-103,At-Risk Midmarket,High
TX-12889,2026-03-20,PROD-105,Strategic BI Advisory,Advisory,East,1,12000,12210.01,4500,7710.01,1399.17,CUST-601,New Startup,Medium
TX-12890,2026-03-20,PROD-103,Legacy Data Server V1,Hardware,Central,1,3100,3248.31,2200,1048.31,399.66,CUST-893,High-Value Enterprise,High
TX-12891,2026-03-21,PROD-105,Strategic BI Advisory,Advisory,South,1,12000,11438.53,4500,6938.53,1319.79,CUST-809,At-Risk Midmarket,High
TX-12892,2026-03-21,PROD-103,Legacy Data Server V1,Hardware,North,1,3100,3227.98,2200,1027.98,315.97,CUST-308,At-Risk Midmarket,High
TX-12893,2026-03-21,PROD-101,Stratos Enterprise Suite,Cloud Services,Central,4,4500,17289.05,4800,12489.05,1829.54,CUST-678,Growth SMB,Low
TX-12894,2026-03-21,PROD-106,Automated ETL Pipeline,Cloud Services,Central,11,2900,31171.04,7700,23471.04,2504.32,CUST-876,At-Risk Midmarket,High
TX-12895,2026-03-21,PROD-101,Stratos Enterprise Suite,Cloud Services,East,3,4500,13161.03,3600,9561.03,1699.67,CUST-686,High-Value Enterprise,Low
TX-12896,2026-03-21,PROD-103,Legacy Data Server V1,Hardware,East,1,3100,3194.98,2200,994.98,357.96,CUST-474,Growth SMB,Low
TX-12897,2026-03-21,PROD-101,Stratos Enterprise Suite,Cloud Services,West,3,4500,13811.71,3600,10211.71,1757.02,CUST-826,New Startup,Low
TX-12898,2026-03-22,PROD-104,Smart Edge Gateway,Hardware,APAC,1,1800,1790.56,950,840.56,160.29,CUST-486,At-Risk Midmarket,High
TX-12899,2026-03-22,PROD-106,Automated ETL Pipeline,Cloud Services,South,3,2900,8614.82,2100,6514.82,822.37,CUST-299,High-Value Enterprise,Low
TX-12900,2026-03-22,PROD-106,Automated ETL Pipeline,Cloud Services,APAC,4,2900,11541.87,2800,8741.87,1497.62,CUST-927,High-Value Enterprise,Low
TX-12901,2026-03-23,PROD-104,Smart Edge Gateway,Hardware,West,3,1800,5493.9,2850,2643.9,674.34,CUST-333,High-Value Enterprise,Low
TX-12902,2026-03-23,PROD-102,AI Analytics Engine Pro,Enterprise AI,East,3,8200,24952.01,6300,18652.01,3025.04,CUST-744,Growth SMB,Low
TX-12903,2026-03-23,PROD-102,AI Analytics Engine Pro,Enterprise AI,Central,3,8200,25372.68,6300,19072.68,2798.78,CUST-988,High-Value Enterprise,Low
TX-12904,2026-03-23,PROD-102,AI Analytics Engine Pro,Enterprise AI,South,1,8200,8494.76,2100,6394.76,1158.07,CUST-219,Growth SMB,Medium
TX-12905,2026-03-23,PROD-101,Stratos Enterprise Suite,Cloud Services,West,3,4500,13688.67,3600,10088.67,1157.69,CUST-916,At-Risk Midmarket,High
TX-12906,2026-03-24,PROD-103,Legacy Data Server V1,Hardware,South,1,3100,3022.22,2200,822.22,366.75,CUST-494,High-Value Enterprise,High
TX-12907,2026-03-24,PROD-104,Smart Edge Gateway,Hardware,North,3,1800,5482.42,2850,2632.42,539.14,CUST-155,At-Risk Midmarket,High
TX-12908,2026-03-24,PROD-104,Smart Edge Gateway,Hardware,EMEA,3,1800,5470.12,2850,2620.12,445.68,CUST-449,Growth SMB,Medium
TX-12909,2026-03-25,PROD-106,Automated ETL Pipeline,Cloud Services,West,1,2900,2797.69,700,2097.69,385.89,CUST-662,High-Value Enterprise,Medium
TX-12910,2026-03-25,PROD-106,Automated ETL Pipeline,Cloud Services,East,1,2900,2827.46,700,2127.46,300.21,CUST-434,At-Risk Midmarket,High
TX-12911,2026-03-25,PROD-101,Stratos Enterprise Suite,Cloud Services,North,3,4500,13742.67,3600,10142.67,1341.28,CUST-949,At-Risk Midmarket,High
TX-12912,2026-03-25,PROD-106,Automated ETL Pipeline,Cloud Services,East,1,2900,2758.22,700,2058.22,348.13,CUST-434,At-Risk Midmarket,High
TX-12913,2026-03-25,PROD-103,Legacy Data Server V1,Hardware,East,4,3100,12374.75,8800,3574.75,1095.31,CUST-562,High-Value Enterprise,Medium
TX-12914,2026-03-25,PROD-105,Strategic BI Advisory,Advisory,Central,1,12000,11892.86,4500,7392.86,1589.62,CUST-179,High-Value Enterprise,Low
TX-12915,2026-03-25,PROD-103,Legacy Data Server V1,Hardware,North,1,3100,3191.32,2200,991.32,371.63,CUST-120,At-Risk Midmarket,High
TX-12916,2026-03-26,PROD-105,Strategic BI Advisory,Advisory,EMEA,1,12000,11861.8,4500,7361.8,1209.65,CUST-239,Growth SMB,Medium
TX-12917,2026-03-26,PROD-102,AI Analytics Engine Pro,Enterprise AI,EMEA,1,8200,8374.42,2100,6274.42,1084.1,CUST-706,At-Risk Midmarket,High
TX-12918,2026-03-26,PROD-105,Strategic BI Advisory,Advisory,Central,1,12000,12295.16,4500,7795.16,1348.42,CUST-552,High-Value Enterprise,Low
TX-12919,2026-03-26,PROD-101,Stratos Enterprise Suite,Cloud Services,East,4,4500,18027.34,4800,13227.34,2004.2,CUST-721,Growth SMB,Low
TX-12920,2026-03-26,PROD-104,Smart Edge Gateway,Hardware,South,4,1800,6864.19,3800,3064.19,688.28,CUST-998,Growth SMB,Low
TX-12921,2026-03-26,PROD-102,AI Analytics Engine Pro,Enterprise AI,Central,1,8200,7836.69,2100,5736.69,853.72,CUST-341,Growth SMB,Medium
TX-12922,2026-03-26,PROD-106,Automated ETL Pipeline,Cloud Services,West,1,2900,2783.39,700,2083.39,231.62,CUST-724,Growth SMB,Low
TX-12923,2026-03-27,PROD-102,AI Analytics Engine Pro,Enterprise AI,West,1,8200,8252.01,2100,6152.01,1140.88,CUST-241,Growth SMB,Medium
TX-12924,2026-03-27,PROD-106,Automated ETL Pipeline,Cloud Services,APAC,3,2900,8535.47,2100,6435.47,1002.9,CUST-209,High-Value Enterprise,Low
TX-12925,2026-03-27,PROD-102,AI Analytics Engine Pro,Enterprise AI,West,3,8200,24968.67,6300,18668.67,3310.51,CUST-625,Growth SMB,Medium
TX-12926,2026-03-27,PROD-101,Stratos Enterprise Suite,Cloud Services,North,4,4500,18785.29,4800,13985.29,1629.59,CUST-952,At-Risk Midmarket,High
TX-12927,2026-03-27,PROD-103,Legacy Data Server V1,Hardware,Central,1,3100,3243.83,2200,1043.83,391.74,CUST-394,At-Risk Midmarket,High
TX-12928,2026-03-27,PROD-102,AI Analytics Engine Pro,Enterprise AI,East,3,8200,25724.26,6300,19424.26,3288.11,CUST-445,High-Value Enterprise,Medium
TX-12929,2026-03-27,PROD-102,AI Analytics Engine Pro,Enterprise AI,West,1,8200,8555.54,2100,6455.54,990.9,CUST-450,At-Risk Midmarket,High
TX-12930,2026-03-28,PROD-102,AI Analytics Engine Pro,Enterprise AI,East,1,8200,8574.3,2100,6474.3,925.66,CUST-785,Growth SMB,Medium
TX-12931,2026-03-28,PROD-106,Automated ETL Pipeline,Cloud Services,Central,8,2900,23284.09,5600,17684.09,2139.11,CUST-627,Growth SMB,Low
TX-12932,2026-03-28,PROD-101,Stratos Enterprise Suite,Cloud Services,Central,1,4500,4481.23,1200,3281.23,376.63,CUST-888,High-Value Enterprise,Low
TX-12933,2026-03-29,PROD-106,Automated ETL Pipeline,Cloud Services,EMEA,4,2900,11636.31,2800,8836.31,961.34,CUST-565,High-Value Enterprise,Low
TX-12934,2026-03-29,PROD-102,AI Analytics Engine Pro,Enterprise AI,Central,1,8200,8586.75,2100,6486.75,1024.39,CUST-820,High-Value Enterprise,Low
TX-12935,2026-03-29,PROD-104,Smart Edge Gateway,Hardware,North,3,1800,5541.93,2850,2691.93,656.79,CUST-719,At-Risk Midmarket,High
TX-12936,2026-03-29,PROD-106,Automated ETL Pipeline,Cloud Services,South,1,2900,2960.24,700,2260.24,272.46,CUST-502,Growth SMB,Medium
TX-12937,2026-03-29,PROD-103,Legacy Data Server V1,Hardware,South,1,3100,3071.27,2200,871.27,344.15,CUST-570,Growth SMB,Low
TX-12938,2026-03-30,PROD-105,Strategic BI Advisory,Advisory,EMEA,1,12000,12018.77,4500,7518.77,1070.2,CUST-250,Growth SMB,Medium
TX-12939,2026-03-30,PROD-104,Smart Edge Gateway,Hardware,West,4,1800,7319.39,3800,3519.39,673.22,CUST-360,Growth SMB,Low
TX-12940,2026-03-30,PROD-106,Automated ETL Pipeline,Cloud Services,East,1,2900,2827.93,700,2127.93,262.67,CUST-653,At-Risk Midmarket,High
TX-12941,2026-03-30,PROD-104,Smart Edge Gateway,Hardware,East,8,1800,15025.85,7600,7425.85,1951.79,CUST-945,At-Risk Midmarket,High
TX-12942,2026-03-30,PROD-105,Strategic BI Advisory,Advisory,Central,1,12000,11825.71,4500,7325.71,1580.39,CUST-835,Growth SMB,Low
TX-12943,2026-03-30,PROD-103,Legacy Data Server V1,Hardware,South,3,3100,9088.81,6600,2488.81,986.38,CUST-723,Growth SMB,High
TX-12944,2026-03-30,PROD-101,Stratos Enterprise Suite,Cloud Services,Central,1,4500,4609.84,1200,3409.84,378.51,CUST-945,New Startup,Low
TX-12945,2026-03-31,PROD-105,Strategic BI Advisory,Advisory,South,1,12000,11811.02,4500,7311.02,1102.74,CUST-597,At-Risk Midmarket,High
TX-12946,2026-03-31,PROD-102,AI Analytics Engine Pro,Enterprise AI,North,1,8200,7978.06,2100,5878.06,667.44,CUST-772,Growth SMB,Low
TX-12947,2026-03-31,PROD-101,Stratos Enterprise Suite,Cloud Services,East,1,4500,4440.26,1200,3240.26,563.72,CUST-339,Growth SMB,Low
TX-12948,2026-03-31,PROD-106,Automated ETL Pipeline,Cloud Services,Central,3,2900,8341.82,2100,6241.82,1004.86,CUST-950,At-Risk Midmarket,High
TX-12949,2026-03-31,PROD-102,AI Analytics Engine Pro,Enterprise AI,Central,1,8200,8028.0,2100,5928.0,1109.03,CUST-271,High-Value Enterprise,Low
TX-12950,2026-03-31,PROD-103,Legacy Data Server V1,Hardware,North,1,3100,3108.46,2200,908.46,315.39,CUST-364,New Startup,Low
TX-12951,2026-03-31,PROD-103,Legacy Data Server V1,Hardware,West,1,3100,3007.5,2200,807.5,304.49,CUST-772,High-Value Enterprise,Low
TX-12952,2026-04-01,PROD-104,Smart Edge Gateway,Hardware,North,2,1800,3630.09,1900,1730.09,353.57,CUST-603,At-Risk Midmarket,High
TX-12953,2026-04-01,PROD-103,Legacy Data Server V1,Hardware,North,1,3100,3118.25,2200,918.25,271.74,CUST-491,Growth SMB,High
TX-12954,2026-04-01,PROD-101,Stratos Enterprise Suite,Cloud Services,North,2,4500,9163.81,2400,6763.81,938.09,CUST-257,Growth SMB,Low
TX-12955,2026-04-01,PROD-102,AI Analytics Engine Pro,Enterprise AI,EMEA,1,8200,8454.36,2100,6354.36,865.96,CUST-617,Growth SMB,Medium
TX-12956,2026-04-01,PROD-104,Smart Edge Gateway,Hardware,South,4,1800,7004.39,3800,3204.39,828.9,CUST-778,Growth SMB,Low
TX-12957,2026-04-02,PROD-105,Strategic BI Advisory,Advisory,West,1,12000,12394.9,4500,7894.9,1572.81,CUST-129,At-Risk Midmarket,High
TX-12958,2026-04-02,PROD-102,AI Analytics Engine Pro,Enterprise AI,East,4,8200,31723.72,8400,23323.72,4402.18,CUST-854,Growth SMB,Medium
TX-12959,2026-04-02,PROD-104,Smart Edge Gateway,Hardware,South,5,1800,9163.42,4750,4413.42,959.02,CUST-317,Growth SMB,Low
TX-12960,2026-04-02,PROD-103,Legacy Data Server V1,Hardware,West,1,3100,3186.33,2200,986.33,349.46,CUST-414,At-Risk Midmarket,High
TX-12961,2026-04-03,PROD-104,Smart Edge Gateway,Hardware,North,1,1800,1864.57,950,914.57,211.83,CUST-701,High-Value Enterprise,Medium
TX-12962,2026-04-03,PROD-106,Automated ETL Pipeline,Cloud Services,East,4,2900,11577.62,2800,8777.62,1106.11,CUST-725,High-Value Enterprise,Low
TX-12963,2026-04-03,PROD-106,Automated ETL Pipeline,Cloud Services,West,4,2900,11586.19,2800,8786.19,1324.5,CUST-433,High-Value Enterprise,Low
TX-12964,2026-04-03,PROD-104,Smart Edge Gateway,Hardware,West,2,1800,3441.87,1900,1541.87,400.12,CUST-655,New Startup,Medium
TX-12965,2026-04-03,PROD-101,Stratos Enterprise Suite,Cloud Services,West,1,4500,4310.12,1200,3110.12,433.93,CUST-789,Growth SMB,Low
TX-12966,2026-04-04,PROD-104,Smart Edge Gateway,Hardware,North,5,1800,8731.76,4750,3981.76,1043.12,CUST-731,Growth SMB,Medium
TX-12967,2026-04-04,PROD-102,AI Analytics Engine Pro,Enterprise AI,East,1,8200,8019.38,2100,5919.38,900.21,CUST-766,Growth SMB,Medium
TX-12968,2026-04-04,PROD-102,AI Analytics Engine Pro,Enterprise AI,EMEA,1,8200,8159.72,2100,6059.72,992.25,CUST-225,At-Risk Midmarket,High
TX-12969,2026-04-04,PROD-101,Stratos Enterprise Suite,Cloud Services,West,1,4500,4307.44,1200,3107.44,384.94,CUST-915,Growth SMB,Low
TX-12970,2026-04-04,PROD-104,Smart Edge Gateway,Hardware,West,2,1800,3763.02,1900,1863.02,320.55,CUST-357,Growth SMB,Medium
TX-12971,2026-04-04,PROD-106,Automated ETL Pipeline,Cloud Services,East,1,2900,2879.57,700,2179.57,358.51,CUST-895,High-Value Enterprise,Low
TX-12972,2026-04-04,PROD-105,Strategic BI Advisory,Advisory,South,2,12000,23371.45,9000,14371.45,2140.62,CUST-515,Growth SMB,Medium
TX-12973,2026-04-05,PROD-103,Legacy Data Server V1,Hardware,South,1,3100,3053.97,2200,853.97,361.13,CUST-914,New Startup,Low
TX-12974,2026-04-05,PROD-104,Smart Edge Gateway,Hardware,Central,5,1800,9056.22,4750,4306.22,1208.13,CUST-176,Growth SMB,Medium
TX-12975,2026-04-05,PROD-104,Smart Edge Gateway,Hardware,East,5,1800,9360.79,4750,4610.79,1086.86,CUST-319,High-Value Enterprise,Low
TX-12976,2026-04-05,PROD-101,Stratos Enterprise Suite,Cloud Services,APAC,1,4500,4484.89,1200,3284.89,508.43,CUST-869,New Startup,Low
TX-12977,2026-04-05,PROD-105,Strategic BI Advisory,Advisory,APAC,1,12000,11657.75,4500,7157.75,1054.19,CUST-722,Growth SMB,Low
TX-12978,2026-04-05,PROD-102,AI Analytics Engine Pro,Enterprise AI,East,1,8200,8194.14,2100,6094.14,1085.05,CUST-137,Growth SMB,Medium
TX-12979,2026-04-05,PROD-104,Smart Edge Gateway,Hardware,APAC,1,1800,1831.44,950,881.44,150.44,CUST-611,Growth SMB,Low
TX-12980,2026-04-06,PROD-105,Strategic BI Advisory,Advisory,EMEA,1,12000,12256.7,4500,7756.7,1459.69,CUST-897,High-Value Enterprise,Medium
TX-12981,2026-04-06,PROD-103,Legacy Data Server V1,Hardware,East,1,3100,3054.29,2200,854.29,366.79,CUST-776,At-Risk Midmarket,High
TX-12982,2026-04-06,PROD-106,Automated ETL Pipeline,Cloud Services,North,2,2900,5557.11,1400,4157.11,594.96,CUST-346,Growth SMB,Low
TX-12983,2026-04-06,PROD-101,Stratos Enterprise Suite,Cloud Services,East,4,4500,18821.94,4800,14021.94,1534.28,CUST-380,High-Value Enterprise,Medium
TX-12984,2026-04-06,PROD-103,Legacy Data Server V1,Hardware,North,1,3100,3251.8,2200,1051.8,417.81,CUST-702,Growth SMB,Medium
TX-12985,2026-04-07,PROD-104,Smart Edge Gateway,Hardware,East,4,1800,7251.35,3800,3451.35,975.98,CUST-226,Growth SMB,Low
TX-12986,2026-04-07,PROD-106,Automated ETL Pipeline,Cloud Services,EMEA,2,2900,5825.98,1400,4425.98,760.42,CUST-736,Growth SMB,Low
TX-12987,2026-04-07,PROD-105,Strategic BI Advisory,Advisory,South,1,12000,11819.37,4500,7319.37,1634.63,CUST-359,High-Value Enterprise,Low
TX-12988,2026-04-07,PROD-105,Strategic BI Advisory,Advisory,West,1,12000,11846.05,4500,7346.05,1293.17,CUST-954,Growth SMB,Low
TX-12989,2026-04-07,PROD-105,Strategic BI Advisory,Advisory,EMEA,1,12000,11779.71,4500,7279.71,1473.8,CUST-602,Growth SMB,Low
TX-12990,2026-04-07,PROD-104,Smart Edge Gateway,Hardware,South,1,1800,1834.39,950,884.39,183.0,CUST-698,Growth SMB,Low
TX-12991,2026-04-08,PROD-103,Legacy Data Server V1,Hardware,East,1,3100,3141.93,2200,941.93,369.02,CUST-880,New Startup,High
TX-12992,2026-04-08,PROD-106,Automated ETL Pipeline,Cloud Services,EMEA,1,2900,2825.29,700,2125.29,289.89,CUST-252,High-Value Enterprise,Low
TX-12993,2026-04-08,PROD-105,Strategic BI Advisory,Advisory,South,1,12000,12225.59,4500,7725.59,1167.36,CUST-966,At-Risk Midmarket,High
TX-12994,2026-04-08,PROD-104,Smart Edge Gateway,Hardware,West,1,1800,1817.73,950,867.73,202.96,CUST-199,At-Risk Midmarket,High
TX-12995,2026-04-08,PROD-105,Strategic BI Advisory,Advisory,South,1,12000,12080.88,4500,7580.88,1090.03,CUST-579,Growth SMB,Low
TX-12996,2026-04-08,PROD-103,Legacy Data Server V1,Hardware,East,1,3100,3243.67,2200,1043.67,328.07,CUST-695,Growth SMB,Medium
TX-12997,2026-04-08,PROD-106,Automated ETL Pipeline,Cloud Services,West,1,2900,2756.74,700,2056.74,256.21,CUST-761,Growth SMB,Medium
TX-12998,2026-04-09,PROD-102,AI Analytics Engine Pro,Enterprise AI,East,1,8200,8428.96,2100,6328.96,980.79,CUST-199,High-Value Enterprise,Medium
TX-12999,2026-04-09,PROD-102,AI Analytics Engine Pro,Enterprise AI,Central,1,8200,8334.77,2100,6234.77,947.39,CUST-836,High-Value Enterprise,Medium
TX-13000,2026-04-09,PROD-101,Stratos Enterprise Suite,Cloud Services,North,1,4500,4555.95,1200,3355.95,444.85,CUST-927,High-Value Enterprise,Medium
TX-13001,2026-04-09,PROD-102,AI Analytics Engine Pro,Enterprise AI,West,1,8200,7894.09,2100,5794.09,754.55,CUST-226,New Startup,Medium
TX-13002,2026-04-09,PROD-102,AI Analytics Engine Pro,Enterprise AI,North,1,8200,8253.63,2100,6153.63,1009.72,CUST-356,High-Value Enterprise,Medium
TX-13003,2026-04-09,PROD-102,AI Analytics Engine Pro,Enterprise AI,North,1,8200,8230.72,2100,6130.72,975.79,CUST-711,New Startup,Low
TX-13004,2026-04-10,PROD-101,Stratos Enterprise Suite,Cloud Services,EMEA,1,4500,4561.49,1200,3361.49,512.22,CUST-978,Growth SMB,Medium
TX-13005,2026-04-10,PROD-105,Strategic BI Advisory,Advisory,South,1,12000,11674.99,4500,7174.99,1147.84,CUST-761,At-Risk Midmarket,High
TX-13006,2026-04-10,PROD-106,Automated ETL Pipeline,Cloud Services,North,1,2900,2864.95,700,2164.95,259.34,CUST-265,Growth SMB,Low
TX-13007,2026-04-10,PROD-104,Smart Edge Gateway,Hardware,South,4,1800,7369.14,3800,3569.14,1025.13,CUST-383,Growth SMB,Medium
TX-13008,2026-04-10,PROD-104,Smart Edge Gateway,Hardware,APAC,4,1800,7549.75,3800,3749.75,966.38,CUST-459,Growth SMB,Low
TX-13009,2026-04-11,PROD-106,Automated ETL Pipeline,Cloud Services,North,1,2900,2917.89,700,2217.89,307.12,CUST-392,New Startup,Low
TX-13010,2026-04-11,PROD-103,Legacy Data Server V1,Hardware,West,1,3100,3047.12,2200,847.12,323.63,CUST-733,New Startup,Low
TX-13011,2026-04-11,PROD-103,Legacy Data Server V1,Hardware,West,2,3100,6289.76,4400,1889.76,525.08,CUST-441,Growth SMB,High
TX-13012,2026-04-11,PROD-104,Smart Edge Gateway,Hardware,South,4,1800,7138.13,3800,3338.13,921.07,CUST-686,High-Value Enterprise,Low
TX-13013,2026-04-11,PROD-105,Strategic BI Advisory,Advisory,North,1,12000,12482.32,4500,7982.32,1674.14,CUST-998,Growth SMB,Low
TX-13014,2026-04-11,PROD-105,Strategic BI Advisory,Advisory,North,1,12000,11447.91,4500,6947.91,953.88,CUST-694,New Startup,Medium
TX-13015,2026-04-11,PROD-103,Legacy Data Server V1,Hardware,East,1,3100,3082.06,2200,882.06,386.52,CUST-608,High-Value Enterprise,High
TX-13016,2026-04-12,PROD-104,Smart Edge Gateway,Hardware,West,1,1800,1776.77,950,826.77,245.81,CUST-320,Growth SMB,Low
TX-13017,2026-04-12,PROD-103,Legacy Data Server V1,Hardware,EMEA,1,3100,3117.11,2200,917.11,296.74,CUST-318,At-Risk Midmarket,High
TX-13018,2026-04-12,PROD-103,Legacy Data Server V1,Hardware,Central,1,3100,3188.99,2200,988.99,396.93,CUST-729,New Startup,High
TX-13019,2026-04-12,PROD-105,Strategic BI Advisory,Advisory,Central,1,12000,12075.56,4500,7575.56,1517.96,CUST-452,At-Risk Midmarket,High
TX-13020,2026-04-12,PROD-101,Stratos Enterprise Suite,Cloud Services,North,2,4500,9273.92,2400,6873.92,791.61,CUST-258,Growth SMB,Low
TX-13021,2026-04-12,PROD-104,Smart Edge Gateway,Hardware,North,1,1800,1726.63,950,776.63,209.91,CUST-917,High-Value Enterprise,Low
TX-13022,2026-04-12,PROD-106,Automated ETL Pipeline,Cloud Services,East,4,2900,12041.0,2800,9241.0,1272.78,CUST-816,Growth SMB,Low
TX-13023,2026-04-13,PROD-101,Stratos Enterprise Suite,Cloud Services,West,1,4500,4420.99,1200,3220.99,397.06,CUST-720,High-Value Enterprise,Medium
TX-13024,2026-04-13,PROD-104,Smart Edge Gateway,Hardware,North,1,1800,1844.54,950,894.54,189.93,CUST-972,At-Risk Midmarket,High
TX-13025,2026-04-13,PROD-106,Automated ETL Pipeline,Cloud Services,APAC,1,2900,2941.76,700,2241.76,398.0,CUST-701,At-Risk Midmarket,High
TX-13026,2026-04-13,PROD-103,Legacy Data Server V1,Hardware,East,1,3100,3033.67,2200,833.67,306.5,CUST-833,High-Value Enterprise,Medium
TX-13027,2026-04-13,PROD-101,Stratos Enterprise Suite,Cloud Services,APAC,1,4500,4547.64,1200,3347.64,468.34,CUST-962,High-Value Enterprise,Low
TX-13028,2026-04-13,PROD-102,AI Analytics Engine Pro,Enterprise AI,West,1,8200,8270.9,2100,6170.9,856.74,CUST-615,Growth SMB,Low
TX-13029,2026-04-14,PROD-106,Automated ETL Pipeline,Cloud Services,West,1,2900,3021.7,700,2321.7,379.42,CUST-617,High-Value Enterprise,Low
TX-13030,2026-04-14,PROD-104,Smart Edge Gateway,Hardware,North,1,1800,1853.5,950,903.5,197.95,CUST-906,New Startup,Low
TX-13031,2026-04-14,PROD-103,Legacy Data Server V1,Hardware,West,1,3100,3043.76,2200,843.76,301.82,CUST-809,At-Risk Midmarket,High
TX-13032,2026-04-14,PROD-106,Automated ETL Pipeline,Cloud Services,South,4,2900,11264.28,2800,8464.28,1121.14,CUST-442,Growth SMB,Low
TX-13033,2026-04-15,PROD-102,AI Analytics Engine Pro,Enterprise AI,North,1,8200,8463.41,2100,6363.41,737.41,CUST-133,Growth SMB,Low
TX-13034,2026-04-15,PROD-105,Strategic BI Advisory,Advisory,North,1,12000,11619.83,4500,7119.83,1218.61,CUST-689,Growth SMB,Medium
TX-13035,2026-04-15,PROD-103,Legacy Data Server V1,Hardware,North,1,3100,2953.74,2200,753.74,263.31,CUST-271,At-Risk Midmarket,High
TX-13036,2026-04-15,PROD-105,Strategic BI Advisory,Advisory,North,1,12000,12128.5,4500,7628.5,1159.62,CUST-723,High-Value Enterprise,Low
TX-13037,2026-04-15,PROD-103,Legacy Data Server V1,Hardware,APAC,1,3100,3024.92,2200,824.92,298.3,CUST-753,Growth SMB,Medium
TX-13038,2026-04-15,PROD-105,Strategic BI Advisory,Advisory,West,1,12000,12344.29,4500,7844.29,1158.34,CUST-761,Growth SMB,Low
TX-13039,2026-04-16,PROD-105,Strategic BI Advisory,Advisory,North,1,12000,12348.38,4500,7848.38,1509.53,CUST-526,High-Value Enterprise,Low
TX-13040,2026-04-16,PROD-104,Smart Edge Gateway,Hardware,East,5,1800,8676.3,4750,3926.3,738.23,CUST-971,Growth SMB,Low
TX-13041,2026-04-16,PROD-105,Strategic BI Advisory,Advisory,East,1,12000,12423.5,4500,7923.5,1352.96,CUST-725,New Startup,Low
TX-13042,2026-04-16,PROD-103,Legacy Data Server V1,Hardware,East,1,3100,3064.5,2200,864.5,250.1,CUST-107,Growth SMB,Low
TX-13043,2026-04-17,PROD-103,Legacy Data Server V1,Hardware,Central,2,3100,6185.15,4400,1785.15,668.08,CUST-727,Growth SMB,High
TX-13044,2026-04-17,PROD-105,Strategic BI Advisory,Advisory,North,1,12000,12349.16,4500,7849.16,1592.07,CUST-511,At-Risk Midmarket,High
TX-13045,2026-04-17,PROD-103,Legacy Data Server V1,Hardware,North,1,3100,3025.48,2200,825.48,270.48,CUST-330,At-Risk Midmarket,High
TX-13046,2026-04-17,PROD-102,AI Analytics Engine Pro,Enterprise AI,East,1,8200,7831.8,2100,5731.8,801.95,CUST-867,At-Risk Midmarket,High
TX-13047,2026-04-17,PROD-105,Strategic BI Advisory,Advisory,East,1,12000,11731.08,4500,7231.08,1074.55,CUST-982,New Startup,Medium
TX-13048,2026-04-17,PROD-103,Legacy Data Server V1,Hardware,EMEA,1,3100,3157.45,2200,957.45,360.69,CUST-962,High-Value Enterprise,High
TX-13049,2026-04-17,PROD-103,Legacy Data Server V1,Hardware,APAC,2,3100,6460.43,4400,2060.43,824.99,CUST-159,High-Value Enterprise,Medium
TX-13050,2026-04-18,PROD-101,Stratos Enterprise Suite,Cloud Services,APAC,1,4500,4324.77,1200,3124.77,484.13,CUST-912,High-Value Enterprise,Low
TX-13051,2026-04-18,PROD-103,Legacy Data Server V1,Hardware,South,1,3100,3087.11,2200,887.11,389.3,CUST-550,At-Risk Midmarket,High
TX-13052,2026-04-18,PROD-104,Smart Edge Gateway,Hardware,South,1,1800,1764.97,950,814.97,205.73,CUST-736,New Startup,Medium
TX-13053,2026-04-18,PROD-103,Legacy Data Server V1,Hardware,North,1,3100,2974.88,2200,774.88,380.59,CUST-895,Growth SMB,Low
TX-13054,2026-04-18,PROD-102,AI Analytics Engine Pro,Enterprise AI,West,1,8200,8439.46,2100,6339.46,705.43,CUST-509,New Startup,Low
TX-13055,2026-04-18,PROD-105,Strategic BI Advisory,Advisory,South,1,12000,11832.5,4500,7332.5,1261.7,CUST-280,High-Value Enterprise,Low
TX-13056,2026-04-19,PROD-102,AI Analytics Engine Pro,Enterprise AI,South,1,8200,8525.89,2100,6425.89,793.34,CUST-647,Growth SMB,Medium
TX-13057,2026-04-19,PROD-101,Stratos Enterprise Suite,Cloud Services,North,2,4500,9192.62,2400,6792.62,1107.1,CUST-573,At-Risk Midmarket,High
TX-13058,2026-04-19,PROD-101,Stratos Enterprise Suite,Cloud Services,APAC,1,4500,4706.37,1200,3506.37,396.83,CUST-554,High-Value Enterprise,Medium
TX-13059,2026-04-19,PROD-103,Legacy Data Server V1,Hardware,South,1,3100,3052.66,2200,852.66,378.57,CUST-666,At-Risk Midmarket,High
TX-13060,2026-04-19,PROD-105,Strategic BI Advisory,Advisory,West,1,12000,12164.18,4500,7664.18,1148.18,CUST-339,Growth SMB,Low
TX-13061,2026-04-20,PROD-104,Smart Edge Gateway,Hardware,EMEA,5,1800,8794.79,4750,4044.79,1152.79,CUST-432,High-Value Enterprise,Medium
TX-13062,2026-04-20,PROD-105,Strategic BI Advisory,Advisory,North,1,12000,11722.33,4500,7222.33,1285.59,CUST-576,At-Risk Midmarket,High
TX-13063,2026-04-20,PROD-101,Stratos Enterprise Suite,Cloud Services,North,1,4500,4613.84,1200,3413.84,453.11,CUST-822,Growth SMB,Low
TX-13064,2026-04-21,PROD-103,Legacy Data Server V1,Hardware,APAC,1,3100,2965.77,2200,765.77,372.24,CUST-994,High-Value Enterprise,Low
TX-13065,2026-04-21,PROD-104,Smart Edge Gateway,Hardware,Central,1,1800,1802.57,950,852.57,227.1,CUST-757,Growth SMB,Medium
TX-13066,2026-04-21,PROD-105,Strategic BI Advisory,Advisory,EMEA,1,12000,11982.79,4500,7482.79,1348.42,CUST-493,Growth SMB,Medium
TX-13067,2026-04-21,PROD-101,Stratos Enterprise Suite,Cloud Services,East,4,4500,17100.35,4800,12300.35,2292.41,CUST-510,Growth SMB,Low
TX-13068,2026-04-21,PROD-102,AI Analytics Engine Pro,Enterprise AI,North,4,8200,32752.88,8400,24352.88,4541.05,CUST-428,High-Value Enterprise,Medium
TX-13069,2026-04-21,PROD-102,AI Analytics Engine Pro,Enterprise AI,North,1,8200,8225.04,2100,6125.04,958.63,CUST-758,At-Risk Midmarket,High
TX-13070,2026-04-22,PROD-106,Automated ETL Pipeline,Cloud Services,East,4,2900,11300.9,2800,8500.9,1123.96,CUST-236,High-Value Enterprise,Low
TX-13071,2026-04-22,PROD-102,AI Analytics Engine Pro,Enterprise AI,South,1,8200,8520.3,2100,6420.3,963.69,CUST-164,Growth SMB,Low
TX-13072,2026-04-22,PROD-105,Strategic BI Advisory,Advisory,South,1,12000,12169.33,4500,7669.33,1069.43,CUST-810,Growth SMB,Low
TX-13073,2026-04-22,PROD-106,Automated ETL Pipeline,Cloud Services,East,7,2900,19302.02,4900,14402.02,2179.3,CUST-151,High-Value Enterprise,Low
TX-13074,2026-04-22,PROD-103,Legacy Data Server V1,Hardware,APAC,1,3100,3141.57,2200,941.57,269.39,CUST-486,High-Value Enterprise,High
TX-13075,2026-04-23,PROD-101,Stratos Enterprise Suite,Cloud Services,EMEA,1,4500,4548.43,1200,3348.43,562.46,CUST-859,High-Value Enterprise,Medium
TX-13076,2026-04-23,PROD-105,Strategic BI Advisory,Advisory,West,1,12000,11886.82,4500,7386.82,1261.33,CUST-703,Growth SMB,Low
TX-13077,2026-04-23,PROD-101,Stratos Enterprise Suite,Cloud Services,West,2,4500,8960.46,2400,6560.46,1118.39,CUST-328,New Startup,Low
TX-13078,2026-04-23,PROD-105,Strategic BI Advisory,Advisory,South,1,12000,12156.7,4500,7656.7,1150.5,CUST-370,Growth SMB,Medium
TX-13079,2026-04-23,PROD-105,Strategic BI Advisory,Advisory,North,1,12000,11893.55,4500,7393.55,1606.41,CUST-520,At-Risk Midmarket,High
TX-13080,2026-04-23,PROD-104,Smart Edge Gateway,Hardware,West,4,1800,6965.12,3800,3165.12,841.25,CUST-510,New Startup,Medium
TX-13081,2026-04-23,PROD-104,Smart Edge Gateway,Hardware,West,1,1800,1716.41,950,766.41,217.64,CUST-919,High-Value Enterprise,Medium
TX-13082,2026-04-24,PROD-106,Automated ETL Pipeline,Cloud Services,South,1,2900,2999.63,700,2299.63,303.94,CUST-939,New Startup,Medium
TX-13083,2026-04-24,PROD-103,Legacy Data Server V1,Hardware,EMEA,1,3100,3110.67,2200,910.67,338.15,CUST-539,Growth SMB,Low
TX-13084,2026-04-24,PROD-105,Strategic BI Advisory,Advisory,North,1,12000,12252.83,4500,7752.83,1406.31,CUST-102,At-Risk Midmarket,High
TX-13085,2026-04-24,PROD-104,Smart Edge Gateway,Hardware,North,2,1800,3576.02,1900,1676.02,496.53,CUST-313,High-Value Enterprise,Low
TX-13086,2026-04-24,PROD-102,AI Analytics Engine Pro,Enterprise AI,Central,2,8200,16594.98,4200,12394.98,1635.22,CUST-307,New Startup,Low
TX-13087,2026-04-24,PROD-102,AI Analytics Engine Pro,Enterprise AI,North,2,8200,15665.14,4200,11465.14,1964.81,CUST-438,At-Risk Midmarket,High
TX-13088,2026-04-24,PROD-101,Stratos Enterprise Suite,Cloud Services,Central,1,4500,4321.82,1200,3121.82,411.26,CUST-239,At-Risk Midmarket,High
TX-13089,2026-04-25,PROD-102,AI Analytics Engine Pro,Enterprise AI,South,1,8200,8229.77,2100,6129.77,929.5,CUST-515,At-Risk Midmarket,High
TX-13090,2026-04-25,PROD-101,Stratos Enterprise Suite,Cloud Services,APAC,1,4500,4423.27,1200,3223.27,567.27,CUST-717,New Startup,Low
TX-13091,2026-04-25,PROD-103,Legacy Data Server V1,Hardware,South,1,3100,3087.77,2200,887.77,368.02,CUST-827,New Startup,High
TX-13092,2026-04-25,PROD-103,Legacy Data Server V1,Hardware,APAC,1,3100,3136.29,2200,936.29,417.85,CUST-265,At-Risk Midmarket,High
TX-13093,2026-04-25,PROD-102,AI Analytics Engine Pro,Enterprise AI,EMEA,2,8200,16792.87,4200,12592.87,1374.06,CUST-182,High-Value Enterprise,Medium
TX-13094,2026-04-25,PROD-102,AI Analytics Engine Pro,Enterprise AI,South,1,8200,8521.46,2100,6421.46,1051.13,CUST-254,High-Value Enterprise,Low
TX-13095,2026-04-26,PROD-102,AI Analytics Engine Pro,Enterprise AI,East,1,8200,8140.32,2100,6040.32,966.62,CUST-800,Growth SMB,Low
TX-13096,2026-04-26,PROD-105,Strategic BI Advisory,Advisory,North,1,12000,11539.83,4500,7039.83,1348.86,CUST-785,Growth SMB,Low
TX-13097,2026-04-26,PROD-103,Legacy Data Server V1,Hardware,East,1,3100,3031.98,2200,831.98,352.62,CUST-598,High-Value Enterprise,High
TX-13098,2026-04-27,PROD-103,Legacy Data Server V1,Hardware,APAC,1,3100,3170.38,2200,970.38,433.08,CUST-789,Growth SMB,Low
TX-13099,2026-04-27,PROD-106,Automated ETL Pipeline,Cloud Services,South,1,2900,2776.47,700,2076.47,261.47,CUST-407,Growth SMB,Medium
TX-13100,2026-04-27,PROD-104,Smart Edge Gateway,Hardware,South,1,1800,1731.45,950,781.45,190.58,CUST-129,Growth SMB,Low
TX-13101,2026-04-27,PROD-104,Smart Edge Gateway,Hardware,West,1,1800,1846.64,950,896.64,244.43,CUST-725,High-Value Enterprise,Medium
TX-13102,2026-04-27,PROD-106,Automated ETL Pipeline,Cloud Services,South,2,2900,5608.5,1400,4208.5,667.1,CUST-494,High-Value Enterprise,Low
TX-13103,2026-04-27,PROD-104,Smart Edge Gateway,Hardware,East,1,1800,1868.19,950,918.19,157.0,CUST-347,New Startup,Low
TX-13104,2026-04-27,PROD-105,Strategic BI Advisory,Advisory,APAC,1,12000,12498.05,4500,7998.05,1436.39,CUST-214,High-Value Enterprise,Low
TX-13105,2026-04-28,PROD-104,Smart Edge Gateway,Hardware,North,4,1800,6978.28,3800,3178.28,793.95,CUST-672,High-Value Enterprise,Low
TX-13106,2026-04-28,PROD-104,Smart Edge Gateway,Hardware,West,1,1800,1841.66,950,891.66,177.46,CUST-192,At-Risk Midmarket,High
TX-13107,2026-04-28,PROD-104,Smart Edge Gateway,Hardware,South,5,1800,8683.89,4750,3933.89,1139.95,CUST-945,At-Risk Midmarket,High
TX-13108,2026-04-28,PROD-105,Strategic BI Advisory,Advisory,West,1,12000,11687.51,4500,7187.51,1294.88,CUST-965,New Startup,Low
TX-13109,2026-04-28,PROD-104,Smart Edge Gateway,Hardware,North,1,1800,1729.13,950,779.13,235.26,CUST-594,Growth SMB,Low
TX-13110,2026-04-29,PROD-104,Smart Edge Gateway,Hardware,Central,1,1800,1799.77,950,849.77,219.84,CUST-735,Growth SMB,Medium
TX-13111,2026-04-29,PROD-106,Automated ETL Pipeline,Cloud Services,West,1,2900,3014.45,700,2314.45,363.62,CUST-180,At-Risk Midmarket,High
TX-13112,2026-04-29,PROD-102,AI Analytics Engine Pro,Enterprise AI,North,7,8200,59614.07,14700,44914.07,5037.61,CUST-379,At-Risk Midmarket,High
TX-13113,2026-04-30,PROD-106,Automated ETL Pipeline,Cloud Services,West,1,2900,2874.1,700,2174.1,370.89,CUST-188,High-Value Enterprise,Low
TX-13114,2026-04-30,PROD-102,AI Analytics Engine Pro,Enterprise AI,North,2,8200,16162.58,4200,11962.58,2240.12,CUST-203,At-Risk Midmarket,High
TX-13115,2026-04-30,PROD-102,AI Analytics Engine Pro,Enterprise AI,South,1,8200,8266.43,2100,6166.43,916.84,CUST-299,Growth SMB,Low
TX-13116,2026-04-30,PROD-103,Legacy Data Server V1,Hardware,West,1,3100,3173.93,2200,973.93,380.68,CUST-980,New Startup,Low
TX-13117,2026-04-30,PROD-104,Smart Edge Gateway,Hardware,EMEA,1,1800,1858.41,950,908.41,196.69,CUST-515,New Startup,Low
TX-13118,2026-04-30,PROD-106,Automated ETL Pipeline,Cloud Services,Central,4,2900,11211.17,2800,8411.17,965.95,CUST-897,High-Value Enterprise,Low
TX-13119,2026-05-01,PROD-105,Strategic BI Advisory,Advisory,South,1,12000,11769.91,4500,7269.91,1453.32,CUST-763,Growth SMB,Low
TX-13120,2026-05-01,PROD-106,Automated ETL Pipeline,Cloud Services,South,4,2900,11619.04,2800,8819.04,1394.68,CUST-337,At-Risk Midmarket,High
TX-13121,2026-05-01,PROD-102,AI Analytics Engine Pro,Enterprise AI,South,1,8200,8119.75,2100,6019.75,742.45,CUST-719,Growth SMB,Low
TX-13122,2026-05-01,PROD-106,Automated ETL Pipeline,Cloud Services,Central,2,2900,6009.28,1400,4609.28,632.77,CUST-368,High-Value Enterprise,Low
TX-13123,2026-05-01,PROD-102,AI Analytics Engine Pro,Enterprise AI,South,1,8200,7834.24,2100,5734.24,871.53,CUST-373,Growth SMB,Low
TX-13124,2026-05-01,PROD-105,Strategic BI Advisory,Advisory,South,1,12000,12518.56,4500,8018.56,1679.72,CUST-944,Growth SMB,Medium
TX-13125,2026-05-01,PROD-101,Stratos Enterprise Suite,Cloud Services,North,2,4500,9084.24,2400,6684.24,1034.28,CUST-666,High-Value Enterprise,Medium
TX-13126,2026-05-02,PROD-103,Legacy Data Server V1,Hardware,North,1,3100,3239.2,2200,1039.2,278.86,CUST-891,Growth SMB,High
TX-13127,2026-05-02,PROD-105,Strategic BI Advisory,Advisory,West,1,12000,12103.88,4500,7603.88,1256.7,CUST-412,Growth SMB,Low
TX-13128,2026-05-02,PROD-103,Legacy Data Server V1,Hardware,North,1,3100,3002.99,2200,802.99,272.66,CUST-741,Growth SMB,Low
TX-13129,2026-05-02,PROD-101,Stratos Enterprise Suite,Cloud Services,EMEA,1,4500,4615.48,1200,3415.48,518.95,CUST-694,High-Value Enterprise,Medium
TX-13130,2026-05-02,PROD-103,Legacy Data Server V1,Hardware,South,1,3100,3243.91,2200,1043.91,280.45,CUST-509,Growth SMB,Low
TX-13131,2026-05-02,PROD-101,Stratos Enterprise Suite,Cloud Services,West,1,4500,4427.58,1200,3227.58,490.52,CUST-510,At-Risk Midmarket,High
TX-13132,2026-05-03,PROD-103,Legacy Data Server V1,Hardware,East,1,3100,3079.65,2200,879.65,346.4,CUST-412,Growth SMB,Low
TX-13133,2026-05-03,PROD-105,Strategic BI Advisory,Advisory,West,1,12000,11432.24,4500,6932.24,1600.24,CUST-464,Growth SMB,Medium
TX-13134,2026-05-03,PROD-106,Automated ETL Pipeline,Cloud Services,North,3,2900,8488.12,2100,6388.12,807.0,CUST-171,High-Value Enterprise,Low
TX-13135,2026-05-03,PROD-103,Legacy Data Server V1,Hardware,South,1,3100,3240.93,2200,1040.93,288.02,CUST-982,Growth SMB,Low
TX-13136,2026-05-03,PROD-103,Legacy Data Server V1,Hardware,West,1,3100,3130.85,2200,930.85,382.12,CUST-912,At-Risk Midmarket,High
TX-13137,2026-05-03,PROD-104,Smart Edge Gateway,Hardware,North,4,1800,6925.83,3800,3125.83,947.19,CUST-748,Growth SMB,Low
TX-13138,2026-05-04,PROD-104,Smart Edge Gateway,Hardware,West,1,1800,1770.97,950,820.97,157.61,CUST-968,Growth SMB,Low
TX-13139,2026-05-04,PROD-104,Smart Edge Gateway,Hardware,North,1,1800,1750.04,950,800.04,156.68,CUST-747,New Startup,Low
TX-13140,2026-05-04,PROD-106,Automated ETL Pipeline,Cloud Services,East,5,2900,14708.42,3500,11208.42,1990.7,CUST-966,New Startup,Low
TX-13141,2026-05-04,PROD-104,Smart Edge Gateway,Hardware,EMEA,1,1800,1754.02,950,804.02,202.95,CUST-982,At-Risk Midmarket,High
TX-13142,2026-05-04,PROD-106,Automated ETL Pipeline,Cloud Services,EMEA,4,2900,11108.9,2800,8308.9,1286.26,CUST-505,Growth SMB,Low
TX-13143,2026-05-05,PROD-101,Stratos Enterprise Suite,Cloud Services,North,3,4500,13503.06,3600,9903.06,1757.94,CUST-144,At-Risk Midmarket,High
TX-13144,2026-05-05,PROD-106,Automated ETL Pipeline,Cloud Services,East,2,2900,5854.42,1400,4454.42,567.92,CUST-187,High-Value Enterprise,Low
TX-13145,2026-05-05,PROD-103,Legacy Data Server V1,Hardware,West,1,3100,2985.23,2200,785.23,352.48,CUST-798,Growth SMB,High
TX-13146,2026-05-05,PROD-103,Legacy Data Server V1,Hardware,West,1,3100,3050.57,2200,850.57,373.7,CUST-456,High-Value Enterprise,High
TX-13147,2026-05-05,PROD-102,AI Analytics Engine Pro,Enterprise AI,North,1,8200,8547.22,2100,6447.22,832.46,CUST-195,New Startup,Low
TX-13148,2026-05-05,PROD-105,Strategic BI Advisory,Advisory,Central,1,12000,12435.39,4500,7935.39,1405.28,CUST-416,At-Risk Midmarket,High
TX-13149,2026-05-06,PROD-101,Stratos Enterprise Suite,Cloud Services,Central,1,4500,4631.33,1200,3431.33,490.82,CUST-631,At-Risk Midmarket,High
TX-13150,2026-05-06,PROD-103,Legacy Data Server V1,Hardware,North,1,3100,3214.12,2200,1014.12,398.73,CUST-668,At-Risk Midmarket,High
TX-13151,2026-05-06,PROD-105,Strategic BI Advisory,Advisory,West,1,12000,12149.68,4500,7649.68,1608.17,CUST-301,High-Value Enterprise,Low
TX-13152,2026-05-06,PROD-103,Legacy Data Server V1,Hardware,Central,1,3100,3162.15,2200,962.15,258.88,CUST-763,Growth SMB,High
TX-13153,2026-05-06,PROD-106,Automated ETL Pipeline,Cloud Services,APAC,2,2900,5839.96,1400,4439.96,627.72,CUST-223,High-Value Enterprise,Low
TX-13154,2026-05-06,PROD-104,Smart Edge Gateway,Hardware,East,4,1800,7318.51,3800,3518.51,721.65,CUST-378,Growth SMB,Low
TX-13155,2026-05-06,PROD-103,Legacy Data Server V1,Hardware,Central,1,3100,3166.92,2200,966.92,295.57,CUST-243,Growth SMB,High
TX-13156,2026-05-07,PROD-105,Strategic BI Advisory,Advisory,EMEA,2,12000,23051.7,9000,14051.7,2654.83,CUST-823,Growth SMB,Low
TX-13157,2026-05-07,PROD-104,Smart Edge Gateway,Hardware,West,1,1800,1805.57,950,855.57,205.69,CUST-686,At-Risk Midmarket,High
TX-13158,2026-05-07,PROD-101,Stratos Enterprise Suite,Cloud Services,South,1,4500,4656.25,1200,3456.25,596.57,CUST-231,New Startup,Medium
TX-13159,2026-05-07,PROD-105,Strategic BI Advisory,Advisory,East,1,12000,11430.43,4500,6930.43,920.97,CUST-982,High-Value Enterprise,Low
TX-13160,2026-05-07,PROD-102,AI Analytics Engine Pro,Enterprise AI,APAC,1,8200,8313.02,2100,6213.02,1057.58,CUST-186,Growth SMB,Low
TX-13161,2026-05-07,PROD-101,Stratos Enterprise Suite,Cloud Services,North,4,4500,17426.64,4800,12626.64,1892.27,CUST-779,At-Risk Midmarket,High
TX-13162,2026-05-08,PROD-103,Legacy Data Server V1,Hardware,North,1,3100,3175.11,2200,975.11,421.61,CUST-462,At-Risk Midmarket,High
TX-13163,2026-05-08,PROD-104,Smart Edge Gateway,Hardware,West,2,1800,3636.25,1900,1736.25,434.28,CUST-904,New Startup,Medium
TX-13164,2026-05-08,PROD-104,Smart Edge Gateway,Hardware,North,2,1800,3779.87,1900,1879.87,346.7,CUST-874,High-Value Enterprise,Medium
TX-13165,2026-05-08,PROD-104,Smart Edge Gateway,Hardware,APAC,2,1800,3439.65,1900,1539.65,411.12,CUST-332,High-Value Enterprise,Low
TX-13166,2026-05-09,PROD-104,Smart Edge Gateway,Hardware,EMEA,2,1800,3481.25,1900,1581.25,386.05,CUST-249,High-Value Enterprise,Low
TX-13167,2026-05-09,PROD-106,Automated ETL Pipeline,Cloud Services,South,4,2900,11020.78,2800,8220.78,1123.52,CUST-834,At-Risk Midmarket,High
TX-13168,2026-05-09,PROD-102,AI Analytics Engine Pro,Enterprise AI,West,4,8200,33951.08,8400,25551.08,4360.99,CUST-546,At-Risk Midmarket,High
TX-13169,2026-05-09,PROD-103,Legacy Data Server V1,Hardware,West,1,3100,3205.68,2200,1005.68,375.28,CUST-768,Growth SMB,High
TX-13170,2026-05-10,PROD-101,Stratos Enterprise Suite,Cloud Services,EMEA,1,4500,4508.23,1200,3308.23,483.2,CUST-263,High-Value Enterprise,Low
TX-13171,2026-05-10,PROD-105,Strategic BI Advisory,Advisory,EMEA,1,12000,12051.38,4500,7551.38,1548.75,CUST-571,Growth SMB,Low
TX-13172,2026-05-10,PROD-105,Strategic BI Advisory,Advisory,South,1,12000,12183.51,4500,7683.51,1684.16,CUST-134,New Startup,Low
TX-13173,2026-05-10,PROD-103,Legacy Data Server V1,Hardware,West,1,3100,3046.29,2200,846.29,376.8,CUST-336,Growth SMB,Low
TX-13174,2026-05-10,PROD-102,AI Analytics Engine Pro,Enterprise AI,South,1,8200,8307.72,2100,6207.72,1052.96,CUST-481,High-Value Enterprise,Low
TX-13175,2026-05-11,PROD-103,Legacy Data Server V1,Hardware,North,1,3100,3137.04,2200,937.04,302.6,CUST-664,Growth SMB,Low
TX-13176,2026-05-11,PROD-103,Legacy Data Server V1,Hardware,EMEA,1,3100,2964.67,2200,764.67,374.59,CUST-320,Growth SMB,High
TX-13177,2026-05-11,PROD-106,Automated ETL Pipeline,Cloud Services,North,2,2900,6001.67,1400,4601.67,633.87,CUST-439,At-Risk Midmarket,High
TX-13178,2026-05-12,PROD-104,Smart Edge Gateway,Hardware,North,1,1800,1774.52,950,824.52,192.3,CUST-394,At-Risk Midmarket,High
TX-13179,2026-05-12,PROD-104,Smart Edge Gateway,Hardware,North,2,1800,3596.57,1900,1696.57,328.1,CUST-205,Growth SMB,Low
TX-13180,2026-05-12,PROD-106,Automated ETL Pipeline,Cloud Services,South,1,2900,2914.6,700,2214.6,403.71,CUST-568,Growth SMB,Low
TX-13181,2026-05-12,PROD-105,Strategic BI Advisory,Advisory,West,1,12000,12357.48,4500,7857.48,1016.23,CUST-600,Growth SMB,Low
TX-13182,2026-05-12,PROD-104,Smart Edge Gateway,Hardware,West,1,1800,1760.47,950,810.47,194.83,CUST-586,High-Value Enterprise,Low
TX-13183,2026-05-12,PROD-105,Strategic BI Advisory,Advisory,Central,1,12000,11543.18,4500,7043.18,1611.96,CUST-296,High-Value Enterprise,Low
TX-13184,2026-05-12,PROD-106,Automated ETL Pipeline,Cloud Services,EMEA,4,2900,11523.16,2800,8723.16,1455.53,CUST-513,Growth SMB,Low
TX-13185,2026-05-13,PROD-105,Strategic BI Advisory,Advisory,APAC,1,12000,11572.22,4500,7072.22,1007.56,CUST-799,New Startup,Low
TX-13186,2026-05-13,PROD-101,Stratos Enterprise Suite,Cloud Services,West,4,4500,17631.93,4800,12831.93,1542.16,CUST-937,Growth SMB,Medium
TX-13187,2026-05-13,PROD-102,AI Analytics Engine Pro,Enterprise AI,South,4,8200,33079.53,8400,24679.53,4275.9,CUST-509,High-Value Enterprise,Low
TX-13188,2026-05-13,PROD-105,Strategic BI Advisory,Advisory,West,1,12000,12116.34,4500,7616.34,1436.88,CUST-600,At-Risk Midmarket,High
TX-13189,2026-05-13,PROD-106,Automated ETL Pipeline,Cloud Services,West,1,2900,2823.13,700,2123.13,330.7,CUST-597,Growth SMB,Medium
TX-13190,2026-05-14,PROD-104,Smart Edge Gateway,Hardware,South,1,1800,1793.34,950,843.34,241.34,CUST-849,Growth SMB,Medium
TX-13191,2026-05-14,PROD-102,AI Analytics Engine Pro,Enterprise AI,North,1,8200,8428.16,2100,6328.16,851.37,CUST-723,High-Value Enterprise,Low
TX-13192,2026-05-14,PROD-101,Stratos Enterprise Suite,Cloud Services,North,1,4500,4538.43,1200,3338.43,455.07,CUST-727,High-Value Enterprise,Medium
TX-13193,2026-05-14,PROD-103,Legacy Data Server V1,Hardware,APAC,1,3100,3145.33,2200,945.33,356.78,CUST-349,At-Risk Midmarket,High
TX-13194,2026-05-15,PROD-101,Stratos Enterprise Suite,Cloud Services,South,2,4500,9378.39,2400,6978.39,1144.98,CUST-310,At-Risk Midmarket,High
TX-13195,2026-05-15,PROD-104,Smart Edge Gateway,Hardware,North,1,1800,1854.43,950,904.43,192.61,CUST-401,High-Value Enterprise,Low
TX-13196,2026-05-15,PROD-103,Legacy Data Server V1,Hardware,West,1,3100,3178.46,2200,978.46,366.63,CUST-903,Growth SMB,High
TX-13197,2026-05-15,PROD-105,Strategic BI Advisory,Advisory,East,1,12000,11532.77,4500,7032.77,1503.86,CUST-764,At-Risk Midmarket,High
TX-13198,2026-05-15,PROD-105,Strategic BI Advisory,Advisory,North,1,12000,11400.29,4500,6900.29,1388.78,CUST-991,High-Value Enterprise,Low
TX-13199,2026-05-16,PROD-105,Strategic BI Advisory,Advisory,Central,1,12000,11411.68,4500,6911.68,1157.48,CUST-284,At-Risk Midmarket,High
TX-13200,2026-05-16,PROD-103,Legacy Data Server V1,Hardware,Central,1,3100,3139.44,2200,939.44,360.44,CUST-179,Growth SMB,Low
TX-13201,2026-05-16,PROD-105,Strategic BI Advisory,Advisory,APAC,2,12000,24569.63,9000,15569.63,2286.9,CUST-480,High-Value Enterprise,Low
TX-13202,2026-05-16,PROD-106,Automated ETL Pipeline,Cloud Services,North,1,2900,2943.85,700,2243.85,253.31,CUST-789,Growth SMB,Medium
TX-13203,2026-05-16,PROD-104,Smart Edge Gateway,Hardware,North,2,1800,3728.85,1900,1828.85,462.18,CUST-971,At-Risk Midmarket,High
TX-13204,2026-05-16,PROD-103,Legacy Data Server V1,Hardware,South,1,3100,2976.3,2200,776.3,392.51,CUST-723,Growth SMB,High
TX-13205,2026-05-17,PROD-106,Automated ETL Pipeline,Cloud Services,South,1,2900,2834.68,700,2134.68,252.8,CUST-920,Growth SMB,Low
TX-13206,2026-05-17,PROD-104,Smart Edge Gateway,Hardware,Central,4,1800,7047.87,3800,3247.87,816.6,CUST-256,Growth SMB,Medium
TX-13207,2026-05-17,PROD-103,Legacy Data Server V1,Hardware,South,1,3100,3246.14,2200,1046.14,418.13,CUST-555,Growth SMB,High
TX-13208,2026-05-17,PROD-102,AI Analytics Engine Pro,Enterprise AI,West,1,8200,8109.35,2100,6009.35,974.57,CUST-458,New Startup,Medium
TX-13209,2026-05-17,PROD-101,Stratos Enterprise Suite,Cloud Services,East,2,4500,8742.08,2400,6342.08,980.62,CUST-411,High-Value Enterprise,Medium
TX-13210,2026-05-18,PROD-105,Strategic BI Advisory,Advisory,South,1,12000,11735.57,4500,7235.57,1188.85,CUST-170,Growth SMB,Medium
TX-13211,2026-05-18,PROD-101,Stratos Enterprise Suite,Cloud Services,South,2,4500,8810.87,2400,6410.87,742.02,CUST-694,At-Risk Midmarket,High
TX-13212,2026-05-18,PROD-106,Automated ETL Pipeline,Cloud Services,East,8,2900,24185.28,5600,18585.28,3139.45,CUST-628,High-Value Enterprise,Low
TX-13213,2026-05-18,PROD-101,Stratos Enterprise Suite,Cloud Services,West,1,4500,4663.78,1200,3463.78,380.07,CUST-342,High-Value Enterprise,Low
TX-13214,2026-05-18,PROD-103,Legacy Data Server V1,Hardware,Central,1,3100,2988.27,2200,788.27,339.14,CUST-451,New Startup,High
TX-13215,2026-05-18,PROD-106,Automated ETL Pipeline,Cloud Services,West,1,2900,2798.2,700,2098.2,384.28,CUST-265,Growth SMB,Low
TX-13216,2026-05-19,PROD-101,Stratos Enterprise Suite,Cloud Services,North,1,4500,4566.35,1200,3366.35,518.84,CUST-171,Growth SMB,Low
TX-13217,2026-05-19,PROD-103,Legacy Data Server V1,Hardware,Central,1,3100,3043.42,2200,843.42,415.03,CUST-152,At-Risk Midmarket,High
TX-13218,2026-05-19,PROD-104,Smart Edge Gateway,Hardware,West,5,1800,8909.74,4750,4159.74,975.56,CUST-105,At-Risk Midmarket,High
TX-13219,2026-05-19,PROD-106,Automated ETL Pipeline,Cloud Services,APAC,1,2900,2838.48,700,2138.48,333.18,CUST-163,At-Risk Midmarket,High
TX-13220,2026-05-19,PROD-106,Automated ETL Pipeline,Cloud Services,East,1,2900,2939.48,700,2239.48,278.66,CUST-913,High-Value Enterprise,Low
TX-13221,2026-05-19,PROD-102,AI Analytics Engine Pro,Enterprise AI,West,4,8200,31341.15,8400,22941.15,3466.33,CUST-634,Growth SMB,Low
TX-13222,2026-05-20,PROD-104,Smart Edge Gateway,Hardware,North,2,1800,3737.62,1900,1837.62,517.06,CUST-989,Growth SMB,Low
TX-13223,2026-05-20,PROD-105,Strategic BI Advisory,Advisory,West,1,12000,12376.49,4500,7876.49,1718.14,CUST-538,Growth SMB,Low
TX-13224,2026-05-20,PROD-102,AI Analytics Engine Pro,Enterprise AI,North,1,8200,8134.49,2100,6034.49,746.76,CUST-847,New Startup,Medium
TX-13225,2026-05-20,PROD-101,Stratos Enterprise Suite,Cloud Services,EMEA,1,4500,4646.76,1200,3446.76,650.11,CUST-600,Growth SMB,Low
TX-13226,2026-05-20,PROD-105,Strategic BI Advisory,Advisory,North,1,12000,12498.03,4500,7998.03,1338.29,CUST-544,Growth SMB,Low
TX-13227,2026-05-20,PROD-102,AI Analytics Engine Pro,Enterprise AI,APAC,1,8200,7970.4,2100,5870.4,926.42,CUST-385,Growth SMB,Low
TX-13228,2026-05-21,PROD-105,Strategic BI Advisory,Advisory,North,1,12000,12241.65,4500,7741.65,1181.52,CUST-950,Growth SMB,Low
TX-13229,2026-05-21,PROD-105,Strategic BI Advisory,Advisory,APAC,1,12000,12329.38,4500,7829.38,1140.56,CUST-464,Growth SMB,Low
TX-13230,2026-05-21,PROD-106,Automated ETL Pipeline,Cloud Services,West,7,2900,19570.79,4900,14670.79,2419.7,CUST-173,High-Value Enterprise,Low
TX-13231,2026-05-21,PROD-104,Smart Edge Gateway,Hardware,South,2,1800,3575.78,1900,1675.78,291.58,CUST-613,High-Value Enterprise,Medium
TX-13232,2026-05-21,PROD-104,Smart Edge Gateway,Hardware,South,2,1800,3420.05,1900,1520.05,458.15,CUST-673,New Startup,Low
TX-13233,2026-05-22,PROD-106,Automated ETL Pipeline,Cloud Services,EMEA,2,2900,5910.07,1400,4510.07,501.31,CUST-490,High-Value Enterprise,Low
TX-13234,2026-05-22,PROD-105,Strategic BI Advisory,Advisory,APAC,1,12000,12105.15,4500,7605.15,1219.85,CUST-342,High-Value Enterprise,Low
TX-13235,2026-05-22,PROD-102,AI Analytics Engine Pro,Enterprise AI,West,1,8200,7930.69,2100,5830.69,916.84,CUST-790,Growth SMB,Medium
TX-13236,2026-05-22,PROD-102,AI Analytics Engine Pro,Enterprise AI,APAC,2,8200,16446.7,4200,12246.7,1631.74,CUST-349,Growth SMB,Low
TX-13237,2026-05-22,PROD-101,Stratos Enterprise Suite,Cloud Services,East,4,4500,17219.98,4800,12419.98,1400.73,CUST-749,New Startup,Medium
TX-13238,2026-05-23,PROD-103,Legacy Data Server V1,Hardware,West,2,3100,6323.73,4400,1923.73,773.68,CUST-346,At-Risk Midmarket,High
TX-13239,2026-05-23,PROD-105,Strategic BI Advisory,Advisory,APAC,1,12000,12168.74,4500,7668.74,1669.95,CUST-985,High-Value Enterprise,Medium
TX-13240,2026-05-23,PROD-101,Stratos Enterprise Suite,Cloud Services,EMEA,5,4500,21672.57,6000,15672.57,1908.35,CUST-201,New Startup,Low
TX-13241,2026-05-24,PROD-105,Strategic BI Advisory,Advisory,West,1,12000,11794.15,4500,7294.15,1625.43,CUST-990,High-Value Enterprise,Medium
TX-13242,2026-05-24,PROD-106,Automated ETL Pipeline,Cloud Services,West,2,2900,6076.81,1400,4676.81,511.75,CUST-834,Growth SMB,Low
TX-13243,2026-05-24,PROD-106,Automated ETL Pipeline,Cloud Services,West,1,2900,3004.12,700,2304.12,415.19,CUST-241,Growth SMB,Low
TX-13244,2026-05-25,PROD-104,Smart Edge Gateway,Hardware,East,2,1800,3487.85,1900,1587.85,332.53,CUST-390,New Startup,Low
TX-13245,2026-05-25,PROD-103,Legacy Data Server V1,Hardware,West,1,3100,3177.63,2200,977.63,382.46,CUST-275,At-Risk Midmarket,High
TX-13246,2026-05-25,PROD-106,Automated ETL Pipeline,Cloud Services,North,1,2900,2767.88,700,2067.88,247.9,CUST-764,Growth SMB,Medium
TX-13247,2026-05-26,PROD-105,Strategic BI Advisory,Advisory,EMEA,1,12000,12106.78,4500,7606.78,1072.77,CUST-361,Growth SMB,Medium
TX-13248,2026-05-26,PROD-101,Stratos Enterprise Suite,Cloud Services,South,2,4500,9008.58,2400,6608.58,848.73,CUST-772,At-Risk Midmarket,High
TX-13249,2026-05-26,PROD-103,Legacy Data Server V1,Hardware,East,1,3100,3134.15,2200,934.15,269.95,CUST-853,High-Value Enterprise,High
TX-13250,2026-05-26,PROD-104,Smart Edge Gateway,Hardware,West,7,1800,13060.35,6650,6410.35,1550.94,CUST-361,New Startup,Low
TX-13251,2026-05-27,PROD-101,Stratos Enterprise Suite,Cloud Services,West,1,4500,4426.34,1200,3226.34,506.18,CUST-189,Growth SMB,Medium
TX-13252,2026-05-27,PROD-101,Stratos Enterprise Suite,Cloud Services,Central,2,4500,9418.84,2400,7018.84,844.0,CUST-205,High-Value Enterprise,Low
TX-13253,2026-05-27,PROD-101,Stratos Enterprise Suite,Cloud Services,East,1,4500,4572.51,1200,3372.51,539.87,CUST-784,Growth SMB,Low
TX-13254,2026-05-27,PROD-103,Legacy Data Server V1,Hardware,South,1,3100,3155.06,2200,955.06,263.58,CUST-872,At-Risk Midmarket,High
TX-13255,2026-05-27,PROD-102,AI Analytics Engine Pro,Enterprise AI,Central,4,8200,34373.47,8400,25973.47,4182.95,CUST-893,At-Risk Midmarket,High
TX-13256,2026-05-27,PROD-101,Stratos Enterprise Suite,Cloud Services,East,1,4500,4363.53,1200,3163.53,377.76,CUST-978,New Startup,Low
TX-13257,2026-05-28,PROD-105,Strategic BI Advisory,Advisory,North,1,12000,12408.39,4500,7908.39,1708.53,CUST-426,At-Risk Midmarket,High
TX-13258,2026-05-28,PROD-103,Legacy Data Server V1,Hardware,South,1,3100,3166.76,2200,966.76,378.29,CUST-214,High-Value Enterprise,Low
TX-13259,2026-05-28,PROD-102,AI Analytics Engine Pro,Enterprise AI,West,2,8200,16526.39,4200,12326.39,1327.41,CUST-360,Growth SMB,Low
TX-13260,2026-05-28,PROD-101,Stratos Enterprise Suite,Cloud Services,East,1,4500,4280.19,1200,3080.19,448.89,CUST-545,Growth SMB,Medium
TX-13261,2026-05-28,PROD-106,Automated ETL Pipeline,Cloud Services,West,1,2900,2794.2,700,2094.2,311.7,CUST-761,Growth SMB,Low
TX-13262,2026-05-28,PROD-105,Strategic BI Advisory,Advisory,North,1,12000,11857.53,4500,7357.53,1183.41,CUST-186,Growth SMB,Low
TX-13263,2026-05-28,PROD-103,Legacy Data Server V1,Hardware,North,1,3100,3236.91,2200,1036.91,380.5,CUST-789,Growth SMB,Low
TX-13264,2026-05-29,PROD-103,Legacy Data Server V1,Hardware,West,1,3100,3019.78,2200,819.78,344.01,CUST-851,At-Risk Midmarket,High
TX-13265,2026-05-29,PROD-106,Automated ETL Pipeline,Cloud Services,North,2,2900,5853.53,1400,4453.53,738.12,CUST-987,Growth SMB,Medium
TX-13266,2026-05-29,PROD-102,AI Analytics Engine Pro,Enterprise AI,East,1,8200,7926.08,2100,5826.08,662.23,CUST-770,Growth SMB,Low
TX-13267,2026-05-29,PROD-104,Smart Edge Gateway,Hardware,North,1,1800,1793.31,950,843.31,220.75,CUST-385,New Startup,Medium
TX-13268,2026-05-29,PROD-102,AI Analytics Engine Pro,Enterprise AI,East,1,8200,8073.73,2100,5973.73,916.56,CUST-329,High-Value Enterprise,Medium
TX-13269,2026-05-29,PROD-101,Stratos Enterprise Suite,Cloud Services,West,1,4500,4289.45,1200,3089.45,454.22,CUST-117,High-Value Enterprise,Low
TX-13270,2026-05-29,PROD-102,AI Analytics Engine Pro,Enterprise AI,West,1,8200,8093.4,2100,5993.4,649.7,CUST-997,Growth SMB,Low
TX-13271,2026-05-30,PROD-101,Stratos Enterprise Suite,Cloud Services,West,2,4500,8750.75,2400,6350.75,936.67,CUST-546,Growth SMB,Low
TX-13272,2026-05-30,PROD-101,Stratos Enterprise Suite,Cloud Services,South,1,4500,4673.2,1200,3473.2,595.04,CUST-419,Growth SMB,Low
TX-13273,2026-05-30,PROD-102,AI Analytics Engine Pro,Enterprise AI,South,7,8200,56279.33,14700,41579.33,6650.73,CUST-849,At-Risk Midmarket,High
TX-13274,2026-05-30,PROD-104,Smart Edge Gateway,Hardware,East,4,1800,6853.91,3800,3053.91,645.9,CUST-220,High-Value Enterprise,Medium
TX-13275,2026-05-31,PROD-106,Automated ETL Pipeline,Cloud Services,South,10,2900,28447.7,7000,21447.7,2998.6,CUST-704,High-Value Enterprise,Low
TX-13276,2026-05-31,PROD-102,AI Analytics Engine Pro,Enterprise AI,East,1,8200,7885.35,2100,5785.35,970.56,CUST-228,Growth SMB,Low
TX-13277,2026-05-31,PROD-105,Strategic BI Advisory,Advisory,North,1,12000,11553.13,4500,7053.13,1589.05,CUST-642,Growth SMB,Low
TX-13278,2026-05-31,PROD-103,Legacy Data Server V1,Hardware,West,1,3100,3202.97,2200,1002.97,421.89,CUST-661,High-Value Enterprise,Low
TX-13279,2026-05-31,PROD-101,Stratos Enterprise Suite,Cloud Services,South,1,4500,4298.49,1200,3098.49,467.34,CUST-587,High-Value Enterprise,Low
TX-13280,2026-06-01,PROD-103,Legacy Data Server V1,Hardware,South,4,3100,12160.13,8800,3360.13,1693.27,CUST-166,Growth SMB,Medium
TX-13281,2026-06-01,PROD-104,Smart Edge Gateway,Hardware,East,1,1800,1725.19,950,775.19,180.02,CUST-921,Growth SMB,Low
TX-13282,2026-06-01,PROD-102,AI Analytics Engine Pro,Enterprise AI,South,1,8200,8310.67,2100,6210.67,980.52,CUST-453,At-Risk Midmarket,High
TX-13283,2026-06-02,PROD-103,Legacy Data Server V1,Hardware,South,1,3100,3052.15,2200,852.15,388.25,CUST-600,Growth SMB,Low
TX-13284,2026-06-02,PROD-104,Smart Edge Gateway,Hardware,South,1,1800,1735.11,950,785.11,150.27,CUST-674,High-Value Enterprise,Low
TX-13285,2026-06-02,PROD-104,Smart Edge Gateway,Hardware,North,1,1800,1744.33,950,794.33,204.22,CUST-549,Growth SMB,Medium
TX-13286,2026-06-02,PROD-101,Stratos Enterprise Suite,Cloud Services,West,2,4500,9292.28,2400,6892.28,825.77,CUST-329,Growth SMB,Low
TX-13287,2026-06-03,PROD-102,AI Analytics Engine Pro,Enterprise AI,EMEA,2,8200,16702.48,4200,12502.48,1527.19,CUST-126,At-Risk Midmarket,High
TX-13288,2026-06-03,PROD-102,AI Analytics Engine Pro,Enterprise AI,West,1,8200,8107.66,2100,6007.66,935.63,CUST-765,At-Risk Midmarket,High
TX-13289,2026-06-03,PROD-103,Legacy Data Server V1,Hardware,North,1,3100,3028.19,2200,828.19,391.41,CUST-189,Growth SMB,Medium
TX-13290,2026-06-04,PROD-101,Stratos Enterprise Suite,Cloud Services,West,4,4500,17174.31,4800,12374.31,2076.45,CUST-282,High-Value Enterprise,Medium
TX-13291,2026-06-04,PROD-102,AI Analytics Engine Pro,Enterprise AI,South,1,8200,8134.31,2100,6034.31,759.37,CUST-140,At-Risk Midmarket,High
TX-13292,2026-06-04,PROD-104,Smart Edge Gateway,Hardware,South,1,1800,1851.11,950,901.11,156.64,CUST-360,High-Value Enterprise,Low
TX-13293,2026-06-04,PROD-101,Stratos Enterprise Suite,Cloud Services,North,3,4500,14134.2,3600,10534.2,1426.2,CUST-256,New Startup,Low
TX-13294,2026-06-04,PROD-101,Stratos Enterprise Suite,Cloud Services,East,1,4500,4347.57,1200,3147.57,561.89,CUST-437,At-Risk Midmarket,High
TX-13295,2026-06-04,PROD-103,Legacy Data Server V1,Hardware,West,1,3100,3079.8,2200,879.8,280.79,CUST-486,At-Risk Midmarket,High
TX-13296,2026-06-04,PROD-105,Strategic BI Advisory,Advisory,EMEA,1,12000,11960.96,4500,7460.96,998.8,CUST-677,Growth SMB,Low
TX-13297,2026-06-05,PROD-103,Legacy Data Server V1,Hardware,West,1,3100,3232.06,2200,1032.06,410.43,CUST-893,At-Risk Midmarket,High
TX-13298,2026-06-05,PROD-105,Strategic BI Advisory,Advisory,North,1,12000,11777.48,4500,7277.48,1169.49,CUST-132,High-Value Enterprise,Low
TX-13299,2026-06-05,PROD-105,Strategic BI Advisory,Advisory,North,1,12000,12445.6,4500,7945.6,1122.48,CUST-950,At-Risk Midmarket,High
TX-13300,2026-06-05,PROD-105,Strategic BI Advisory,Advisory,Central,1,12000,11599.24,4500,7099.24,1037.23,CUST-580,Growth SMB,Low
TX-13301,2026-06-05,PROD-103,Legacy Data Server V1,Hardware,APAC,4,3100,12734.78,8800,3934.78,1422.45,CUST-169,High-Value Enterprise,High
TX-13302,2026-06-05,PROD-102,AI Analytics Engine Pro,Enterprise AI,North,1,8200,8581.28,2100,6481.28,947.61,CUST-962,High-Value Enterprise,Medium
TX-13303,2026-06-06,PROD-106,Automated ETL Pipeline,Cloud Services,South,4,2900,12079.28,2800,9279.28,1394.49,CUST-977,High-Value Enterprise,Low
TX-13304,2026-06-06,PROD-105,Strategic BI Advisory,Advisory,West,1,12000,11714.44,4500,7214.44,1279.25,CUST-751,High-Value Enterprise,Low
TX-13305,2026-06-06,PROD-103,Legacy Data Server V1,Hardware,South,4,3100,11920.3,8800,3120.3,1583.14,CUST-478,High-Value Enterprise,High
TX-13306,2026-06-06,PROD-106,Automated ETL Pipeline,Cloud Services,North,1,2900,2980.7,700,2280.7,248.87,CUST-578,At-Risk Midmarket,High
TX-13307,2026-06-06,PROD-105,Strategic BI Advisory,Advisory,East,2,12000,25072.0,9000,16072.0,3047.14,CUST-616,Growth SMB,Medium
TX-13308,2026-06-07,PROD-101,Stratos Enterprise Suite,Cloud Services,North,1,4500,4499.75,1200,3299.75,551.22,CUST-235,Growth SMB,Medium
TX-13309,2026-06-07,PROD-103,Legacy Data Server V1,Hardware,South,1,3100,3057.37,2200,857.37,299.5,CUST-767,Growth SMB,High
TX-13310,2026-06-07,PROD-103,Legacy Data Server V1,Hardware,East,1,3100,3222.44,2200,1022.44,287.3,CUST-871,At-Risk Midmarket,High
TX-13311,2026-06-07,PROD-104,Smart Edge Gateway,Hardware,Central,1,1800,1873.86,950,923.86,158.85,CUST-823,High-Value Enterprise,Low
TX-13312,2026-06-08,PROD-102,AI Analytics Engine Pro,Enterprise AI,West,2,8200,15908.75,4200,11708.75,1929.97,CUST-421,Growth SMB,Medium
TX-13313,2026-06-08,PROD-103,Legacy Data Server V1,Hardware,Central,2,3100,6044.13,4400,1644.13,698.28,CUST-282,High-Value Enterprise,High
TX-13314,2026-06-08,PROD-105,Strategic BI Advisory,Advisory,West,1,12000,11636.6,4500,7136.6,1397.48,CUST-684,At-Risk Midmarket,High
TX-13315,2026-06-08,PROD-103,Legacy Data Server V1,Hardware,East,1,3100,3133.61,2200,933.61,431.54,CUST-304,At-Risk Midmarket,High
TX-13316,2026-06-08,PROD-101,Stratos Enterprise Suite,Cloud Services,APAC,1,4500,4330.58,1200,3130.58,377.67,CUST-767,Growth SMB,Low
TX-13317,2026-06-08,PROD-106,Automated ETL Pipeline,Cloud Services,South,1,2900,2815.18,700,2115.18,332.14,CUST-262,Growth SMB,Medium
TX-13318,2026-06-08,PROD-101,Stratos Enterprise Suite,Cloud Services,East,2,4500,9407.16,2400,7007.16,1051.01,CUST-327,High-Value Enterprise,Low
TX-13319,2026-06-09,PROD-106,Automated ETL Pipeline,Cloud Services,West,5,2900,14363.28,3500,10863.28,1969.61,CUST-218,New Startup,Low
TX-13320,2026-06-09,PROD-105,Strategic BI Advisory,Advisory,East,1,12000,12377.5,4500,7877.5,1221.4,CUST-238,Growth SMB,Medium
TX-13321,2026-06-09,PROD-106,Automated ETL Pipeline,Cloud Services,APAC,2,2900,5573.76,1400,4173.76,695.34,CUST-253,High-Value Enterprise,Low
TX-13322,2026-06-09,PROD-102,AI Analytics Engine Pro,Enterprise AI,West,1,8200,8566.83,2100,6466.83,849.8,CUST-698,Growth SMB,Low
TX-13323,2026-06-09,PROD-104,Smart Edge Gateway,Hardware,West,4,1800,7378.03,3800,3578.03,995.98,CUST-663,At-Risk Midmarket,High
TX-13324,2026-06-10,PROD-103,Legacy Data Server V1,Hardware,East,1,3100,3193.27,2200,993.27,259.68,CUST-536,At-Risk Midmarket,High
TX-13325,2026-06-10,PROD-104,Smart Edge Gateway,Hardware,South,4,1800,7342.19,3800,3542.19,758.9,CUST-800,New Startup,Medium
TX-13326,2026-06-10,PROD-103,Legacy Data Server V1,Hardware,East,1,3100,3165.76,2200,965.76,331.11,CUST-237,New Startup,High
TX-13327,2026-06-10,PROD-101,Stratos Enterprise Suite,Cloud Services,North,1,4500,4350.14,1200,3150.14,538.15,CUST-262,Growth SMB,Medium
TX-13328,2026-06-10,PROD-105,Strategic BI Advisory,Advisory,South,1,12000,12123.63,4500,7623.63,1569.9,CUST-414,Growth SMB,Low
TX-13329,2026-06-10,PROD-106,Automated ETL Pipeline,Cloud Services,South,1,2900,2993.19,700,2293.19,247.16,CUST-329,High-Value Enterprise,Low
TX-13330,2026-06-11,PROD-103,Legacy Data Server V1,Hardware,North,1,3100,3039.56,2200,839.56,336.4,CUST-585,At-Risk Midmarket,High
TX-13331,2026-06-11,PROD-104,Smart Edge Gateway,Hardware,North,1,1800,1888.0,950,938.0,176.98,CUST-783,Growth SMB,Low
TX-13332,2026-06-11,PROD-103,Legacy Data Server V1,Hardware,Central,1,3100,3121.32,2200,921.32,421.7,CUST-574,New Startup,High
TX-13333,2026-06-12,PROD-102,AI Analytics Engine Pro,Enterprise AI,North,1,8200,7903.91,2100,5803.91,642.72,CUST-542,New Startup,Low
TX-13334,2026-06-12,PROD-102,AI Analytics Engine Pro,Enterprise AI,North,1,8200,7874.26,2100,5774.26,923.15,CUST-830,Growth SMB,Low
TX-13335,2026-06-12,PROD-103,Legacy Data Server V1,Hardware,South,1,3100,3156.14,2200,956.14,431.93,CUST-172,High-Value Enterprise,Medium
TX-13336,2026-06-12,PROD-101,Stratos Enterprise Suite,Cloud Services,EMEA,4,4500,17609.73,4800,12809.73,2042.28,CUST-329,At-Risk Midmarket,High
TX-13337,2026-06-13,PROD-103,Legacy Data Server V1,Hardware,South,2,3100,6376.72,4400,1976.72,852.84,CUST-279,High-Value Enterprise,High
TX-13338,2026-06-13,PROD-104,Smart Edge Gateway,Hardware,South,2,1800,3655.31,1900,1755.31,301.05,CUST-526,Growth SMB,Low
TX-13339,2026-06-13,PROD-102,AI Analytics Engine Pro,Enterprise AI,EMEA,1,8200,8571.77,2100,6471.77,795.65,CUST-440,At-Risk Midmarket,High
TX-13340,2026-06-13,PROD-101,Stratos Enterprise Suite,Cloud Services,North,5,4500,22206.49,6000,16206.49,1790.36,CUST-402,Growth SMB,Low
TX-13341,2026-06-13,PROD-105,Strategic BI Advisory,Advisory,North,1,12000,12474.35,4500,7974.35,1219.13,CUST-221,High-Value Enterprise,Low
TX-13342,2026-06-13,PROD-104,Smart Edge Gateway,Hardware,South,2,1800,3739.7,1900,1839.7,490.46,CUST-683,At-Risk Midmarket,High
TX-13343,2026-06-13,PROD-102,AI Analytics Engine Pro,Enterprise AI,East,1,8200,7957.57,2100,5857.57,831.43,CUST-760,New Startup,Medium
TX-13344,2026-06-14,PROD-102,AI Analytics Engine Pro,Enterprise AI,West,4,8200,31765.26,8400,23365.26,2582.77,CUST-830,Growth SMB,Low
TX-13345,2026-06-14,PROD-104,Smart Edge Gateway,Hardware,EMEA,5,1800,8793.46,4750,4043.46,944.53,CUST-323,Growth SMB,Medium
TX-13346,2026-06-14,PROD-104,Smart Edge Gateway,Hardware,West,4,1800,6881.48,3800,3081.48,721.67,CUST-502,New Startup,Low
TX-13347,2026-06-14,PROD-101,Stratos Enterprise Suite,Cloud Services,South,2,4500,8559.35,2400,6159.35,767.97,CUST-165,New Startup,Low
TX-13348,2026-06-14,PROD-106,Automated ETL Pipeline,Cloud Services,West,2,2900,5985.99,1400,4585.99,646.3,CUST-173,High-Value Enterprise,Low
TX-13349,2026-06-15,PROD-102,AI Analytics Engine Pro,Enterprise AI,South,1,8200,8097.27,2100,5997.27,810.75,CUST-649,New Startup,Low
TX-13350,2026-06-15,PROD-106,Automated ETL Pipeline,Cloud Services,North,1,2900,2803.66,700,2103.66,390.7,CUST-352,Growth SMB,Low
TX-13351,2026-06-15,PROD-103,Legacy Data Server V1,Hardware,North,1,3100,3049.02,2200,849.02,327.16,CUST-866,Growth SMB,High
TX-13352,2026-06-15,PROD-105,Strategic BI Advisory,Advisory,North,1,12000,12308.28,4500,7808.28,1242.81,CUST-696,New Startup,Low
TX-13353,2026-06-16,PROD-105,Strategic BI Advisory,Advisory,North,1,12000,11637.94,4500,7137.94,1211.5,CUST-616,Growth SMB,Low
TX-13354,2026-06-16,PROD-106,Automated ETL Pipeline,Cloud Services,West,1,2900,2766.38,700,2066.38,359.95,CUST-541,Growth SMB,Low
TX-13355,2026-06-16,PROD-102,AI Analytics Engine Pro,Enterprise AI,South,1,8200,8476.9,2100,6376.9,1180.05,CUST-587,High-Value Enterprise,Low
TX-13356,2026-06-16,PROD-104,Smart Edge Gateway,Hardware,West,4,1800,7301.01,3800,3501.01,877.89,CUST-171,New Startup,Medium
TX-13357,2026-06-16,PROD-106,Automated ETL Pipeline,Cloud Services,South,2,2900,5913.08,1400,4513.08,751.21,CUST-307,At-Risk Midmarket,High
TX-13358,2026-06-16,PROD-105,Strategic BI Advisory,Advisory,West,1,12000,12299.72,4500,7799.72,1299.97,CUST-171,Growth SMB,Low
TX-13359,2026-06-17,PROD-104,Smart Edge Gateway,Hardware,West,2,1800,3586.86,1900,1686.86,425.05,CUST-589,New Startup,Low
TX-13360,2026-06-17,PROD-106,Automated ETL Pipeline,Cloud Services,North,2,2900,5583.73,1400,4183.73,643.75,CUST-325,At-Risk Midmarket,High
TX-13361,2026-06-17,PROD-104,Smart Edge Gateway,Hardware,Central,1,1800,1853.99,950,903.99,177.8,CUST-774,Growth SMB,Medium
TX-13362,2026-06-17,PROD-101,Stratos Enterprise Suite,Cloud Services,West,1,4500,4407.21,1200,3207.21,513.75,CUST-226,At-Risk Midmarket,High
TX-13363,2026-06-17,PROD-106,Automated ETL Pipeline,Cloud Services,South,2,2900,6071.88,1400,4671.88,671.72,CUST-157,Growth SMB,Medium
TX-13364,2026-06-17,PROD-104,Smart Edge Gateway,Hardware,North,1,1800,1815.47,950,865.47,230.38,CUST-250,At-Risk Midmarket,High
TX-13365,2026-06-17,PROD-106,Automated ETL Pipeline,Cloud Services,East,2,2900,5765.6,1400,4365.6,787.06,CUST-860,Growth SMB,Low
TX-13366,2026-06-18,PROD-103,Legacy Data Server V1,Hardware,EMEA,2,3100,6166.02,4400,1766.02,848.1,CUST-407,Growth SMB,High
TX-13367,2026-06-18,PROD-105,Strategic BI Advisory,Advisory,West,1,12000,11673.07,4500,7173.07,1105.43,CUST-345,High-Value Enterprise,Medium
TX-13368,2026-06-18,PROD-106,Automated ETL Pipeline,Cloud Services,Central,4,2900,11134.12,2800,8334.12,891.5,CUST-227,New Startup,Low
TX-13369,2026-06-18,PROD-104,Smart Edge Gateway,Hardware,West,1,1800,1874.59,950,924.59,181.2,CUST-234,At-Risk Midmarket,High
TX-13370,2026-06-18,PROD-104,Smart Edge Gateway,Hardware,South,2,1800,3571.01,1900,1671.01,398.15,CUST-693,New Startup,Low
TX-13371,2026-06-19,PROD-104,Smart Edge Gateway,Hardware,South,2,1800,3631.09,1900,1731.09,375.32,CUST-874,Growth SMB,Low
TX-13372,2026-06-19,PROD-105,Strategic BI Advisory,Advisory,South,1,12000,12558.48,4500,8058.48,1082.5,CUST-705,Growth SMB,Low
TX-13373,2026-06-19,PROD-105,Strategic BI Advisory,Advisory,West,1,12000,12169.84,4500,7669.84,1666.56,CUST-711,At-Risk Midmarket,High
TX-13374,2026-06-19,PROD-104,Smart Edge Gateway,Hardware,Central,2,1800,3477.2,1900,1577.2,400.54,CUST-962,New Startup,Low
TX-13375,2026-06-19,PROD-101,Stratos Enterprise Suite,Cloud Services,South,2,4500,8972.21,2400,6572.21,952.09,CUST-293,At-Risk Midmarket,High
TX-13376,2026-06-19,PROD-105,Strategic BI Advisory,Advisory,APAC,1,12000,12566.31,4500,8066.31,1628.67,CUST-943,High-Value Enterprise,Low
TX-13377,2026-06-19,PROD-101,Stratos Enterprise Suite,Cloud Services,West,2,4500,8968.39,2400,6568.39,1066.1,CUST-345,At-Risk Midmarket,High
TX-13378,2026-06-20,PROD-101,Stratos Enterprise Suite,Cloud Services,Central,1,4500,4398.05,1200,3198.05,589.59,CUST-477,High-Value Enterprise,Low
TX-13379,2026-06-20,PROD-103,Legacy Data Server V1,Hardware,South,1,3100,3134.59,2200,934.59,326.82,CUST-471,At-Risk Midmarket,High
TX-13380,2026-06-20,PROD-101,Stratos Enterprise Suite,Cloud Services,North,4,4500,18317.3,4800,13517.3,2318.14,CUST-380,Growth SMB,Low
TX-13381,2026-06-20,PROD-104,Smart Edge Gateway,Hardware,East,4,1800,7128.9,3800,3328.9,683.38,CUST-864,High-Value Enterprise,Medium
TX-13382,2026-06-20,PROD-102,AI Analytics Engine Pro,Enterprise AI,North,1,8200,8198.97,2100,6098.97,799.32,CUST-561,Growth SMB,Low
TX-13383,2026-06-20,PROD-104,Smart Edge Gateway,Hardware,Central,1,1800,1807.64,950,857.64,166.18,CUST-985,At-Risk Midmarket,High
TX-13384,2026-06-21,PROD-105,Strategic BI Advisory,Advisory,North,1,12000,12370.59,4500,7870.59,1353.56,CUST-711,High-Value Enterprise,Low
TX-13385,2026-06-21,PROD-104,Smart Edge Gateway,Hardware,North,1,1800,1728.64,950,778.64,179.3,CUST-442,Growth SMB,Low
TX-13386,2026-06-21,PROD-106,Automated ETL Pipeline,Cloud Services,South,2,2900,5961.69,1400,4561.69,766.24,CUST-549,High-Value Enterprise,Low
TX-13387,2026-06-22,PROD-103,Legacy Data Server V1,Hardware,North,1,3100,3117.99,2200,917.99,342.69,CUST-943,Growth SMB,Low
TX-13388,2026-06-22,PROD-105,Strategic BI Advisory,Advisory,South,2,12000,22851.67,9000,13851.67,2940.73,CUST-934,New Startup,Low
TX-13389,2026-06-22,PROD-106,Automated ETL Pipeline,Cloud Services,Central,2,2900,5777.57,1400,4377.57,465.53,CUST-991,High-Value Enterprise,Low
TX-13390,2026-06-22,PROD-103,Legacy Data Server V1,Hardware,North,2,3100,6179.12,4400,1779.12,734.26,CUST-505,High-Value Enterprise,High
TX-13391,2026-06-22,PROD-102,AI Analytics Engine Pro,Enterprise AI,South,1,8200,8471.15,2100,6371.15,925.39,CUST-599,At-Risk Midmarket,High
TX-13392,2026-06-22,PROD-103,Legacy Data Server V1,Hardware,North,2,3100,5977.65,4400,1577.65,511.94,CUST-233,At-Risk Midmarket,High
TX-13393,2026-06-22,PROD-102,AI Analytics Engine Pro,Enterprise AI,APAC,1,8200,8414.92,2100,6314.92,962.94,CUST-893,New Startup,Low
TX-13394,2026-06-23,PROD-103,Legacy Data Server V1,Hardware,West,1,3100,2981.12,2200,781.12,369.22,CUST-621,Growth SMB,High
TX-13395,2026-06-23,PROD-103,Legacy Data Server V1,Hardware,East,1,3100,3238.06,2200,1038.06,274.0,CUST-661,New Startup,High
TX-13396,2026-06-23,PROD-106,Automated ETL Pipeline,Cloud Services,Central,7,2900,19786.29,4900,14886.29,2566.63,CUST-831,At-Risk Midmarket,High
TX-13397,2026-06-23,PROD-106,Automated ETL Pipeline,Cloud Services,West,4,2900,11994.56,2800,9194.56,1341.54,CUST-199,New Startup,Low
TX-13398,2026-06-23,PROD-104,Smart Edge Gateway,Hardware,West,4,1800,7434.65,3800,3634.65,649.23,CUST-109,Growth SMB,Low
TX-13399,2026-06-23,PROD-103,Legacy Data Server V1,Hardware,North,1,3100,3040.76,2200,840.76,317.23,CUST-805,At-Risk Midmarket,High
TX-13400,2026-06-24,PROD-101,Stratos Enterprise Suite,Cloud Services,West,1,4500,4285.09,1200,3085.09,433.44,CUST-654,At-Risk Midmarket,High
TX-13401,2026-06-24,PROD-105,Strategic BI Advisory,Advisory,South,1,12000,12367.87,4500,7867.87,1063.26,CUST-127,At-Risk Midmarket,High
TX-13402,2026-06-24,PROD-106,Automated ETL Pipeline,Cloud Services,North,3,2900,8718.4,2100,6618.4,832.99,CUST-946,High-Value Enterprise,Low
TX-13403,2026-06-25,PROD-106,Automated ETL Pipeline,Cloud Services,North,1,2900,2930.11,700,2230.11,408.99,CUST-163,Growth SMB,Medium
TX-13404,2026-06-25,PROD-104,Smart Edge Gateway,Hardware,South,1,1800,1747.01,950,797.01,196.83,CUST-846,High-Value Enterprise,Low
TX-13405,2026-06-25,PROD-106,Automated ETL Pipeline,Cloud Services,Central,2,2900,5716.06,1400,4316.06,685.99,CUST-325,At-Risk Midmarket,High
TX-13406,2026-06-25,PROD-102,AI Analytics Engine Pro,Enterprise AI,West,1,8200,7866.94,2100,5766.94,687.71,CUST-896,New Startup,Low
TX-13407,2026-06-25,PROD-106,Automated ETL Pipeline,Cloud Services,West,2,2900,5661.91,1400,4261.91,456.56,CUST-782,At-Risk Midmarket,High
TX-13408,2026-06-25,PROD-103,Legacy Data Server V1,Hardware,East,1,3100,3127.34,2200,927.34,253.4,CUST-780,New Startup,Low
TX-13409,2026-06-26,PROD-105,Strategic BI Advisory,Advisory,South,1,12000,12584.2,4500,8084.2,1335.71,CUST-718,High-Value Enterprise,Low
TX-13410,2026-06-26,PROD-106,Automated ETL Pipeline,Cloud Services,Central,2,2900,5562.55,1400,4162.55,560.87,CUST-672,Growth SMB,Low
TX-13411,2026-06-26,PROD-105,Strategic BI Advisory,Advisory,West,2,12000,24899.35,9000,15899.35,2087.6,CUST-459,Growth SMB,Low
TX-13412,2026-06-26,PROD-103,Legacy Data Server V1,Hardware,West,1,3100,3083.56,2200,883.56,361.58,CUST-747,Growth SMB,High
TX-13413,2026-06-26,PROD-104,Smart Edge Gateway,Hardware,South,5,1800,8886.54,4750,4136.54,830.23,CUST-913,New Startup,Medium
TX-13414,2026-06-26,PROD-106,Automated ETL Pipeline,Cloud Services,North,2,2900,5698.16,1400,4298.16,574.66,CUST-177,Growth SMB,Medium
TX-13415,2026-06-26,PROD-104,Smart Edge Gateway,Hardware,West,1,1800,1757.06,950,807.06,200.15,CUST-896,Growth SMB,Low
TX-13416,2026-06-27,PROD-106,Automated ETL Pipeline,Cloud Services,EMEA,5,2900,14318.95,3500,10818.95,1407.26,CUST-265,High-Value Enterprise,Low
TX-13417,2026-06-27,PROD-102,AI Analytics Engine Pro,Enterprise AI,West,2,8200,16690.1,4200,12490.1,1478.97,CUST-229,High-Value Enterprise,Medium
TX-13418,2026-06-27,PROD-105,Strategic BI Advisory,Advisory,North,1,12000,12320.38,4500,7820.38,1079.41,CUST-230,High-Value Enterprise,Low
TX-13419,2026-06-27,PROD-104,Smart Edge Gateway,Hardware,West,1,1800,1842.26,950,892.26,244.54,CUST-306,Growth SMB,Medium
TX-13420,2026-06-28,PROD-101,Stratos Enterprise Suite,Cloud Services,West,2,4500,9145.26,2400,6745.26,1046.2,CUST-737,Growth SMB,Low
TX-13421,2026-06-28,PROD-101,Stratos Enterprise Suite,Cloud Services,South,2,4500,8908.07,2400,6508.07,907.76,CUST-449,Growth SMB,Low
TX-13422,2026-06-28,PROD-104,Smart Edge Gateway,Hardware,South,2,1800,3760.11,1900,1860.11,487.46,CUST-424,Growth SMB,Low
TX-13423,2026-06-28,PROD-101,Stratos Enterprise Suite,Cloud Services,West,1,4500,4600.08,1200,3400.08,533.67,CUST-474,Growth SMB,Low
TX-13424,2026-06-28,PROD-104,Smart Edge Gateway,Hardware,East,5,1800,8562.41,4750,3812.41,1153.47,CUST-427,Growth SMB,Medium
TX-13425,2026-06-28,PROD-104,Smart Edge Gateway,Hardware,North,3,1800,5426.43,2850,2576.43,523.89,CUST-275,Growth SMB,Medium
TX-13426,2026-06-29,PROD-106,Automated ETL Pipeline,Cloud Services,North,1,2900,2904.56,700,2204.56,344.83,CUST-210,Growth SMB,Low
TX-13427,2026-06-29,PROD-103,Legacy Data Server V1,Hardware,EMEA,1,3100,3087.73,2200,887.73,254.39,CUST-415,At-Risk Midmarket,High
TX-13428,2026-06-29,PROD-105,Strategic BI Advisory,Advisory,APAC,1,12000,11609.1,4500,7109.1,1161.49,CUST-936,At-Risk Midmarket,High
TX-13429,2026-06-29,PROD-106,Automated ETL Pipeline,Cloud Services,Central,2,2900,5649.6,1400,4249.6,777.48,CUST-218,High-Value Enterprise,Low
TX-13430,2026-06-29,PROD-106,Automated ETL Pipeline,Cloud Services,North,2,2900,5595.0,1400,4195.0,455.98,CUST-281,At-Risk Midmarket,High
TX-13431,2026-06-29,PROD-104,Smart Edge Gateway,Hardware,North,2,1800,3592.84,1900,1692.84,410.63,CUST-209,High-Value Enterprise,Medium
TX-13432,2026-06-29,PROD-101,Stratos Enterprise Suite,Cloud Services,APAC,4,4500,17196.84,4800,12396.84,2294.16,CUST-586,Growth SMB,Low
TX-13433,2026-06-30,PROD-105,Strategic BI Advisory,Advisory,West,1,12000,11818.73,4500,7318.73,1343.41,CUST-930,At-Risk Midmarket,High
TX-13434,2026-06-30,PROD-106,Automated ETL Pipeline,Cloud Services,EMEA,2,2900,5877.07,1400,4477.07,758.22,CUST-130,Growth SMB,Low
TX-13435,2026-06-30,PROD-106,Automated ETL Pipeline,Cloud Services,North,3,2900,8447.29,2100,6347.29,679.87,CUST-960,Growth SMB,Medium
TX-13436,2026-07-01,PROD-104,Smart Edge Gateway,Hardware,East,1,1800,1883.15,950,933.15,162.36,CUST-302,High-Value Enterprise,Low
TX-13437,2026-07-01,PROD-104,Smart Edge Gateway,Hardware,West,1,1800,1876.63,950,926.63,172.77,CUST-697,Growth SMB,Low
TX-13438,2026-07-01,PROD-101,Stratos Enterprise Suite,Cloud Services,North,1,4500,4439.21,1200,3239.21,362.57,CUST-148,Growth SMB,Low
TX-13439,2026-07-01,PROD-102,AI Analytics Engine Pro,Enterprise AI,North,1,8200,8263.95,2100,6163.95,925.72,CUST-629,Growth SMB,Low
TX-13440,2026-07-01,PROD-105,Strategic BI Advisory,Advisory,Central,1,12000,12285.45,4500,7785.45,1525.41,CUST-691,Growth SMB,Low
TX-13441,2026-07-02,PROD-102,AI Analytics Engine Pro,Enterprise AI,South,1,8200,8174.38,2100,6074.38,974.5,CUST-699,Growth SMB,Low
TX-13442,2026-07-02,PROD-103,Legacy Data Server V1,Hardware,West,1,3100,3109.9,2200,909.9,430.74,CUST-689,New Startup,High
TX-13443,2026-07-02,PROD-102,AI Analytics Engine Pro,Enterprise AI,North,1,8200,8493.2,2100,6393.2,1090.74,CUST-994,Growth SMB,Low
TX-13444,2026-07-02,PROD-102,AI Analytics Engine Pro,Enterprise AI,Central,1,8200,7931.83,2100,5831.83,775.45,CUST-379,Growth SMB,Low
TX-13445,2026-07-03,PROD-105,Strategic BI Advisory,Advisory,West,1,12000,11789.68,4500,7289.68,1044.69,CUST-442,Growth SMB,Low
TX-13446,2026-07-03,PROD-101,Stratos Enterprise Suite,Cloud Services,West,1,4500,4662.03,1200,3462.03,615.18,CUST-833,Growth SMB,Low
TX-13447,2026-07-03,PROD-106,Automated ETL Pipeline,Cloud Services,North,3,2900,8555.58,2100,6455.58,757.47,CUST-168,Growth SMB,Medium
TX-13448,2026-07-04,PROD-106,Automated ETL Pipeline,Cloud Services,Central,1,2900,2847.21,700,2147.21,393.55,CUST-236,At-Risk Midmarket,High
TX-13449,2026-07-04,PROD-103,Legacy Data Server V1,Hardware,South,1,3100,3031.37,2200,831.37,392.48,CUST-117,Growth SMB,High
TX-13450,2026-07-04,PROD-105,Strategic BI Advisory,Advisory,West,1,12000,12404.33,4500,7904.33,1631.54,CUST-887,Growth SMB,Low
TX-13451,2026-07-04,PROD-103,Legacy Data Server V1,Hardware,North,1,3100,3153.9,2200,953.9,319.94,CUST-715,At-Risk Midmarket,High
TX-13452,2026-07-04,PROD-105,Strategic BI Advisory,Advisory,East,1,12000,11792.31,4500,7292.31,1501.34,CUST-119,Growth SMB,Low
TX-13453,2026-07-04,PROD-106,Automated ETL Pipeline,Cloud Services,East,3,2900,8759.0,2100,6659.0,786.24,CUST-545,High-Value Enterprise,Medium
TX-13454,2026-07-05,PROD-103,Legacy Data Server V1,Hardware,Central,1,3100,3065.25,2200,865.25,363.08,CUST-822,At-Risk Midmarket,High
TX-13455,2026-07-05,PROD-104,Smart Edge Gateway,Hardware,EMEA,2,1800,3549.18,1900,1649.18,341.1,CUST-349,High-Value Enterprise,Medium
TX-13456,2026-07-05,PROD-103,Legacy Data Server V1,Hardware,South,1,3100,3063.18,2200,863.18,315.02,CUST-189,High-Value Enterprise,High
TX-13457,2026-07-05,PROD-102,AI Analytics Engine Pro,Enterprise AI,East,1,8200,7909.44,2100,5809.44,856.68,CUST-819,At-Risk Midmarket,High
TX-13458,2026-07-05,PROD-101,Stratos Enterprise Suite,Cloud Services,West,2,4500,8808.62,2400,6408.62,990.23,CUST-445,New Startup,Low
TX-13459,2026-07-06,PROD-101,Stratos Enterprise Suite,Cloud Services,North,1,4500,4309.09,1200,3109.09,501.06,CUST-426,Growth SMB,Low
TX-13460,2026-07-06,PROD-105,Strategic BI Advisory,Advisory,APAC,1,12000,11464.11,4500,6964.11,999.57,CUST-800,Growth SMB,Low
TX-13461,2026-07-06,PROD-106,Automated ETL Pipeline,Cloud Services,West,2,2900,5974.83,1400,4574.83,597.18,CUST-822,High-Value Enterprise,Low
TX-13462,2026-07-06,PROD-105,Strategic BI Advisory,Advisory,North,1,12000,12360.48,4500,7860.48,1125.2,CUST-657,Growth SMB,Low
TX-13463,2026-07-06,PROD-104,Smart Edge Gateway,Hardware,North,1,1800,1791.63,950,841.63,224.89,CUST-551,High-Value Enterprise,Medium
TX-13464,2026-07-06,PROD-102,AI Analytics Engine Pro,Enterprise AI,South,1,8200,8140.48,2100,6040.48,873.38,CUST-207,At-Risk Midmarket,High
TX-13465,2026-07-06,PROD-101,Stratos Enterprise Suite,Cloud Services,EMEA,5,4500,22500.84,6000,16500.84,1863.51,CUST-403,At-Risk Midmarket,High
TX-13466,2026-07-07,PROD-103,Legacy Data Server V1,Hardware,East,1,3100,2994.21,2200,794.21,332.51,CUST-305,Growth SMB,Low
TX-13467,2026-07-07,PROD-101,Stratos Enterprise Suite,Cloud Services,West,3,4500,12983.02,3600,9383.02,1618.23,CUST-401,Growth SMB,Low
TX-13468,2026-07-07,PROD-104,Smart Edge Gateway,Hardware,East,1,1800,1796.52,950,846.52,229.47,CUST-486,New Startup,Medium
TX-13469,2026-07-08,PROD-105,Strategic BI Advisory,Advisory,West,1,12000,11686.52,4500,7186.52,951.8,CUST-823,New Startup,Low
TX-13470,2026-07-08,PROD-105,Strategic BI Advisory,Advisory,Central,1,12000,12345.41,4500,7845.41,1354.25,CUST-878,Growth SMB,Low
TX-13471,2026-07-08,PROD-105,Strategic BI Advisory,Advisory,West,1,12000,12209.02,4500,7709.02,1450.11,CUST-428,High-Value Enterprise,Low
TX-13472,2026-07-09,PROD-104,Smart Edge Gateway,Hardware,APAC,1,1800,1819.83,950,869.83,234.8,CUST-114,High-Value Enterprise,Low
TX-13473,2026-07-09,PROD-104,Smart Edge Gateway,Hardware,North,1,1800,1828.81,950,878.81,191.79,CUST-510,Growth SMB,Low
TX-13474,2026-07-09,PROD-104,Smart Edge Gateway,Hardware,North,1,1800,1798.69,950,848.69,182.66,CUST-591,Growth SMB,Medium
TX-13475,2026-07-09,PROD-103,Legacy Data Server V1,Hardware,APAC,1,3100,2963.32,2200,763.32,326.12,CUST-271,At-Risk Midmarket,High
TX-13476,2026-07-09,PROD-101,Stratos Enterprise Suite,Cloud Services,West,1,4500,4434.37,1200,3234.37,446.77,CUST-241,Growth SMB,Low
TX-13477,2026-07-10,PROD-103,Legacy Data Server V1,Hardware,West,1,3100,3250.73,2200,1050.73,289.99,CUST-435,New Startup,High
TX-13478,2026-07-10,PROD-102,AI Analytics Engine Pro,Enterprise AI,South,1,8200,8368.62,2100,6268.62,849.84,CUST-687,Growth SMB,Low
TX-13479,2026-07-10,PROD-105,Strategic BI Advisory,Advisory,EMEA,2,12000,24823.02,9000,15823.02,2591.47,CUST-963,New Startup,Low
TX-13480,2026-07-10,PROD-106,Automated ETL Pipeline,Cloud Services,North,3,2900,8845.95,2100,6745.95,711.91,CUST-750,Growth SMB,Low
TX-13481,2026-07-11,PROD-104,Smart Edge Gateway,Hardware,East,1,1800,1740.0,950,790.0,227.11,CUST-600,Growth SMB,Low
TX-13482,2026-07-11,PROD-105,Strategic BI Advisory,Advisory,West,1,12000,12154.53,4500,7654.53,1003.24,CUST-363,New Startup,Low
TX-13483,2026-07-11,PROD-104,Smart Edge Gateway,Hardware,West,1,1800,1872.47,950,922.47,244.8,CUST-283,New Startup,Medium
TX-13484,2026-07-11,PROD-105,Strategic BI Advisory,Advisory,West,1,12000,12258.69,4500,7758.69,1376.56,CUST-802,Growth SMB,Medium
TX-13485,2026-07-11,PROD-102,AI Analytics Engine Pro,Enterprise AI,West,1,8200,8052.58,2100,5952.58,1023.16,CUST-411,At-Risk Midmarket,High
TX-13486,2026-07-12,PROD-105,Strategic BI Advisory,Advisory,East,1,12000,12011.83,4500,7511.83,1652.28,CUST-384,Growth SMB,Low
TX-13487,2026-07-12,PROD-103,Legacy Data Server V1,Hardware,East,1,3100,3085.4,2200,885.4,247.38,CUST-499,Growth SMB,High
TX-13488,2026-07-12,PROD-104,Smart Edge Gateway,Hardware,West,1,1800,1856.68,950,906.68,148.9,CUST-886,Growth SMB,Low
TX-13489,2026-07-12,PROD-105,Strategic BI Advisory,Advisory,APAC,1,12000,12045.59,4500,7545.59,1595.44,CUST-322,High-Value Enterprise,Low
TX-13490,2026-07-12,PROD-102,AI Analytics Engine Pro,Enterprise AI,North,1,8200,8590.71,2100,6490.71,798.0,CUST-442,High-Value Enterprise,Low
TX-13491,2026-07-12,PROD-102,AI Analytics Engine Pro,Enterprise AI,East,1,8200,7798.08,2100,5698.08,836.62,CUST-458,Growth SMB,Low
TX-13492,2026-07-12,PROD-102,AI Analytics Engine Pro,Enterprise AI,East,2,8200,15622.24,4200,11422.24,1972.57,CUST-970,Growth SMB,Low
TX-13493,2026-07-13,PROD-105,Strategic BI Advisory,Advisory,South,1,12000,11600.58,4500,7100.58,1543.69,CUST-462,At-Risk Midmarket,High
TX-13494,2026-07-13,PROD-102,AI Analytics Engine Pro,Enterprise AI,South,1,8200,8173.97,2100,6073.97,736.79,CUST-341,At-Risk Midmarket,High
TX-13495,2026-07-13,PROD-101,Stratos Enterprise Suite,Cloud Services,South,2,4500,8572.15,2400,6172.15,1093.54,CUST-872,High-Value Enterprise,Low
TX-13496,2026-07-13,PROD-103,Legacy Data Server V1,Hardware,East,2,3100,6336.52,4400,1936.52,600.65,CUST-567,At-Risk Midmarket,High
TX-13497,2026-07-14,PROD-101,Stratos Enterprise Suite,Cloud Services,North,1,4500,4349.53,1200,3149.53,434.8,CUST-359,New Startup,Low
TX-13498,2026-07-14,PROD-106,Automated ETL Pipeline,Cloud Services,East,2,2900,5977.58,1400,4577.58,530.4,CUST-662,Growth SMB,Low
TX-13499,2026-07-14,PROD-103,Legacy Data Server V1,Hardware,East,1,3100,2952.15,2200,752.15,286.27,CUST-543,High-Value Enterprise,High
TX-13500,2026-07-14,PROD-101,Stratos Enterprise Suite,Cloud Services,East,1,4500,4394.68,1200,3194.68,599.72,CUST-896,New Startup,Low
TX-13501,2026-07-14,PROD-101,Stratos Enterprise Suite,Cloud Services,East,1,4500,4658.04,1200,3458.04,394.54,CUST-468,Growth SMB,Low
TX-13502,2026-07-14,PROD-104,Smart Edge Gateway,Hardware,East,1,1800,1826.89,950,876.89,198.49,CUST-814,New Startup,Low
TX-13503,2026-07-14,PROD-101,Stratos Enterprise Suite,Cloud Services,West,2,4500,9182.46,2400,6782.46,1007.07,CUST-459,Growth SMB,Low
TX-13504,2026-07-15,PROD-105,Strategic BI Advisory,Advisory,Central,2,12000,24018.3,9000,15018.3,3050.25,CUST-394,Growth SMB,Low
TX-13505,2026-07-15,PROD-103,Legacy Data Server V1,Hardware,East,1,3100,3063.84,2200,863.84,269.57,CUST-236,Growth SMB,High
TX-13506,2026-07-15,PROD-105,Strategic BI Advisory,Advisory,West,3,12000,35530.39,13500,22030.39,3619.1,CUST-866,Growth SMB,Low
TX-13507,2026-07-16,PROD-102,AI Analytics Engine Pro,Enterprise AI,East,5,8200,40165.23,10500,29665.23,4047.97,CUST-238,New Startup,Low
TX-13508,2026-07-16,PROD-104,Smart Edge Gateway,Hardware,South,2,1800,3752.77,1900,1852.77,429.81,CUST-532,High-Value Enterprise,Low
TX-13509,2026-07-16,PROD-106,Automated ETL Pipeline,Cloud Services,West,1,2900,2936.62,700,2236.62,336.31,CUST-320,High-Value Enterprise,Medium
TX-13510,2026-07-16,PROD-106,Automated ETL Pipeline,Cloud Services,South,1,2900,3003.46,700,2303.46,395.28,CUST-223,High-Value Enterprise,Low
TX-13511,2026-07-16,PROD-106,Automated ETL Pipeline,Cloud Services,West,3,2900,8566.62,2100,6466.62,855.14,CUST-821,At-Risk Midmarket,High
TX-13512,2026-07-17,PROD-101,Stratos Enterprise Suite,Cloud Services,South,2,4500,9064.99,2400,6664.99,1038.28,CUST-161,Growth SMB,Low
TX-13513,2026-07-17,PROD-103,Legacy Data Server V1,Hardware,South,1,3100,3189.58,2200,989.58,413.97,CUST-842,At-Risk Midmarket,High
TX-13514,2026-07-17,PROD-105,Strategic BI Advisory,Advisory,EMEA,1,12000,11744.98,4500,7244.98,1372.72,CUST-741,Growth SMB,Low
TX-13515,2026-07-17,PROD-102,AI Analytics Engine Pro,Enterprise AI,East,1,8200,8046.8,2100,5946.8,672.34,CUST-160,At-Risk Midmarket,High
TX-13516,2026-07-17,PROD-104,Smart Edge Gateway,Hardware,East,2,1800,3436.85,1900,1536.85,378.78,CUST-980,New Startup,Medium
TX-13517,2026-07-18,PROD-106,Automated ETL Pipeline,Cloud Services,North,1,2900,2954.17,700,2254.17,403.07,CUST-633,High-Value Enterprise,Low
TX-13518,2026-07-18,PROD-106,Automated ETL Pipeline,Cloud Services,North,2,2900,5744.14,1400,4344.14,686.31,CUST-270,At-Risk Midmarket,High
TX-13519,2026-07-18,PROD-105,Strategic BI Advisory,Advisory,EMEA,1,12000,11670.47,4500,7170.47,1040.17,CUST-715,Growth SMB,Low
TX-13520,2026-07-18,PROD-106,Automated ETL Pipeline,Cloud Services,North,2,2900,5663.85,1400,4263.85,687.72,CUST-180,Growth SMB,Low
TX-13521,2026-07-18,PROD-106,Automated ETL Pipeline,Cloud Services,West,1,2900,2886.17,700,2186.17,364.91,CUST-855,Growth SMB,Low
TX-13522,2026-07-19,PROD-101,Stratos Enterprise Suite,Cloud Services,West,3,4500,13716.5,3600,10116.5,1918.45,CUST-529,Growth SMB,Low
TX-13523,2026-07-19,PROD-101,Stratos Enterprise Suite,Cloud Services,North,2,4500,8673.57,2400,6273.57,1006.74,CUST-266,At-Risk Midmarket,High
TX-13524,2026-07-19,PROD-101,Stratos Enterprise Suite,Cloud Services,North,1,4500,4668.18,1200,3468.18,599.51,CUST-526,High-Value Enterprise,Low
TX-13525,2026-07-19,PROD-102,AI Analytics Engine Pro,Enterprise AI,North,1,8200,8072.39,2100,5972.39,710.83,CUST-477,Growth SMB,Low
TX-13526,2026-07-20,PROD-104,Smart Edge Gateway,Hardware,North,1,1800,1756.97,950,806.97,237.71,CUST-324,At-Risk Midmarket,High
TX-13527,2026-07-20,PROD-103,Legacy Data Server V1,Hardware,East,1,3100,3021.61,2200,821.61,316.91,CUST-536,High-Value Enterprise,Medium
TX-13528,2026-07-20,PROD-105,Strategic BI Advisory,Advisory,West,1,12000,12024.71,4500,7524.71,1402.88,CUST-664,At-Risk Midmarket,High
TX-13529,2026-07-20,PROD-105,Strategic BI Advisory,Advisory,Central,1,12000,12406.73,4500,7906.73,1420.37,CUST-401,High-Value Enterprise,Low
TX-13530,2026-07-20,PROD-103,Legacy Data Server V1,Hardware,East,1,3100,3195.46,2200,995.46,381.33,CUST-141,Growth SMB,High
TX-13531,2026-07-20,PROD-106,Automated ETL Pipeline,Cloud Services,West,3,2900,8894.64,2100,6794.64,832.06,CUST-482,Growth SMB,Low
TX-13532,2026-07-21,PROD-105,Strategic BI Advisory,Advisory,South,1,12000,11955.43,4500,7455.43,1608.64,CUST-432,Growth SMB,Low
TX-13533,2026-07-21,PROD-106,Automated ETL Pipeline,Cloud Services,East,3,2900,8907.46,2100,6807.46,1109.38,CUST-218,New Startup,Low
TX-13534,2026-07-21,PROD-102,AI Analytics Engine Pro,Enterprise AI,South,2,8200,17137.73,4200,12937.73,1558.63,CUST-625,Growth SMB,Low
TX-13535,2026-07-21,PROD-105,Strategic BI Advisory,Advisory,APAC,1,12000,12218.25,4500,7718.25,1112.62,CUST-341,At-Risk Midmarket,High
TX-13536,2026-07-22,PROD-104,Smart Edge Gateway,Hardware,West,1,1800,1753.52,950,803.52,181.66,CUST-612,At-Risk Midmarket,High
TX-13537,2026-07-22,PROD-104,Smart Edge Gateway,Hardware,Central,1,1800,1783.7,950,833.7,188.06,CUST-951,At-Risk Midmarket,High
TX-13538,2026-07-22,PROD-106,Automated ETL Pipeline,Cloud Services,South,1,2900,3005.63,700,2305.63,378.78,CUST-617,High-Value Enterprise,Low
TX-13539,2026-07-22,PROD-103,Legacy Data Server V1,Hardware,North,1,3100,3068.65,2200,868.65,385.98,CUST-842,New Startup,Low
TX-13540,2026-07-23,PROD-101,Stratos Enterprise Suite,Cloud Services,EMEA,3,4500,13427.05,3600,9827.05,1176.31,CUST-561,High-Value Enterprise,Low
TX-13541,2026-07-23,PROD-106,Automated ETL Pipeline,Cloud Services,North,1,2900,2975.46,700,2275.46,365.51,CUST-692,Growth SMB,Medium
TX-13542,2026-07-23,PROD-104,Smart Edge Gateway,Hardware,Central,1,1800,1774.63,950,824.63,184.66,CUST-196,High-Value Enterprise,Medium
TX-13543,2026-07-24,PROD-104,Smart Edge Gateway,Hardware,APAC,5,1800,9348.2,4750,4598.2,1020.69,CUST-866,Growth SMB,Low
TX-13544,2026-07-24,PROD-106,Automated ETL Pipeline,Cloud Services,East,1,2900,2979.39,700,2279.39,281.78,CUST-311,Growth SMB,Low
TX-13545,2026-07-24,PROD-106,Automated ETL Pipeline,Cloud Services,APAC,2,2900,5989.8,1400,4589.8,629.39,CUST-494,Growth SMB,Low
TX-13546,2026-07-24,PROD-103,Legacy Data Server V1,Hardware,South,1,3100,3001.09,2200,801.09,360.32,CUST-842,High-Value Enterprise,High
TX-13547,2026-07-25,PROD-105,Strategic BI Advisory,Advisory,East,1,12000,11526.92,4500,7026.92,1020.32,CUST-785,Growth SMB,Medium
TX-13548,2026-07-25,PROD-102,AI Analytics Engine Pro,Enterprise AI,South,1,8200,8285.36,2100,6185.36,1046.78,CUST-658,At-Risk Midmarket,High
TX-13549,2026-07-25,PROD-102,AI Analytics Engine Pro,Enterprise AI,South,2,8200,16236.55,4200,12036.55,2186.64,CUST-767,New Startup,Low
TX-13550,2026-07-25,PROD-102,AI Analytics Engine Pro,Enterprise AI,South,3,8200,23658.36,6300,17358.36,2098.8,CUST-333,At-Risk Midmarket,High
TX-13551,2026-07-25,PROD-105,Strategic BI Advisory,Advisory,EMEA,1,12000,11785.84,4500,7285.84,1191.37,CUST-129,Growth SMB,Low
TX-13552,2026-07-26,PROD-106,Automated ETL Pipeline,Cloud Services,South,1,2900,2900.04,700,2200.04,375.34,CUST-518,At-Risk Midmarket,High
TX-13553,2026-07-26,PROD-105,Strategic BI Advisory,Advisory,South,1,12000,12559.85,4500,8059.85,1624.51,CUST-113,At-Risk Midmarket,High
TX-13554,2026-07-26,PROD-104,Smart Edge Gateway,Hardware,Central,1,1800,1837.22,950,887.22,191.58,CUST-256,Growth SMB,Low
TX-13555,2026-07-26,PROD-101,Stratos Enterprise Suite,Cloud Services,Central,2,4500,9290.82,2400,6890.82,1102.16,CUST-978,At-Risk Midmarket,High
TX-13556,2026-07-26,PROD-105,Strategic BI Advisory,Advisory,East,1,12000,12393.49,4500,7893.49,1320.18,CUST-374,New Startup,Low
TX-13557,2026-07-27,PROD-101,Stratos Enterprise Suite,Cloud Services,South,1,4500,4455.45,1200,3255.45,425.25,CUST-432,New Startup,Low
TX-13558,2026-07-27,PROD-101,Stratos Enterprise Suite,Cloud Services,EMEA,3,4500,13752.34,3600,10152.34,1350.37,CUST-222,High-Value Enterprise,Medium
TX-13559,2026-07-27,PROD-101,Stratos Enterprise Suite,Cloud Services,EMEA,2,4500,8642.47,2400,6242.47,1034.35,CUST-172,At-Risk Midmarket,High
TX-13560,2026-07-27,PROD-101,Stratos Enterprise Suite,Cloud Services,EMEA,3,4500,13113.9,3600,9513.9,1657.58,CUST-756,Growth SMB,Low
TX-13561,2026-07-27,PROD-106,Automated ETL Pipeline,Cloud Services,West,6,2900,16600.81,4200,12400.81,1360.92,CUST-743,High-Value Enterprise,Medium
TX-13562,2026-07-27,PROD-101,Stratos Enterprise Suite,Cloud Services,East,1,4500,4348.39,1200,3148.39,547.87,CUST-712,Growth SMB,Low
TX-13563,2026-07-27,PROD-103,Legacy Data Server V1,Hardware,South,1,3100,3246.75,2200,1046.75,265.01,CUST-131,New Startup,Low
TX-13564,2026-07-28,PROD-103,Legacy Data Server V1,Hardware,Central,1,3100,3159.97,2200,959.97,264.29,CUST-134,Growth SMB,High
TX-13565,2026-07-28,PROD-104,Smart Edge Gateway,Hardware,North,1,1800,1735.69,950,785.69,177.27,CUST-369,Growth SMB,Medium
TX-13566,2026-07-28,PROD-102,AI Analytics Engine Pro,Enterprise AI,South,1,8200,8118.95,2100,6018.95,811.54,CUST-279,Growth SMB,Medium
TX-13567,2026-07-28,PROD-102,AI Analytics Engine Pro,Enterprise AI,APAC,1,8200,8324.52,2100,6224.52,913.53,CUST-946,New Startup,Low
TX-13568,2026-07-28,PROD-104,Smart Edge Gateway,Hardware,EMEA,5,1800,9397.99,4750,4647.99,1073.55,CUST-406,New Startup,Low
TX-13569,2026-07-28,PROD-105,Strategic BI Advisory,Advisory,North,1,12000,12140.85,4500,7640.85,1323.02,CUST-665,Growth SMB,Low
TX-13570,2026-07-29,PROD-106,Automated ETL Pipeline,Cloud Services,North,1,2900,2778.85,700,2078.85,314.85,CUST-501,High-Value Enterprise,Low
TX-13571,2026-07-29,PROD-103,Legacy Data Server V1,Hardware,South,1,3100,3053.18,2200,853.18,304.65,CUST-487,High-Value Enterprise,High
TX-13572,2026-07-29,PROD-103,Legacy Data Server V1,Hardware,Central,1,3100,3129.7,2200,929.7,375.79,CUST-711,Growth SMB,Low
TX-13573,2026-07-29,PROD-105,Strategic BI Advisory,Advisory,Central,1,12000,12418.94,4500,7918.94,1047.36,CUST-178,New Startup,Medium
TX-13574,2026-07-29,PROD-105,Strategic BI Advisory,Advisory,APAC,1,12000,11902.65,4500,7402.65,1465.86,CUST-490,New Startup,Medium
TX-13575,2026-07-30,PROD-102,AI Analytics Engine Pro,Enterprise AI,Central,2,8200,16990.25,4200,12790.25,1715.42,CUST-739,At-Risk Midmarket,High
TX-13576,2026-07-30,PROD-106,Automated ETL Pipeline,Cloud Services,West,1,2900,2994.86,700,2294.86,411.79,CUST-726,Growth SMB,Medium
TX-13577,2026-07-30,PROD-104,Smart Edge Gateway,Hardware,North,1,1800,1784.65,950,834.65,175.24,CUST-598,At-Risk Midmarket,High
TX-13578,2026-07-30,PROD-105,Strategic BI Advisory,Advisory,West,1,12000,11766.67,4500,7266.67,1417.06,CUST-898,Growth SMB,Low
TX-13579,2026-07-30,PROD-106,Automated ETL Pipeline,Cloud Services,South,1,2900,2807.1,700,2107.1,238.63,CUST-700,High-Value Enterprise,Low
TX-13580,2026-07-30,PROD-104,Smart Edge Gateway,Hardware,West,1,1800,1869.76,950,919.76,222.08,CUST-856,Growth SMB,Low
TX-13581,2026-07-31,PROD-106,Automated ETL Pipeline,Cloud Services,APAC,6,2900,17674.66,4200,13474.66,2313.23,CUST-391,At-Risk Midmarket,High
TX-13582,2026-07-31,PROD-105,Strategic BI Advisory,Advisory,West,1,12000,11886.3,4500,7386.3,1357.07,CUST-227,At-Risk Midmarket,High
TX-13583,2026-07-31,PROD-101,Stratos Enterprise Suite,Cloud Services,North,1,4500,4393.02,1200,3193.02,416.25,CUST-446,High-Value Enterprise,Low
TX-13584,2026-07-31,PROD-101,Stratos Enterprise Suite,Cloud Services,Central,1,4500,4657.47,1200,3457.47,570.39,CUST-372,High-Value Enterprise,Medium
TX-13585,2026-07-31,PROD-103,Legacy Data Server V1,Hardware,West,1,3100,3112.46,2200,912.46,258.66,CUST-251,Growth SMB,Low
TX-13586,2026-07-31,PROD-104,Smart Edge Gateway,Hardware,North,5,1800,8686.32,4750,3936.32,1028.08,CUST-351,New Startup,Low
TX-13587,2026-07-31,PROD-105,Strategic BI Advisory,Advisory,West,1,12000,12088.74,4500,7588.74,1286.79,CUST-777,Growth SMB,Low
TX-13588,2026-08-01,PROD-105,Strategic BI Advisory,Advisory,East,1,12000,11739.86,4500,7239.86,1141.6,CUST-603,At-Risk Midmarket,High
TX-13589,2026-08-01,PROD-104,Smart Edge Gateway,Hardware,South,1,1800,1779.21,950,829.21,153.63,CUST-854,New Startup,Low
TX-13590,2026-08-01,PROD-104,Smart Edge Gateway,Hardware,EMEA,2,1800,3431.42,1900,1531.42,399.31,CUST-825,Growth SMB,Low
TX-13591,2026-08-01,PROD-101,Stratos Enterprise Suite,Cloud Services,North,1,4500,4344.64,1200,3144.64,548.89,CUST-468,Growth SMB,Low
TX-13592,2026-08-01,PROD-106,Automated ETL Pipeline,Cloud Services,West,3,2900,8778.04,2100,6678.04,749.73,CUST-174,High-Value Enterprise,Medium
TX-13593,2026-08-01,PROD-105,Strategic BI Advisory,Advisory,South,1,12000,11829.8,4500,7329.8,1655.33,CUST-764,Growth SMB,Low
TX-13594,2026-08-02,PROD-102,AI Analytics Engine Pro,Enterprise AI,Central,1,8200,8221.59,2100,6121.59,784.5,CUST-593,High-Value Enterprise,Medium
TX-13595,2026-08-02,PROD-106,Automated ETL Pipeline,Cloud Services,APAC,2,2900,5664.04,1400,4264.04,760.94,CUST-206,At-Risk Midmarket,High
TX-13596,2026-08-02,PROD-102,AI Analytics Engine Pro,Enterprise AI,EMEA,1,8200,8087.14,2100,5987.14,805.43,CUST-193,High-Value Enterprise,Low
TX-13597,2026-08-03,PROD-102,AI Analytics Engine Pro,Enterprise AI,West,1,8200,8520.09,2100,6420.09,967.24,CUST-855,Growth SMB,Medium
TX-13598,2026-08-03,PROD-102,AI Analytics Engine Pro,Enterprise AI,South,1,8200,8353.62,2100,6253.62,780.81,CUST-531,Growth SMB,Low
TX-13599,2026-08-03,PROD-105,Strategic BI Advisory,Advisory,West,1,12000,11538.03,4500,7038.03,1154.54,CUST-201,High-Value Enterprise,Medium
TX-13600,2026-08-04,PROD-101,Stratos Enterprise Suite,Cloud Services,North,1,4500,4616.95,1200,3416.95,559.7,CUST-400,Growth SMB,Medium
TX-13601,2026-08-04,PROD-106,Automated ETL Pipeline,Cloud Services,East,3,2900,8421.38,2100,6321.38,924.01,CUST-707,Growth SMB,Low
TX-13602,2026-08-04,PROD-104,Smart Edge Gateway,Hardware,East,1,1800,1761.18,950,811.18,150.63,CUST-436,High-Value Enterprise,Medium
TX-13603,2026-08-04,PROD-102,AI Analytics Engine Pro,Enterprise AI,EMEA,6,8200,46747.9,12600,34147.9,4944.57,CUST-989,At-Risk Midmarket,High
TX-13604,2026-08-05,PROD-102,AI Analytics Engine Pro,Enterprise AI,North,1,8200,7965.09,2100,5865.09,747.39,CUST-207,High-Value Enterprise,Low
TX-13605,2026-08-05,PROD-101,Stratos Enterprise Suite,Cloud Services,South,2,4500,8669.86,2400,6269.86,1027.64,CUST-808,High-Value Enterprise,Medium
TX-13606,2026-08-05,PROD-101,Stratos Enterprise Suite,Cloud Services,West,1,4500,4608.45,1200,3408.45,631.21,CUST-568,At-Risk Midmarket,High
TX-13607,2026-08-06,PROD-105,Strategic BI Advisory,Advisory,Central,1,12000,11529.29,4500,7029.29,1465.26,CUST-204,At-Risk Midmarket,High
TX-13608,2026-08-06,PROD-103,Legacy Data Server V1,Hardware,North,1,3100,3186.86,2200,986.86,264.12,CUST-270,New Startup,High
TX-13609,2026-08-06,PROD-106,Automated ETL Pipeline,Cloud Services,APAC,1,2900,2995.85,700,2295.85,376.12,CUST-875,Growth SMB,Low
TX-13610,2026-08-06,PROD-102,AI Analytics Engine Pro,Enterprise AI,Central,2,8200,15685.88,4200,11485.88,1599.51,CUST-997,Growth SMB,Low
TX-13611,2026-08-07,PROD-103,Legacy Data Server V1,Hardware,West,1,3100,3100.68,2200,900.68,383.62,CUST-459,High-Value Enterprise,High
TX-13612,2026-08-07,PROD-101,Stratos Enterprise Suite,Cloud Services,North,1,4500,4420.64,1200,3220.64,388.69,CUST-321,Growth SMB,Low
TX-13613,2026-08-07,PROD-106,Automated ETL Pipeline,Cloud Services,EMEA,1,2900,2974.47,700,2274.47,250.75,CUST-115,Growth SMB,Medium
TX-13614,2026-08-07,PROD-105,Strategic BI Advisory,Advisory,West,1,12000,11546.92,4500,7046.92,1036.4,CUST-497,At-Risk Midmarket,High
TX-13615,2026-08-08,PROD-105,Strategic BI Advisory,Advisory,East,1,12000,12298.67,4500,7798.67,1310.28,CUST-459,At-Risk Midmarket,High
TX-13616,2026-08-08,PROD-105,Strategic BI Advisory,Advisory,South,1,12000,12548.9,4500,8048.9,1587.77,CUST-208,New Startup,Low
TX-13617,2026-08-08,PROD-104,Smart Edge Gateway,Hardware,South,1,1800,1790.22,950,840.22,165.98,CUST-484,Growth SMB,Low
TX-13618,2026-08-08,PROD-101,Stratos Enterprise Suite,Cloud Services,South,1,4500,4275.88,1200,3075.88,361.79,CUST-367,Growth SMB,Low
TX-13619,2026-08-09,PROD-105,Strategic BI Advisory,Advisory,Central,1,12000,12000.48,4500,7500.48,1602.65,CUST-570,Growth SMB,Medium
TX-13620,2026-08-09,PROD-103,Legacy Data Server V1,Hardware,APAC,1,3100,2953.66,2200,753.66,322.26,CUST-241,Growth SMB,High
TX-13621,2026-08-09,PROD-104,Smart Edge Gateway,Hardware,APAC,3,1800,5496.82,2850,2646.82,762.36,CUST-535,At-Risk Midmarket,High
TX-13622,2026-08-09,PROD-105,Strategic BI Advisory,Advisory,South,1,12000,12367.44,4500,7867.44,1334.64,CUST-425,Growth SMB,Low
TX-13623,2026-08-09,PROD-103,Legacy Data Server V1,Hardware,West,1,3100,3074.88,2200,874.88,323.31,CUST-157,At-Risk Midmarket,High
TX-13624,2026-08-09,PROD-102,AI Analytics Engine Pro,Enterprise AI,East,1,8200,8126.94,2100,6026.94,1091.65,CUST-787,High-Value Enterprise,Medium
TX-13625,2026-08-10,PROD-103,Legacy Data Server V1,Hardware,West,1,3100,3110.58,2200,910.58,394.98,CUST-540,At-Risk Midmarket,High
TX-13626,2026-08-10,PROD-101,Stratos Enterprise Suite,Cloud Services,North,2,4500,9421.07,2400,7021.07,1278.99,CUST-794,At-Risk Midmarket,High
TX-13627,2026-08-10,PROD-104,Smart Edge Gateway,Hardware,Central,2,1800,3504.14,1900,1604.14,336.2,CUST-891,At-Risk Midmarket,High
TX-13628,2026-08-10,PROD-105,Strategic BI Advisory,Advisory,Central,1,12000,12392.31,4500,7892.31,1223.81,CUST-157,Growth SMB,Low
TX-13629,2026-08-10,PROD-104,Smart Edge Gateway,Hardware,APAC,1,1800,1824.65,950,874.65,237.33,CUST-531,At-Risk Midmarket,High
TX-13630,2026-08-11,PROD-104,Smart Edge Gateway,Hardware,West,2,1800,3477.29,1900,1577.29,454.23,CUST-287,At-Risk Midmarket,High
TX-13631,2026-08-11,PROD-101,Stratos Enterprise Suite,Cloud Services,South,1,4500,4537.99,1200,3337.99,404.24,CUST-140,High-Value Enterprise,Medium
TX-13632,2026-08-11,PROD-101,Stratos Enterprise Suite,Cloud Services,East,1,4500,4668.09,1200,3468.09,497.89,CUST-381,Growth SMB,Low
TX-13633,2026-08-11,PROD-104,Smart Edge Gateway,Hardware,South,1,1800,1853.51,950,903.51,214.69,CUST-444,Growth SMB,Low
TX-13634,2026-08-11,PROD-105,Strategic BI Advisory,Advisory,North,1,12000,12175.89,4500,7675.89,1133.54,CUST-597,At-Risk Midmarket,High
TX-13635,2026-08-12,PROD-106,Automated ETL Pipeline,Cloud Services,North,1,2900,2846.59,700,2146.59,263.13,CUST-608,Growth SMB,Low
TX-13636,2026-08-12,PROD-101,Stratos Enterprise Suite,Cloud Services,West,1,4500,4699.56,1200,3499.56,610.93,CUST-684,High-Value Enterprise,Low
TX-13637,2026-08-12,PROD-103,Legacy Data Server V1,Hardware,North,1,3100,3020.89,2200,820.89,298.01,CUST-598,High-Value Enterprise,High
TX-13638,2026-08-12,PROD-103,Legacy Data Server V1,Hardware,West,1,3100,3076.96,2200,876.96,314.14,CUST-756,New Startup,High
TX-13639,2026-08-13,PROD-101,Stratos Enterprise Suite,Cloud Services,North,2,4500,9301.48,2400,6901.48,1216.94,CUST-705,At-Risk Midmarket,High
TX-13640,2026-08-13,PROD-103,Legacy Data Server V1,Hardware,East,1,3100,3236.01,2200,1036.01,296.69,CUST-493,At-Risk Midmarket,High
TX-13641,2026-08-13,PROD-104,Smart Edge Gateway,Hardware,West,2,1800,3771.96,1900,1871.96,509.84,CUST-877,At-Risk Midmarket,High
TX-13642,2026-08-13,PROD-103,Legacy Data Server V1,Hardware,West,1,3100,3139.43,2200,939.43,289.83,CUST-489,Growth SMB,Medium
TX-13643,2026-08-13,PROD-103,Legacy Data Server V1,Hardware,South,1,3100,3013.82,2200,813.82,318.01,CUST-585,New Startup,High
TX-13644,2026-08-13,PROD-106,Automated ETL Pipeline,Cloud Services,South,1,2900,2761.73,700,2061.73,311.86,CUST-447,At-Risk Midmarket,High
TX-13645,2026-08-13,PROD-102,AI Analytics Engine Pro,Enterprise AI,North,1,8200,8388.44,2100,6288.44,825.77,CUST-992,At-Risk Midmarket,High
TX-13646,2026-08-14,PROD-106,Automated ETL Pipeline,Cloud Services,Central,1,2900,3044.59,700,2344.59,382.6,CUST-351,Growth SMB,Low
TX-13647,2026-08-14,PROD-104,Smart Edge Gateway,Hardware,Central,1,1800,1772.63,950,822.63,191.45,CUST-167,High-Value Enterprise,Low
TX-13648,2026-08-14,PROD-106,Automated ETL Pipeline,Cloud Services,APAC,2,2900,6064.21,1400,4664.21,486.63,CUST-714,At-Risk Midmarket,High
TX-13649,2026-08-14,PROD-101,Stratos Enterprise Suite,Cloud Services,North,1,4500,4376.83,1200,3176.83,479.28,CUST-275,At-Risk Midmarket,High
TX-13650,2026-08-15,PROD-106,Automated ETL Pipeline,Cloud Services,East,1,2900,2992.41,700,2292.41,299.51,CUST-220,New Startup,Medium
TX-13651,2026-08-15,PROD-105,Strategic BI Advisory,Advisory,South,1,12000,11588.43,4500,7088.43,1547.42,CUST-742,New Startup,Low
TX-13652,2026-08-15,PROD-101,Stratos Enterprise Suite,Cloud Services,West,6,4500,27706.36,7200,20506.36,2488.38,CUST-461,At-Risk Midmarket,High
TX-13653,2026-08-15,PROD-105,Strategic BI Advisory,Advisory,Central,1,12000,11593.36,4500,7093.36,1273.2,CUST-745,New Startup,Low
TX-13654,2026-08-16,PROD-104,Smart Edge Gateway,Hardware,South,1,1800,1838.0,950,888.0,213.55,CUST-136,Growth SMB,Low
TX-13655,2026-08-16,PROD-105,Strategic BI Advisory,Advisory,North,1,12000,12264.75,4500,7764.75,1514.75,CUST-513,Growth SMB,Medium
TX-13656,2026-08-16,PROD-105,Strategic BI Advisory,Advisory,North,1,12000,12193.88,4500,7693.88,1335.86,CUST-116,At-Risk Midmarket,High
TX-13657,2026-08-16,PROD-106,Automated ETL Pipeline,Cloud Services,South,6,2900,18003.15,4200,13803.15,1802.56,CUST-184,New Startup,Low
TX-13658,2026-08-16,PROD-102,AI Analytics Engine Pro,Enterprise AI,South,1,8200,8409.54,2100,6309.54,728.5,CUST-441,Growth SMB,Medium
TX-13659,2026-08-16,PROD-103,Legacy Data Server V1,Hardware,West,1,3100,3070.23,2200,870.23,335.34,CUST-214,High-Value Enterprise,Low
TX-13660,2026-08-17,PROD-106,Automated ETL Pipeline,Cloud Services,East,1,2900,2829.77,700,2129.77,286.05,CUST-390,At-Risk Midmarket,High
TX-13661,2026-08-17,PROD-101,Stratos Enterprise Suite,Cloud Services,North,1,4500,4612.92,1200,3412.92,633.38,CUST-165,Growth SMB,Low
TX-13662,2026-08-17,PROD-105,Strategic BI Advisory,Advisory,South,1,12000,11731.28,4500,7231.28,1296.5,CUST-496,At-Risk Midmarket,High
TX-13663,2026-08-17,PROD-101,Stratos Enterprise Suite,Cloud Services,APAC,3,4500,12953.88,3600,9353.88,1458.93,CUST-943,At-Risk Midmarket,High
TX-13664,2026-08-18,PROD-101,Stratos Enterprise Suite,Cloud Services,East,1,4500,4724.42,1200,3524.42,606.43,CUST-888,High-Value Enterprise,Low
TX-13665,2026-08-18,PROD-105,Strategic BI Advisory,Advisory,APAC,1,12000,11549.25,4500,7049.25,1514.88,CUST-524,At-Risk Midmarket,High
TX-13666,2026-08-18,PROD-104,Smart Edge Gateway,Hardware,North,1,1800,1812.79,950,862.79,158.14,CUST-389,Growth SMB,Low
TX-13667,2026-08-18,PROD-105,Strategic BI Advisory,Advisory,EMEA,1,12000,12356.92,4500,7856.92,1504.68,CUST-282,Growth SMB,Low
TX-13668,2026-08-19,PROD-102,AI Analytics Engine Pro,Enterprise AI,South,3,8200,25264.13,6300,18964.13,3161.16,CUST-703,Growth SMB,Low
TX-13669,2026-08-19,PROD-101,Stratos Enterprise Suite,Cloud Services,East,2,4500,9422.25,2400,7022.25,772.04,CUST-219,At-Risk Midmarket,High
TX-13670,2026-08-19,PROD-105,Strategic BI Advisory,Advisory,North,1,12000,11472.42,4500,6972.42,1027.42,CUST-570,High-Value Enterprise,Low
TX-13671,2026-08-19,PROD-103,Legacy Data Server V1,Hardware,East,1,3100,3020.25,2200,820.25,345.86,CUST-613,New Startup,Low
TX-13672,2026-08-19,PROD-104,Smart Edge Gateway,Hardware,West,1,1800,1745.14,950,795.14,207.61,CUST-998,Growth SMB,Low
TX-13673,2026-08-19,PROD-104,Smart Edge Gateway,Hardware,APAC,1,1800,1729.76,950,779.76,222.71,CUST-537,At-Risk Midmarket,High
TX-13674,2026-08-20,PROD-102,AI Analytics Engine Pro,Enterprise AI,North,1,8200,8158.21,2100,6058.21,726.9,CUST-220,High-Value Enterprise,Medium
TX-13675,2026-08-20,PROD-103,Legacy Data Server V1,Hardware,Central,1,3100,3245.28,2200,1045.28,304.86,CUST-338,High-Value Enterprise,High
TX-13676,2026-08-20,PROD-105,Strategic BI Advisory,Advisory,North,1,12000,11896.79,4500,7396.79,1596.83,CUST-109,High-Value Enterprise,Low
TX-13677,2026-08-20,PROD-104,Smart Edge Gateway,Hardware,Central,5,1800,9389.24,4750,4639.24,964.23,CUST-887,New Startup,Medium
TX-13678,2026-08-21,PROD-106,Automated ETL Pipeline,Cloud Services,Central,3,2900,8998.47,2100,6898.47,767.69,CUST-349,High-Value Enterprise,Low
TX-13679,2026-08-21,PROD-101,Stratos Enterprise Suite,Cloud Services,West,1,4500,4307.84,1200,3107.84,496.44,CUST-813,Growth SMB,Low
TX-13680,2026-08-21,PROD-106,Automated ETL Pipeline,Cloud Services,EMEA,1,2900,2841.7,700,2141.7,274.3,CUST-479,Growth SMB,Medium
TX-13681,2026-08-21,PROD-106,Automated ETL Pipeline,Cloud Services,West,1,2900,2940.53,700,2240.53,255.85,CUST-989,At-Risk Midmarket,High
TX-13682,2026-08-21,PROD-106,Automated ETL Pipeline,Cloud Services,West,1,2900,2882.67,700,2182.67,263.25,CUST-628,At-Risk Midmarket,High
TX-13683,2026-08-21,PROD-102,AI Analytics Engine Pro,Enterprise AI,West,1,8200,7841.98,2100,5741.98,875.58,CUST-862,High-Value Enterprise,Low
TX-13684,2026-08-21,PROD-105,Strategic BI Advisory,Advisory,South,1,12000,12198.35,4500,7698.35,1701.41,CUST-634,High-Value Enterprise,Low
TX-13685,2026-08-22,PROD-104,Smart Edge Gateway,Hardware,South,5,1800,9300.89,4750,4550.89,957.31,CUST-524,New Startup,Low
TX-13686,2026-08-22,PROD-103,Legacy Data Server V1,Hardware,Central,1,3100,3168.59,2200,968.59,332.13,CUST-934,Growth SMB,High
TX-13687,2026-08-22,PROD-101,Stratos Enterprise Suite,Cloud Services,APAC,1,4500,4521.38,1200,3321.38,410.81,CUST-738,Growth SMB,Low
TX-13688,2026-08-22,PROD-105,Strategic BI Advisory,Advisory,South,1,12000,11742.36,4500,7242.36,1498.92,CUST-522,Growth SMB,Low
TX-13689,2026-08-22,PROD-102,AI Analytics Engine Pro,Enterprise AI,East,1,8200,8395.38,2100,6295.38,705.34,CUST-388,Growth SMB,Low
TX-13690,2026-08-23,PROD-106,Automated ETL Pipeline,Cloud Services,West,2,2900,5817.46,1400,4417.46,512.75,CUST-310,Growth SMB,Low
TX-13691,2026-08-23,PROD-106,Automated ETL Pipeline,Cloud Services,West,1,2900,2977.19,700,2277.19,293.69,CUST-720,At-Risk Midmarket,High
TX-13692,2026-08-23,PROD-102,AI Analytics Engine Pro,Enterprise AI,South,2,8200,16644.72,4200,12444.72,1942.36,CUST-821,New Startup,Low
TX-13693,2026-08-23,PROD-104,Smart Edge Gateway,Hardware,APAC,1,1800,1845.58,950,895.58,211.14,CUST-303,High-Value Enterprise,Medium
TX-13694,2026-08-24,PROD-101,Stratos Enterprise Suite,Cloud Services,West,2,4500,9213.95,2400,6813.95,751.16,CUST-121,High-Value Enterprise,Low
TX-13695,2026-08-24,PROD-103,Legacy Data Server V1,Hardware,South,1,3100,3094.57,2200,894.57,298.03,CUST-997,High-Value Enterprise,Low
TX-13696,2026-08-24,PROD-101,Stratos Enterprise Suite,Cloud Services,North,1,4500,4565.99,1200,3365.99,607.52,CUST-297,Growth SMB,Low
TX-13697,2026-08-25,PROD-102,AI Analytics Engine Pro,Enterprise AI,North,2,8200,17074.42,4200,12874.42,2079.29,CUST-936,High-Value Enterprise,Low
TX-13698,2026-08-25,PROD-101,Stratos Enterprise Suite,Cloud Services,West,1,4500,4639.96,1200,3439.96,632.2,CUST-621,At-Risk Midmarket,High
TX-13699,2026-08-25,PROD-101,Stratos Enterprise Suite,Cloud Services,South,2,4500,8744.22,2400,6344.22,1196.53,CUST-418,Growth SMB,Low
TX-13700,2026-08-26,PROD-103,Legacy Data Server V1,Hardware,West,1,3100,3192.97,2200,992.97,418.47,CUST-156,At-Risk Midmarket,High
TX-13701,2026-08-26,PROD-105,Strategic BI Advisory,Advisory,West,1,12000,11486.72,4500,6986.72,1357.3,CUST-453,Growth SMB,Low
TX-13702,2026-08-26,PROD-101,Stratos Enterprise Suite,Cloud Services,East,1,4500,4288.04,1200,3088.04,517.2,CUST-417,At-Risk Midmarket,High
TX-13703,2026-08-26,PROD-101,Stratos Enterprise Suite,Cloud Services,North,1,4500,4391.08,1200,3191.08,440.54,CUST-958,Growth SMB,Low
TX-13704,2026-08-26,PROD-101,Stratos Enterprise Suite,Cloud Services,APAC,1,4500,4434.26,1200,3234.26,440.19,CUST-245,High-Value Enterprise,Low
TX-13705,2026-08-26,PROD-101,Stratos Enterprise Suite,Cloud Services,West,1,4500,4697.79,1200,3497.79,473.31,CUST-250,Growth SMB,Medium
TX-13706,2026-08-27,PROD-104,Smart Edge Gateway,Hardware,North,2,1800,3743.49,1900,1843.49,351.3,CUST-768,High-Value Enterprise,Medium
TX-13707,2026-08-27,PROD-104,Smart Edge Gateway,Hardware,Central,1,1800,1805.12,950,855.12,215.2,CUST-283,At-Risk Midmarket,High
TX-13708,2026-08-27,PROD-101,Stratos Enterprise Suite,Cloud Services,East,1,4500,4424.74,1200,3224.74,529.68,CUST-542,New Startup,Low
TX-13709,2026-08-27,PROD-105,Strategic BI Advisory,Advisory,North,1,12000,11651.89,4500,7151.89,1361.73,CUST-537,New Startup,Low
TX-13710,2026-08-28,PROD-101,Stratos Enterprise Suite,Cloud Services,East,1,4500,4652.18,1200,3452.18,651.22,CUST-429,Growth SMB,Low
TX-13711,2026-08-28,PROD-103,Legacy Data Server V1,Hardware,APAC,1,3100,3179.37,2200,979.37,298.0,CUST-480,New Startup,High
TX-13712,2026-08-28,PROD-106,Automated ETL Pipeline,Cloud Services,West,2,2900,5824.67,1400,4424.67,767.7,CUST-828,High-Value Enterprise,Low
TX-13713,2026-08-28,PROD-103,Legacy Data Server V1,Hardware,North,1,3100,2976.38,2200,776.38,306.51,CUST-965,High-Value Enterprise,High
TX-13714,2026-08-28,PROD-105,Strategic BI Advisory,Advisory,East,1,12000,11459.87,4500,6959.87,1083.77,CUST-333,High-Value Enterprise,Low
TX-13715,2026-08-28,PROD-102,AI Analytics Engine Pro,Enterprise AI,Central,1,8200,7841.37,2100,5741.37,939.0,CUST-918,High-Value Enterprise,Medium
TX-13716,2026-08-29,PROD-105,Strategic BI Advisory,Advisory,North,1,12000,11588.88,4500,7088.88,1521.29,CUST-383,High-Value Enterprise,Low
TX-13717,2026-08-29,PROD-106,Automated ETL Pipeline,Cloud Services,APAC,3,2900,9009.89,2100,6909.89,736.11,CUST-612,New Startup,Low
TX-13718,2026-08-29,PROD-101,Stratos Enterprise Suite,Cloud Services,South,2,4500,9379.49,2400,6979.49,1123.48,CUST-445,Growth SMB,Low
TX-13719,2026-08-29,PROD-104,Smart Edge Gateway,Hardware,West,1,1800,1880.28,950,930.28,169.1,CUST-448,At-Risk Midmarket,High
TX-13720,2026-08-29,PROD-101,Stratos Enterprise Suite,Cloud Services,West,2,4500,9217.09,2400,6817.09,863.85,CUST-241,At-Risk Midmarket,High
TX-13721,2026-08-29,PROD-102,AI Analytics Engine Pro,Enterprise AI,East,1,8200,8579.89,2100,6479.89,1192.43,CUST-233,Growth SMB,Low
TX-13722,2026-08-30,PROD-106,Automated ETL Pipeline,Cloud Services,West,1,2900,2923.43,700,2223.43,302.22,CUST-294,Growth SMB,Low
TX-13723,2026-08-30,PROD-101,Stratos Enterprise Suite,Cloud Services,APAC,3,4500,13846.69,3600,10246.69,1361.46,CUST-677,Growth SMB,Low
TX-13724,2026-08-30,PROD-102,AI Analytics Engine Pro,Enterprise AI,EMEA,1,8200,8338.54,2100,6238.54,1147.43,CUST-419,Growth SMB,Medium
TX-13725,2026-08-31,PROD-106,Automated ETL Pipeline,Cloud Services,North,1,2900,3032.06,700,2332.06,333.12,CUST-303,High-Value Enterprise,Low
TX-13726,2026-08-31,PROD-106,Automated ETL Pipeline,Cloud Services,East,3,2900,8742.08,2100,6642.08,1157.88,CUST-982,At-Risk Midmarket,High
TX-13727,2026-08-31,PROD-101,Stratos Enterprise Suite,Cloud Services,North,1,4500,4316.78,1200,3116.78,417.54,CUST-125,At-Risk Midmarket,High
TX-13728,2026-08-31,PROD-103,Legacy Data Server V1,Hardware,East,1,3100,2983.21,2200,783.21,240.68,CUST-793,Growth SMB,Low
TX-13729,2026-08-31,PROD-106,Automated ETL Pipeline,Cloud Services,North,1,2900,2757.71,700,2057.71,269.6,CUST-909,High-Value Enterprise,Low
TX-13730,2026-08-31,PROD-105,Strategic BI Advisory,Advisory,North,1,12000,11872.51,4500,7372.51,1047.82,CUST-481,Growth SMB,Medium
